49000001,"Avenida Silvério Leite Fontes, lado ímpar",Zona de Expansão (Aruana),521,25
49000004,Via Formosa (Cond Sta Felicidade),Zona de Expansão (Aruana),521,25
49000007,Via Bela (Cond Sta Felicidade),Zona de Expansão (Aruana),521,25
49000010,Via Clara (Cond Sta Felicidade),Zona de Expansão (Aruana),521,25
49000013,"Rodovia dos Náufragos, até 99999 - lado ímpar",Zona de Expansão (Aruana),521,25
49000016,"Rodovia dos Náufragos, até 99998 - lado par",Zona de Expansão (Aruana),521,25
49000170,Rua Doutor José Maria Rodrigues Santos,Zona de Expansão (Aruana),521,25
49000173,Rua Antônio Oliveira Freire Piuga,Zona de Expansão (Aruana),521,25
49000179,Rua Manoel Messias Melo,Zona de Expansão (Aruana),521,25
49000185,Rua Ariosvaldo Menezes Santos,Zona de Expansão (Aruana),521,25
49000188,Rua César Macieira,Zona de Expansão (Aruana),521,25
49000194,Rua Sargento José Valença Santos Leite,Zona de Expansão (Aruana),521,25
49000197,Rua Maria de Lourdes Santos,Zona de Expansão (Aruana),521,25
49000200,Rua D2 (Prq Aruanda),Zona de Expansão (Aruana),521,25
49000203,Rua Evaldo Campos Júnior,Zona de Expansão (Aruana),521,25
49000209,Rua Luiz Leite Monteiro de Oliveira,Zona de Expansão (Aruana),521,25
49000212,Rua Manoel Espinheira Fonseca,Zona de Expansão (Aruana),521,25
49000215,Rua Gonçalves Panza,Zona de Expansão (Aruana),521,25
49000221,Rua Odilon Gonçalves da Silveira,Zona de Expansão (Aruana),521,25
49000224,Rua Itabyra Marques de Barros,Zona de Expansão (Aruana),521,25
49000227,Rua Mirian de Oliveira Linhares,Zona de Expansão (Aruana),521,25
49000230,Rua Acadêmica Núbia Marques,Zona de Expansão (Aruana),521,25
49000236,Rua Maria Genelícia Bomfim Costa,Zona de Expansão (Aruana),521,25
49000239,Rua Doutor Silvio Cabral de Santana,Zona de Expansão (Aruana),521,25
49000290,Rua Francisco Roque dos Santos (Lot Jatiuca),Zona de Expansão (Aruana),521,25
49000293,Rua B (Lot Jatiuca),Zona de Expansão (Aruana),521,25
49000299,Rua C (Lot Jatiuca),Zona de Expansão (Aruana),521,25
49000302,Rua Maria da Glória Cruz,Zona de Expansão (Aruana),521,25
49000305,Rua A (Lot Jd Costa Mar),Zona de Expansão (Aruana),521,25
49000308,Rua B (Lot Jd Costa Mar),Zona de Expansão (Aruana),521,25
49000311,Rua C (Lot Jd Costa Mar),Zona de Expansão (Aruana),521,25
49000314,Rua D (Lot Jd Costa Mar),Zona de Expansão (Aruana),521,25
49000317,Rua E (Lot Jd Costa Mar),Zona de Expansão (Aruana),521,25
49000320,Rua F (Lot Jd Costa Mar),Zona de Expansão (Aruana),521,25
49000323,Rua Projetada (Cond Alameda do Sol),Zona de Expansão (Aruana),521,25
49000384,Avenida Coronel Renir Reis Damaceno,Zona de Expansão (Aruana),521,25
49000387,Rua Maria Ramos Mendonça (Cj Brisa Mar),Zona de Expansão (Aruana),521,25
49000393,Rua Adalberto Fonseca (Cj Brisa Mar),Zona de Expansão (Aruana),521,25
49000396,Rua Dois (Res Laguna Vila),Zona de Expansão (Aruana),521,25
49000399,Rua Três (Res Vl dos Bosques),Zona de Expansão (Aruana),521,25
49000447,Avenida Orlando Tavares Macedo,Zona de Expansão (Aruana),521,25
49000450,Rua B (Lot Aquarius),Zona de Expansão (Aruana),521,25
49000453,Rua C (Lot Aquarius),Zona de Expansão (Aruana),521,25
49000456,Rua João Felipe da Silva,Zona de Expansão (Aruana),521,25
49000459,Rua E (Lot Aquarius),Zona de Expansão (Aruana),521,25
49000462,Rua Arquiteto Oscar Niemeyer,Zona de Expansão (Aruana),521,25
49000465,Rua G (Lot Aquarius),Zona de Expansão (Aruana),521,25
49000468,Rua H (Lot Aquarius),Zona de Expansão (Aruana),521,25
49000471,Rua K (Lot Aquarius),Zona de Expansão (Aruana),521,25
49000474,Rua Diácono José Aloísio Menezes,Zona de Expansão (Aruana),521,25
49000477,Rua I (Lot Aquarius),Zona de Expansão (Aruana),521,25
49000480,Rua Y (Lot Aquarius),Zona de Expansão (Aruana),521,25
49000483,Rua L (Lot Aquarius),Zona de Expansão (Aruana),521,25
49000486,Rua M (Lot Aquarius),Zona de Expansão (Aruana),521,25
49000489,Rua Sérgio Galindo Pinto (Cj Brisa Mar),Zona de Expansão (Aruana),521,25
49000492,Rua Aline Santos França (Cj Brisa Mar),Zona de Expansão (Aruana),521,25
49000495,Rua Humberto Levita (Cj Brisa Mar),Zona de Expansão (Aruana),521,25
49000498,Rua Prefeito Gileno da Silveira Lima (Cj Brisa Mar),Zona de Expansão (Aruana),521,25
49000501,Rua José Valdir Ferreira Lira (Cj Brisa Mar),Zona de Expansão (Aruana),521,25
49000504,Rua Cantor Ismar Barreto Dória (Cj Brisa Mar),Zona de Expansão (Aruana),521,25
49000507,Rua Deuzinha Vieira (Cj Brisa Mar),Zona de Expansão (Aruana),521,25
49000510,Rua Luiz Augusto Barreto (Cj Brisa Mar),Zona de Expansão (Aruana),521,25
49000513,Rua O (Cj Brisa Mar),Zona de Expansão (Aruana),521,25
49000516,Rua Maria de Lourdes Papa Martins (Cj Brisa Mar),Zona de Expansão (Aruana),521,25
49000519,Rua Raimundo Moura (Cj Brisa Mar),Zona de Expansão (Aruana),521,25
49000560,Avenida José Vicente de Almeida,Zona de Expansão (Aruana),521,25
49000584,Rua B (Lot Pto Sul),Zona de Expansão (Aruana),521,25
49000587,Rua F (Lot Pto Sul),Zona de Expansão (Aruana),521,25
49000590,Rua C (Lot Pto Sul),Zona de Expansão (Aruana),521,25
49000593,Rua D (Lot Pto Sul),Zona de Expansão (Aruana),521,25
49000596,Rua Eliza Correia Oliveira,Zona de Expansão (Aruana),521,25
49000599,Rua G (Lot Pto Sul),Zona de Expansão (Aruana),521,25
49000602,Avenida Praia de Aruanda (Res Aruanda Pr Mar),Zona de Expansão (Aruana),521,25
49000605,Rua Praia do Robalo (Res Aruanda Pr Mar),Zona de Expansão (Aruana),521,25
49000608,Rua Praia do Jatobá (Res Aruanda Pr Mar),Zona de Expansão (Aruana),521,25
49000611,Rua Praia dos Abaís (Res Aruanda Pr Mar),Zona de Expansão (Aruana),521,25
49000614,Rua Praia dos Artistas (Res Aruanda Pr Mar),Zona de Expansão (Aruana),521,25
49000617,Rua Praia de Atalaia (Res Aruanda Pr Mar),Zona de Expansão (Aruana),521,25
49000620,Rua Praia de Atalaia Nova (Res Aruanda Pr Mar),Zona de Expansão (Aruana),521,25
49000623,Rua Cinco (Cond Cam dos lagos),Zona de Expansão (Aruana),521,25
49000626,Rua Maria Vasconcelos de Andrade (Res Aruanda Pr Mar),Zona de Expansão (Aruana),521,25
49000629,Avenida Canal 2,Zona de Expansão (Aruana),521,25
49000632,Rua Um (Res Aruanda Pr Mar II),Zona de Expansão (Aruana),521,25
49000635,Rua Dois (Res Aruanda Pr Mar II),Zona de Expansão (Aruana),521,25
49000638,Rua Três (Res Aruanda Pr Mar II),Zona de Expansão (Aruana),521,25
49000641,Rua Quatro (Res Aruanda Pr Mar II),Zona de Expansão (Aruana),521,25
49000644,Rua Cinco (Res Aruanda Pr Mar II),Zona de Expansão (Aruana),521,25
49000686,Rua D (Cj Franco Freire I),Zona de Expansão (Aruana),521,25
49000689,Rua C (Cj Franco Freire I),Zona de Expansão (Aruana),521,25
49000692,Rua B (Cj Franco Freire I),Zona de Expansão (Aruana),521,25
49000695,Rua A (Cj Franco Freire I),Zona de Expansão (Aruana),521,25
49000698,Rua P (Cj Franco Freire II),Zona de Expansão (Aruana),521,25
49000701,Rua E (Cj Franco Freire I),Zona de Expansão (Aruana),521,25
49000704,Rua F (Cj Franco Freire I),Zona de Expansão (Aruana),521,25
49000707,Rua G (Cj Franco Freire I),Zona de Expansão (Aruana),521,25
49000710,Rua P (Res Sta Maria),Zona de Expansão (Aruana),521,25
49000713,Rua E (Res Sta Maria),Zona de Expansão (Aruana),521,25
49000716,Rua G (Res Sta Maria),Zona de Expansão (Aruana),521,25
49000719,Rua José Félix Santana (Res Sta Maria),Zona de Expansão (Aruana),521,25
49000722,Rua O (Res Sta Maria),Zona de Expansão (Aruana),521,25
49000753,Rua I (Res Solar I),Zona de Expansão (Aruana),521,25
49000759,Rua João Henrique Meneses Fonseca,Zona de Expansão (Aruana),521,25
49000762,Rua F (Res Solar I),Zona de Expansão (Aruana),521,25
49000765,Rua Gilma Moraes Amaral (Res Vl Verde),Zona de Expansão (Aruana),521,25
49000768,Rua C (Res Vl Verde),Zona de Expansão (Aruana),521,25
49000771,Rua G (Res Solar II),Zona de Expansão (Aruana),521,25
49000774,Rua H (Res Solar II),Zona de Expansão (Aruana),521,25
49000777,Rua G (Res Salinas),Zona de Expansão (Aruana),521,25
49000780,Rua H (Res Salinas),Zona de Expansão (Aruana),521,25
49000783,Rua K (Res Salinas),Zona de Expansão (Aruana),521,25
49000786,Rua L (Res Salinas),Zona de Expansão (Aruana),521,25
49000789,Rua G (Res Laguna),Zona de Expansão (Aruana),521,25
49000792,Rua H (Res Laguna),Zona de Expansão (Aruana),521,25
49000795,Rua F (Res Laguna),Zona de Expansão (Aruana),521,25
49000798,Rua Santa Paulina do Coração Agonizante de Jesus (Cj Mirassol),Zona de Expansão (Aruana),521,25
49000801,Rua Sargento José Milton da Cruz (Cj Mirassol),Zona de Expansão (Aruana),521,25
49000804,Rua E (Cj Mirassol),Zona de Expansão (Aruana),521,25
49000807,Rua F (Cj Mirassol),Zona de Expansão (Aruana),521,25
49000810,Rua Everaldo Gonçalves da Silva (Res Vl Verde),Zona de Expansão (Aruana),521,25
49000813,Rua F (Res Vl Verde II),Zona de Expansão (Aruana),521,25
49000840,Rua H (Cj Franco Freire I),Zona de Expansão (Aruana),521,25
49000843,Rua K (Cj Franco Freire II),Zona de Expansão (Aruana),521,25
49000846,Rua L (Cj Franco Freire II),Zona de Expansão (Aruana),521,25
49000849,Rua M (Cj Franco Freire II),Zona de Expansão (Aruana),521,25
49000852,Rua N (Cj Franco Freire II),Zona de Expansão (Aruana),521,25
49000855,Rua O (Cj Franco Freire II),Zona de Expansão (Aruana),521,25
49000861,Rua Existente (Cj Franco Freire),Zona de Expansão (Aruana),521,25
49000864,Rua I (Cj Franco Freire II),Zona de Expansão (Aruana),521,25
49001000,Rua T (Lot Aquarius II),Zona de Expansão (Aruana),521,25
49001003,Rua Hercílio Francisco da Silva,Zona de Expansão (Aruana),521,25
49001006,Rua P (Lot Aquarius II),Zona de Expansão (Aruana),521,25
49001009,Rua Q (Lot Aquarius II),Zona de Expansão (Aruana),521,25
49001012,Rua R (Lot Aquarius II),Zona de Expansão (Aruana),521,25
49001015,Rua S (Lot Aquarius II),Zona de Expansão (Aruana),521,25
49001018,Rua U (Lot Aquarius II),Zona de Expansão (Aruana),521,25
49001021,Rua T1 (Lot Aquarius II),Zona de Expansão (Aruana),521,25
49001024,Rua V (Lot Aquarius II),Zona de Expansão (Aruana),521,25
49001027,Rua W (Lot Aquarius II),Zona de Expansão (Aruana),521,25
49001030,Rua X (Lot Aquarius II),Zona de Expansão (Aruana),521,25
49001033,Rua Y (Lot Aquarius II),Zona de Expansão (Aruana),521,25
49001036,Rua A1 (Lot Aquarius II),Zona de Expansão (Aruana),521,25
49001039,Rua B1 (Lot Aquarius II),Zona de Expansão (Aruana),521,25
49001042,Rua Z (Lot Aquarius II),Zona de Expansão (Aruana),521,25
49001045,Rua N (Lot Aquarius II),Zona de Expansão (Aruana),521,25
49001048,Rua B (Lot El Dourado),Zona de Expansão (Aruana),521,25
49001051,Rua C (Lot El Dourado),Zona de Expansão (Aruana),521,25
49001054,Rua D (Lot El Dourado),Zona de Expansão (Aruana),521,25
49001057,Rua E (Lot El Dourado),Zona de Expansão (Aruana),521,25
49001060,Rua F (Lot El Dourado),Zona de Expansão (Aruana),521,25
49001063,Rua G (Lot El Dourado),Zona de Expansão (Aruana),521,25
49001069,Rua I (Lot El Dourado),Zona de Expansão (Aruana),521,25
49001072,Rua J (Lot El Dourado),Zona de Expansão (Aruana),521,25
49001075,Rua L (Lot El Dourado),Zona de Expansão (Aruana),521,25
49001078,Rua Valmir Soares Bezerra (Cj Horto Carvalho I),Zona de Expansão (Aruana),521,25
49001081,Rua C (Cj Horto Carvalho I),Zona de Expansão (Aruana),521,25
49001084,Avenida Rubens Sabino Ribeiro Chaves (Cj Horto Carvalho I),Zona de Expansão (Aruana),521,25
49001087,Rua João Dias Moraes (Cj Horto Carvalho I),Zona de Expansão (Aruana),521,25
49001090,Rua D (Cj Horto Carvalho I),Zona de Expansão (Aruana),521,25
49001093,Rua Dois (Lot Costa Verde I),Zona de Expansão (Aruana),521,25
49001096,Rua A (Lot Costa Verde),Zona de Expansão (Aruana),521,25
49001099,Rua B (Lot Costa Verde),Zona de Expansão (Aruana),521,25
49001102,Rua C (Lot Costa Verde I),Zona de Expansão (Aruana),521,25
49001105,Rua D (Lot Costa Verde I),Zona de Expansão (Aruana),521,25
49001108,Rua E (Lot Costa Verde I),Zona de Expansão (Aruana),521,25
49001111,Rua F (Lot Costa Verde I),Zona de Expansão (Aruana),521,25
49001114,Rua G (Lot Costa Verde I),Zona de Expansão (Aruana),521,25
49001117,Rua H (Lot Costa Verde I),Zona de Expansão (Aruana),521,25
49001120,Rua Um (Lot Costa Verde I),Zona de Expansão (Aruana),521,25
49001123,Rua A (Res Pto Mar I),Zona de Expansão (Aruana),521,25
49001126,Rua B (Res Pto Mar I),Zona de Expansão (Aruana),521,25
49001129,Rua C (Res Pto Mar I),Zona de Expansão (Aruana),521,25
49001132,Rua D (Res Pto Mar I),Zona de Expansão (Aruana),521,25
49001135,Rua E (Res Pto Mar I),Zona de Expansão (Aruana),521,25
49001138,Rua Dois (Cj Costa Nova II),Zona de Expansão (Aruana),521,25
49001141,Rua Três (Cj Costa Nova II),Zona de Expansão (Aruana),521,25
49001144,Rua Quatro (Cj Costa Nova II),Zona de Expansão (Aruana),521,25
49001147,Rua Seis (Cj Costa Nova II),Zona de Expansão (Aruana),521,25
49001150,Rua Sete (Cj Costa Nova II),Zona de Expansão (Aruana),521,25
49001153,Rua Treze (Cj Costa Nova II),Zona de Expansão (Aruana),521,25
49001156,Rua João Batista Figueiredo (Cj Costa Nova II),Zona de Expansão (Aruana),521,25
49001159,Rua José Invenção da Cruz (Cj Costa Nova II),Zona de Expansão (Aruana),521,25
49001162,Rua Professora Maria Terezinha Pinto Siqueira (Cj Costa Nova II),Zona de Expansão (Aruana),521,25
49001165,Rua Um (Cj Costa Nova I),Zona de Expansão (Aruana),521,25
49001168,Rua Adalgisa de Oliveira,Zona de Expansão (Aruana),521,25
49001171,Rua Expedicionário Lourival Silva,Zona de Expansão (Aruana),521,25
49001174,Rua Quatro (Cj Costa Nova I),Zona de Expansão (Aruana),521,25
49001177,Rua Cinco (Cj Costa Nova I),Zona de Expansão (Aruana),521,25
49001180,Rua Pedro Alcântara Braz,Zona de Expansão (Aruana),521,25
49001183,Rua Oito (Cj Costa Nova I),Zona de Expansão (Aruana),521,25
49001186,Rua Quatorze (Cj Costa Nova I),Zona de Expansão (Aruana),521,25
49001189,Rua Quinze (Cj Costa Nova I),Zona de Expansão (Aruana),521,25
49001192,Rua Radialista J Santos,Zona de Expansão (Aruana),521,25
49001195,Rua Dezoito (Cj Costa Nova I),Zona de Expansão (Aruana),521,25
49001198,Rua Existente (Cj Costa Nova I),Zona de Expansão (Aruana),521,25
49001201,Rua Nove (Cj Costa Nova I),Zona de Expansão (Aruana),521,25
49001204,Rua Nove (Cj Costa Nova III),Zona de Expansão (Aruana),521,25
49001207,Rua Dez (Cj Costa Nova III),Zona de Expansão (Aruana),521,25
49001210,Rua Marinete Araújo Mendonça,Zona de Expansão (Aruana),521,25
49001213,Rua José Mário de Campos,Zona de Expansão (Aruana),521,25
49001216,Rua Seis (Cj Costa Nova III),Zona de Expansão (Aruana),521,25
49001219,Rua Ex-Combatente João Pereira dos Santos,Zona de Expansão (Aruana),521,25
49001222,Avenida Coronel Tadeu Cruz,Zona de Expansão (Aruana),521,25
49001225,Rua Dois (Cj Costa Nova IV),Zona de Expansão (Aruana),521,25
49001228,Rua Nestor Souza Braz,Zona de Expansão (Aruana),521,25
49001231,Rua Cinco (Cj Costa Nova IV),Zona de Expansão (Aruana),521,25
49001234,Rua Doze (Cj Costa Nova IV),Zona de Expansão (Aruana),521,25
49001237,Rua Hilma Moraes Menezes,Zona de Expansão (Aruana),521,25
49001240,Rua Professor José Carlos de Oliveira,Zona de Expansão (Aruana),521,25
49001243,Rua Flodualdo Vieira Moura,Zona de Expansão (Aruana),521,25
49001246,Rua J (Res Pto Mar II),Zona de Expansão (Aruana),521,25
49001249,Rua M (Res Pto Mar II),Zona de Expansão (Aruana),521,25
49001252,Rua Benigina da Paixão Moraes,Zona de Expansão (Aruana),521,25
49001255,Rua I (Res Pto Mar II),Zona de Expansão (Aruana),521,25
49001258,Rua H (Res Pto Mar II),Zona de Expansão (Aruana),521,25
49001261,Rua G (Res Pto Mar II),Zona de Expansão (Aruana),521,25
49001267,Rua F (Res Pto Mar I),Zona de Expansão (Aruana),521,25
49001270,Rua O (Lot Costa Verde II),Zona de Expansão (Aruana),521,25
49001273,Rua P (Lot Costa Verde II),Zona de Expansão (Aruana),521,25
49001276,Rua Q (Lot Costa Verde II),Zona de Expansão (Aruana),521,25
49001279,Rua N (Lot Costa Verde II),Zona de Expansão (Aruana),521,25
49001282,Rua M (Lot Costa Verde II),Zona de Expansão (Aruana),521,25
49001285,Rua L (Lot Costa Verde II),Zona de Expansão (Aruana),521,25
49001288,Rua J (Lot Costa Verde II),Zona de Expansão (Aruana),521,25
49001291,Rua I (Lot Costa Verde II),Zona de Expansão (Aruana),521,25
49001320,Rua Joaquim Batista Pacheco,Zona de Expansão (Aruana),521,25
49001326,Rua Maria Sinole Santos,Zona de Expansão (Aruana),521,25
49001329,Rua I (Cj Horto Carvalho II),Zona de Expansão (Aruana),521,25
49001332,Rua H (Cj Horto Carvalho II),Zona de Expansão (Aruana),521,25
49001335,Rua F (Cj Horto Carvalho II),Zona de Expansão (Aruana),521,25
49001338,Rua G (Cj Horto Carvalho II),Zona de Expansão (Aruana),521,25
49001341,Rua E (Cj Horto Carvalho II),Zona de Expansão (Aruana),521,25
49001344,Rua D1 (Res Águas Belas),Zona de Expansão (Aruana),521,25
49001347,Rua C1 (Res Águas Belas),Zona de Expansão (Aruana),521,25
49001350,Rua E (Res Águas Belas),Zona de Expansão (Aruana),521,25
49001353,Rua A (Res Águas Belas),Zona de Expansão (Aruana),521,25
49001356,Rua B (Res Águas Belas),Zona de Expansão (Aruana),521,25
49001359,Rua Ortêncio Vieira de Melo,Zona de Expansão (Aruana),521,25
49001362,Rua D (Res Águas Belas),Zona de Expansão (Aruana),521,25
49001365,Rua Professor Jorge Luiz Trindade dos Santos,Zona de Expansão (Aruana),521,25
49001368,Rua Professora Maria Eulina de Carvalho Batista,Zona de Expansão (Aruana),521,25
49001371,Rua Existente (Res Águas Belas),Zona de Expansão (Aruana),521,25
49001374,"Rodovia Inácio Barbosa, até 99999 - lado ímpar",Zona de Expansão (Aruana),521,25
49001377,"Rodovia Inácio Barbosa, até 99998 - lado par",Zona de Expansão (Aruana),521,25
49003160,"Avenida José Rodrigues Sobrinho (Bloco 2), lado par",17 de Março,521,25
49003163,Rua Promotora Maria Zita Pires,17 de Março,521,25
49003166,Acesso Dezoito (Bloco 2),17 de Março,521,25
49003169,Acesso Vinte (Bloco 2),17 de Março,521,25
49003172,Acesso Vinte e Três (Bloco 2),17 de Março,521,25
49003175,Acesso Vinte e Oito (Bloco 2),17 de Março,521,25
49003178,Acesso Trinta (Bloco 2),17 de Março,521,25
49003181,Acesso Quinze (Bloco 2),17 de Março,521,25
49003184,Rua Promotor Aluisio Barbosa Porto,17 de Março,521,25
49003193,Rua Promotora Maria Aparecida dos Santos,17 de Março,521,25
49003196,Acesso Vinte e Seis (Bloco 2),17 de Março,521,25
49003199,Rua Promotora Maria da Conceição Ribeiro,17 de Março,521,25
49003202,Acesso Vinte e Um (Bloco 2),17 de Março,521,25
49003205,Acesso Dezessete (Bloco 2),17 de Março,521,25
49003208,Acesso Quatorze (Bloco 2),17 de Março,521,25
49003211,Acesso Dez (Bloco 2),17 de Março,521,25
49003214,Rua Promotora Maria José Pizzi de Menezes Moreira,17 de Março,521,25
49003217,Rua Promotor Fernando Barreto Nunes,17 de Março,521,25
49003220,"Avenida Luiz Carlos Prestes, até 520 - lado par",17 de Março,521,25
49003223,Rua Promotor José Luiz Melo,17 de Março,521,25
49003226,Rua Promotor José Gomes de Andrade,17 de Março,521,25
49003229,Rua Promotora Maria Anamira Amado Batalha Neta,17 de Março,521,25
49003232,"Avenida João Batista Costa, até 615 - lado ímpar",17 de Março,521,25
49003235,Rua Promotor Carlos Augusto Garcez,17 de Março,521,25
49003238,Acesso Vinte e Cinco (Bloco 2),17 de Março,521,25
49003241,Rua Promotor Avante Amaral de Oliveira,17 de Março,521,25
49003247,Acesso Cinco (Bloco 2),17 de Março,521,25
49003250,Rua Promotor Paulo Moura,17 de Março,521,25
49003253,Rua Promotor Pedro Rubens dos Santos,17 de Março,521,25
49003256,Acesso Vinte e Dois (Bloco 2),17 de Março,521,25
49003259,Acesso Vinte e Sete (Bloco 2),17 de Março,521,25
49003262,"Avenida João Amazonas, lado ímpar",17 de Março,521,25
49003265,"Avenida João Amazonas, lado par",17 de Março,521,25
49003268,Acesso Quarenta e Um (Bloco 1),17 de Março,521,25
49003271,Acesso Trinta (Bloco 1),17 de Março,521,25
49003274,Acesso Vinte e Oito (Bloco 1),17 de Março,521,25
49003277,Rua Gilberto de Lima Azevedo Souza Ferreira Amado de Farias,17 de Março,521,25
49003280,Rua Nicolau Pungitori,17 de Março,521,25
49003283,Rua General Aristides Armínio Guaraná,17 de Março,521,25
49003286,Rua José Maria Gomes de Souza,17 de Março,521,25
49003289,Acesso Dezoito (Bloco 1),17 de Março,521,25
49003292,Acesso Dezenove (Bloco 1),17 de Março,521,25
49003295,Acesso Trinta e Sete (Bloco 1),17 de Março,521,25
49003298,Acesso Dezessete (Bloco 1),17 de Março,521,25
49003301,Acesso Dezesseis (Bloco 1),17 de Março,521,25
49003304,Acesso Trinta e Nove (Bloco 1),17 de Março,521,25
49003307,Acesso Quinze (Bloco 1),17 de Março,521,25
49003310,Rua José Sebrão de Carvalho,17 de Março,521,25
49003313,Rua Laudelino de Oliveira Freire,17 de Março,521,25
49003316,Acesso Nove (Bloco 1),17 de Março,521,25
49003319,Acesso Oito (Bloco 1),17 de Março,521,25
49003322,Rua Manoel Cabral Machado,17 de Março,521,25
49003325,Rua José Pinheiro Lobão,17 de Março,521,25
49003328,"Avenida João Batista Costa, de 751 ao fim - lado ímpar",17 de Março,521,25
49003331,Rua Doutor Felisbelo Firmino de Oliveira Freire,17 de Março,521,25
49003334,Rua Doutor Militino Pinto de Carvalho,17 de Março,521,25
49003337,Rua Epifânio Dória,17 de Março,521,25
49003340,Rua Engenheiro Sebastião Basílio Pirro,17 de Março,521,25
49003343,Rua Walter Mendonça,17 de Março,521,25
49003346,Acesso Dez (Bloco 1),17 de Março,521,25
49003349,Acesso Onze (Bloco 1),17 de Março,521,25
49003352,Rua João Batista Perez Garcia Moreno,17 de Março,521,25
49003355,Acesso Doze (Bloco 1),17 de Março,521,25
49003358,Rua Toney Makey do Nascimento Silva,17 de Março,521,25
49003361,Acesso Treze (Bloco 1),17 de Março,521,25
49003364,Acesso Quatorze (Bloco 1),17 de Março,521,25
49003367,Rua Abelardo Romero,17 de Março,521,25
49003370,Rua Eurico Luiz,17 de Março,521,25
49003373,Rua Desembargador Antônio Teixeira Fontes,17 de Março,521,25
49003376,"Avenida Apolônio de Carvalho, lado ímpar",17 de Março,521,25
49003379,Rua Eustáchio Pinto da Costa,17 de Março,521,25
49003382,Rua Jackson de Figueiredo Martins,17 de Março,521,25
49003385,Acesso Vinte e Três (Bloco 1),17 de Março,521,25
49003388,Rua Joaquim do Prado Sampaio Leite,17 de Março,521,25
49003391,Acesso Vinte e Cinco (Bloco 1),17 de Março,521,25
49003394,Rua Francisco Antônio de Carvalho Lima Junior,17 de Março,521,25
49003397,"Avenida Luiz Carlos Prestes, de 652 ao fim - lado par",17 de Março,521,25
49004000,"Rodovia dos Náufragos, de 1 a 99999 - lado ímpar",Zona de Expansão (Robalo),521,25
49004003,"Rodovia dos Náufragos, de 2 a 99998 - lado par",Zona de Expansão (Robalo),521,25
49004021,Rua João Mota dos Santos,Zona de Expansão (Robalo),521,25
49004024,Rua Professora Nair Siqueira de Menezes Costa,Zona de Expansão (Robalo),521,25
49004045,Rua Professora Miralda V dos Santos,Zona de Expansão (Robalo),521,25
49004048,Travessa Maria Djanira,Zona de Expansão (Robalo),521,25
49004051,Travessa Joana Ouro,Zona de Expansão (Robalo),521,25
49004054,Rua Um (Rec Chácaras),Zona de Expansão (Robalo),521,25
49004213,Estrada Aguachuma,Zona de Expansão (Robalo),521,25
49004216,Travessa São Francisco de Assis,Zona de Expansão (Robalo),521,25
49004222,Estrada Ouro Verde,Zona de Expansão (Robalo),521,25
49004225,Travessa Ouro Verde,Zona de Expansão (Robalo),521,25
49004258,Travessa KM 6,Zona de Expansão (Robalo),521,25
49004261,Estrada Três Porquinhos,Zona de Expansão (Robalo),521,25
49004264,Travessa Três Porquinhos I,Zona de Expansão (Robalo),521,25
49004267,Travessa Três Porquinhos II,Zona de Expansão (Robalo),521,25
49004270,Travessa Três Porquinhos III,Zona de Expansão (Robalo),521,25
49004273,Rua Alberto Dias de Matos,Zona de Expansão (Robalo),521,25
49004276,Rua Noela Weres de Vasconcelos,Zona de Expansão (Robalo),521,25
49004288,Rua das Araras,Zona de Expansão (Robalo),521,25
49004360,Rua B (Km 7),Zona de Expansão (Robalo),521,25
49004400,Rua A (Lot Beira-Mar),Zona de Expansão (Robalo),521,25
49004403,Estrada Santo Ângelo,Zona de Expansão (Robalo),521,25
49004406,Rua O (Lot Beira-Mar),Zona de Expansão (Robalo),521,25
49004412,Rua Maria Rosa Oliveira,Zona de Expansão (Robalo),521,25
49004415,Rua José Carlos de Almeida,Zona de Expansão (Robalo),521,25
49004418,Rua Professor Carlos Augusto dos Santos,Zona de Expansão (Robalo),521,25
49004421,Rua C (Lot Beira-Mar),Zona de Expansão (Robalo),521,25
49004424,Rua E (Lot Beira-Mar),Zona de Expansão (Robalo),521,25
49004427,Rua H (Lot Beira-Mar),Zona de Expansão (Robalo),521,25
49004433,Rua B (Rec das Praias),Zona de Expansão (Robalo),521,25
49004445,Rua C (Rec das Praias),Zona de Expansão (Robalo),521,25
49004448,Rua Canal (Lot Beira-Mar),Zona de Expansão (Robalo),521,25
49004451,Rua Manoel Joventino Chagas,Zona de Expansão (Robalo),521,25
49004457,Travessa João de Dino,Zona de Expansão (Robalo),521,25
49004460,Rua João Ribeiro de Almeida,Zona de Expansão (Robalo),521,25
49004463,Rua José da Vitória,Zona de Expansão (Robalo),521,25
49004472,Rua Wilson Oliveira de Jesus,Zona de Expansão (Robalo),521,25
49004475,Rua Cruzeiro do Sul,Zona de Expansão (Robalo),521,25
49004478,Travessa Manguesais,Zona de Expansão (Robalo),521,25
49004487,Rua Galdino Marques,Zona de Expansão (Robalo),521,25
49004490,Estrada Curva do Rio,Zona de Expansão (Robalo),521,25
49004493,Travessa Curva do Rio,Zona de Expansão (Robalo),521,25
49004496,Rua Curva do Rio I,Zona de Expansão (Robalo),521,25
49004499,Rua Curva do Rio II,Zona de Expansão (Robalo),521,25
49004502,Rua Curva do Rio III,Zona de Expansão (Robalo),521,25
49004505,Rua Curva do Rio IV,Zona de Expansão (Robalo),521,25
49004508,Rua Curva do Rio V,Zona de Expansão (Robalo),521,25
49004550,Rodovia Eduardo Cabral de Menezes,Zona de Expansão (Robalo),521,25
49004556,Travessa do Barriquinha (Pov S José),Zona de Expansão (Robalo),521,25
49004559,Travessa Santa Isabel (Pov S José),Zona de Expansão (Robalo),521,25
49004562,Travessa Santa Terezinha (Pov S José),Zona de Expansão (Robalo),521,25
49004565,Travessa São Pedro (Pov S José),Zona de Expansão (Robalo),521,25
49004568,Travessa Alexandre M Moraes (Pov S José),Zona de Expansão (Robalo),521,25
49004571,Travessa Beira Rio (Pov S José),Zona de Expansão (Robalo),521,25
49004574,Travessa São Miguel (Pov S José),Zona de Expansão (Robalo),521,25
49004577,Rua A (Lot Solares),Zona de Expansão (Robalo),521,25
49004580,Rua C (Lot Solares),Zona de Expansão (Robalo),521,25
49004583,Rua D (Lot Solares),Zona de Expansão (Robalo),521,25
49004586,Rua B (Lot Solares),Zona de Expansão (Robalo),521,25
49004589,Travessa Poço Verde (Pov S José),Zona de Expansão (Robalo),521,25
49004592,Travessa Lisboa (Pov S José),Zona de Expansão (Robalo),521,25
49004601,Travessa João Ribeiro de Almeida,Zona de Expansão (Robalo),521,25
49004662,Travessa São Vicente,Zona de Expansão (Robalo),521,25
49004700,Rua Professor José Américo Batista Cardoso,Zona de Expansão (Robalo),521,25
49004703,Rua H (Lot Pr do Refúgio),Zona de Expansão (Robalo),521,25
49004706,Rua Roque José de Souza,Zona de Expansão (Robalo),521,25
49004709,Rua Antônio Barbosa,Zona de Expansão (Robalo),521,25
49004712,Rua M (Lot Pr do Refúgio),Zona de Expansão (Robalo),521,25
49004715,Rua N (Lot Pr do Refúgio),Zona de Expansão (Robalo),521,25
49004718,Rua O (Lot Pr do Refúgio),Zona de Expansão (Robalo),521,25
49004721,Rua P (Lot Pr do Refúgio),Zona de Expansão (Robalo),521,25
49004724,Rua Q (Lot Pr do Refúgio),Zona de Expansão (Robalo),521,25
49004727,Rua R (Lot Pr do Refúgio),Zona de Expansão (Robalo),521,25
49004730,Rua S (Lot Pr do Refúgio),Zona de Expansão (Robalo),521,25
49004733,Avenida João Batista dos Santos,Zona de Expansão (Robalo),521,25
49004736,Rua F (Lot Pr do Refúgio),Zona de Expansão (Robalo),521,25
49004739,Rua C (Lot Pr do Refugio),Zona de Expansão (Robalo),521,25
49004742,Rua D (Lot Pr do Refúgio),Zona de Expansão (Robalo),521,25
49004745,Rua José Rodrigues Lima,Zona de Expansão (Robalo),521,25
49004748,Rua Dez (Lot Pr do Refúgio),Zona de Expansão (Robalo),521,25
49004751,Rua Onze (Lot Pr do Refúgio),Zona de Expansão (Robalo),521,25
49004754,Rua Doze (Lot Pr do Refúgio),Zona de Expansão (Robalo),521,25
49004757,Rua Treze (Lot Pr do Refúgio),Zona de Expansão (Robalo),521,25
49004760,Rua Quinze (Lot Pr do Refúgio),Zona de Expansão (Robalo),521,25
49004766,Avenida Morada do Rio,Zona de Expansão (Robalo),521,25
49004784,Rua A (Rec das Águas),Zona de Expansão (Robalo),521,25
49004790,Rua B (Rec das Águas),Zona de Expansão (Robalo),521,25
49004793,Rua C (Rec das Águas),Zona de Expansão (Robalo),521,25
49004796,Rua D (Rec das Águas),Zona de Expansão (Robalo),521,25
49004799,Rua E (Rec das Águas),Zona de Expansão (Robalo),521,25
49005020,Avenida Doutor Walter Pereira Bastos,Zona de Expansão (Robalo),521,25
49005023,Rua Um (Lot Morada do Mar),Zona de Expansão (Robalo),521,25
49005026,Rua Três (Lot Morada do Mar),Zona de Expansão (Robalo),521,25
49005029,Rua Quatro (Lot Morada do Mar),Zona de Expansão (Robalo),521,25
49005032,Rua Dois (Lot Morada do Mar),Zona de Expansão (Robalo),521,25
49005035,Rua Cinco (Lot Morada do Mar),Zona de Expansão (Robalo),521,25
49005038,Avenida Dois (Lot Morada do Mar),Zona de Expansão (Robalo),521,25
49005041,Rua Sete (Lot Morada do Mar),Zona de Expansão (Robalo),521,25
49005044,Rua Muciano Cabral,Zona de Expansão (Robalo),521,25
49005050,Avenida João José de Santana,Zona de Expansão (Robalo),521,25
49005080,Rua João Menezes de Andrade,Zona de Expansão (Robalo),521,25
49005083,Rua A (Lot Pr dos Coqueiros),Zona de Expansão (Robalo),521,25
49005086,Rua Ewerton Felipe Santos Prudente,Zona de Expansão (Robalo),521,25
49005089,Avenida Osvaldo Carvalho,Zona de Expansão (Robalo),521,25
49005092,Rua C (Lot Pr dos Coqueiros),Zona de Expansão (Robalo),521,25
49005095,Rua D (Lot Pr dos Coqueiros),Zona de Expansão (Robalo),521,25
49005098,Rua Carmelita de Sena e Silva,Zona de Expansão (Robalo),521,25
49005101,Rua Onésia Lima Silveira,Zona de Expansão (Robalo),521,25
49005104,Rua Thomaz Silveira Ventura,Zona de Expansão (Robalo),521,25
49005110,Rua Dulcinéia Nunes de Melo,Zona de Expansão (Robalo),521,25
49005113,Rua Patrulheiro Augusto César Oliveira,Zona de Expansão (Robalo),521,25
49005116,Rua Maria Conceição Santos,Zona de Expansão (Robalo),521,25
49005119,Rua I (Lot Pr dos Coqueiros),Zona de Expansão (Robalo),521,25
49005122,Rua J (Lot Pr dos Coqueiros),Zona de Expansão (Robalo),521,25
49005125,Rua L (Lot Pr dos Coqueiros),Zona de Expansão (Robalo),521,25
49005200,Rua Paulo Pedro Coelho Freire,Zona de Expansão (Robalo),521,25
49005209,Rua Manoel Dionízio,Zona de Expansão (Robalo),521,25
49005212,Rua E (Gameleira),Zona de Expansão (Robalo),521,25
49005215,Rua Tuta (Gameleira),Zona de Expansão (Robalo),521,25
49005218,Rua D (Gameleira),Zona de Expansão (Robalo),521,25
49005221,Rua Toca da Onça,Zona de Expansão (Robalo),521,25
49005290,Rua Lago Azul,Zona de Expansão (Robalo),521,25
49005293,Rua Suissa,Zona de Expansão (Robalo),521,25
49005299,Travessa Suissa I,Zona de Expansão (Robalo),521,25
49005302,Travessa Suissa II,Zona de Expansão (Robalo),521,25
49005305,Travessa Suissa IV,Zona de Expansão (Robalo),521,25
49005308,Travessa Suissa III,Zona de Expansão (Robalo),521,25
49005311,Travessa Suissa V,Zona de Expansão (Robalo),521,25
49005314,"Rua Santa Maria, até 99998/99999",Zona de Expansão (Robalo),521,25
49005317,Travessa Santa Maria,Zona de Expansão (Robalo),521,25
49005320,Rua Manoel Florêncio Canuto,Zona de Expansão (Robalo),521,25
49005402,"Rodovia Inácio Barbosa, de 1 a 99999 - lado ímpar",Zona de Expansão (Robalo),521,25
49005405,"Rodovia Inácio Barbosa, de 2 a 99998 - lado par",Zona de Expansão (Robalo),521,25
49005408,Rua João Dias de Matos,Zona de Expansão (Robalo),521,25
49007000,Rodovia Ecologista Chico Mendes,Zona de Expansão (Areia Branca),521,25
49007003,Rua Joana Leal,Zona de Expansão (Areia Branca),521,25
49007009,Rua Rosa Mística,Zona de Expansão (Areia Branca),521,25
49007012,Rua C (Lot Sta Maria),Zona de Expansão (Areia Branca),521,25
49007015,Rua A (Lot Sta Maria),Zona de Expansão (Areia Branca),521,25
49007018,Rua E (Lot Sta Maria),Zona de Expansão (Areia Branca),521,25
49007021,Rua D (Lot Sta Maria),Zona de Expansão (Areia Branca),521,25
49007024,Rua B (Lot Sta Maria),Zona de Expansão (Areia Branca),521,25
49007051,Rua Onze,Zona de Expansão (Areia Branca),521,25
49007054,Rua Pedro Batista,Zona de Expansão (Areia Branca),521,25
49007057,Rua Cinco,Zona de Expansão (Areia Branca),521,25
49007060,Rua Bom Jesus,Zona de Expansão (Areia Branca),521,25
49007063,Rua Santíssima Trindade,Zona de Expansão (Areia Branca),521,25
49007069,Travessa Vinte,Zona de Expansão (Areia Branca),521,25
49007072,Travessa Onze,Zona de Expansão (Areia Branca),521,25
49007110,Rua Joseph Delano,Zona de Expansão (Areia Branca),521,25
49007113,Rua João Dionízio dos Santos,Zona de Expansão (Areia Branca),521,25
49007116,Rua Treze,Zona de Expansão (Areia Branca),521,25
49007117,Travessa Vinte e Nove,Zona de Expansão (Areia Branca),521,25
49007122,Rua Mangabeiras,Zona de Expansão (Areia Branca),521,25
49007134,Rua Vinte e Cinco,Zona de Expansão (Areia Branca),521,25
49007137,Rua Ibama,Zona de Expansão (Areia Branca),521,25
49007140,Rua José Correia,Zona de Expansão (Areia Branca),521,25
49007143,Rua da Paz,Zona de Expansão (Areia Branca),521,25
49007146,Travessa Vinte e Seis,Zona de Expansão (Areia Branca),521,25
49007149,Rua João de Deus,Zona de Expansão (Areia Branca),521,25
49007152,Rua do Sossego,Zona de Expansão (Areia Branca),521,25
49007155,Travessa Vinte e Cinco,Zona de Expansão (Areia Branca),521,25
49007190,Recanto Santo Antônio,Zona de Expansão (Areia Branca),521,25
49007196,Rua A (Lot Beira Rio),Zona de Expansão (Areia Branca),521,25
49007199,Rua D (Lot Beira Rio II),Zona de Expansão (Areia Branca),521,25
49007202,Avenida F (Lot Beira Rio II),Zona de Expansão (Areia Branca),521,25
49007205,Rua E (Lot Beira Rio II),Zona de Expansão (Areia Branca),521,25
49007208,Rua B (Lot Beira Rio II),Zona de Expansão (Areia Branca),521,25
49007211,Rua C (Lot Beira Rio II),Zona de Expansão (Areia Branca),521,25
49007250,Rua A (Lot S José),Zona de Expansão (Areia Branca),521,25
49007253,Rua B (Lot S José),Zona de Expansão (Areia Branca),521,25
49007256,Rua D (Lot S José),Zona de Expansão (Areia Branca),521,25
49007259,Rua E (Lot S José),Zona de Expansão (Areia Branca),521,25
49007262,Rua F (Lot S José),Zona de Expansão (Areia Branca),521,25
49007265,Rua C (Lot S José),Zona de Expansão (Areia Branca),521,25
49007295,Rua Zenza,Zona de Expansão (Areia Branca),521,25
49007298,Rua D (Lot Zenza),Zona de Expansão (Areia Branca),521,25
49007304,Rua E (Lot Zenza),Zona de Expansão (Areia Branca),521,25
49007307,Rua F (Lot Zenza),Zona de Expansão (Areia Branca),521,25
49007310,Rua do Cemitério (Lot Zenza),Zona de Expansão (Areia Branca),521,25
49007313,Travessa do Cemitério (Lot Zenza),Zona de Expansão (Areia Branca),521,25
49007319,Rua G (Lot Zenza),Zona de Expansão (Areia Branca),521,25
49007328,Rua H (Lot Zenza),Zona de Expansão (Areia Branca),521,25
49007331,Rua Dezessete (Lot Zenza),Zona de Expansão (Areia Branca),521,25
49007337,Rua I (Lot Zenza),Zona de Expansão (Areia Branca),521,25
49007349,Rua Seis (Lot Samutaia),Zona de Expansão (Areia Branca),521,25
49007352,"Rua Santa Maria, de 1/2 ao fim",Zona de Expansão (Areia Branca),521,25
49007355,Rua Cinco (Lot Samutaia),Zona de Expansão (Areia Branca),521,25
49007358,Travessa Seis (Lot Samutaia),Zona de Expansão (Areia Branca),521,25
49007361,Rua Quatro (Lot Samutaia),Zona de Expansão (Areia Branca),521,25
49007367,Rua Três (Lot Samutaia),Zona de Expansão (Areia Branca),521,25
49007373,Rua Dois (Lot Samutaia),Zona de Expansão (Areia Branca),521,25
49007376,Rua Um (Lot Samutaia),Zona de Expansão (Areia Branca),521,25
49007382,Travessa Sete (Lot Samutaia),Zona de Expansão (Areia Branca),521,25
49007388,Estrada Sonho Meu,Zona de Expansão (Areia Branca),521,25
49007430,"Rodovia dos Náufragos, de 1 a 99999 - lado ímpar",Zona de Expansão (Areia Branca),521,25
49007433,"Rodovia dos Náufragos, de 2 a 99998 - lado par",Zona de Expansão (Areia Branca),521,25
49008000,Rua Taubaté,Zona de Expansão (Mosqueiro),521,25
49008003,Travessa Taubaté I,Zona de Expansão (Mosqueiro),521,25
49008006,Travessa Taubaté II,Zona de Expansão (Mosqueiro),521,25
49008009,Rua D (Lot Rosas do Mar),Zona de Expansão (Mosqueiro),521,25
49008015,Rua A (Lot Rosas do Mar),Zona de Expansão (Mosqueiro),521,25
49008018,Rua C (Lot Rosas do Mar),Zona de Expansão (Mosqueiro),521,25
49008024,Rua José Alves Pinto Sobrinho,Zona de Expansão (Mosqueiro),521,25
49008027,Avenida Maria Lima Barreto,Zona de Expansão (Mosqueiro),521,25
49008030,Rua I (Lot Pr do Mosqueiro),Zona de Expansão (Mosqueiro),521,25
49008033,Rua D (Lot Pr do Mosqueiro),Zona de Expansão (Mosqueiro),521,25
49008036,Rua H (Lot Pr do Mosqueiro),Zona de Expansão (Mosqueiro),521,25
49008039,Rua G (Lot Pr do Mosqueiro),Zona de Expansão (Mosqueiro),521,25
49008042,Rua F (Lot Pr do Mosqueiro),Zona de Expansão (Mosqueiro),521,25
49008045,Rua E (Lot Pr do Mosqueiro),Zona de Expansão (Mosqueiro),521,25
49008048,Rua C (Lot Pr do Mosqueiro),Zona de Expansão (Mosqueiro),521,25
49008051,Rua D (Lot Prca da Praia),Zona de Expansão (Mosqueiro),521,25
49008054,Rua José de Souza Batista,Zona de Expansão (Mosqueiro),521,25
49008057,Rua C (Lot Prca da Praia),Zona de Expansão (Mosqueiro),521,25
49008060,Rua E (Lot Prca da Praia),Zona de Expansão (Mosqueiro),521,25
49008063,Rua Antônio Fernandes Santos,Zona de Expansão (Mosqueiro),521,25
49008066,Rua Anísio Santana,Zona de Expansão (Mosqueiro),521,25
49008090,"Rodovia dos Náufragos, de 1 ao fim - lado ímpar",Zona de Expansão (Mosqueiro),521,25
49008093,"Rodovia dos Náufragos, de 2 ao fim - lado par",Zona de Expansão (Mosqueiro),521,25
49008190,Travessa Leonor Rodrigues,Zona de Expansão (Mosqueiro),521,25
49008193,Rua Júlio César Pinto,Zona de Expansão (Mosqueiro),521,25
49008196,Rua Lino Bispo Maia,Zona de Expansão (Mosqueiro),521,25
49008199,Rua B (Lot S Judas Tadeu),Zona de Expansão (Mosqueiro),521,25
49008202,Rua C (Lot S Judas Tadeu),Zona de Expansão (Mosqueiro),521,25
49008205,Rua A (Lot S Judas Tadeu),Zona de Expansão (Mosqueiro),521,25
49008208,Rua Pedro Luiz Brandão Pereira,Zona de Expansão (Mosqueiro),521,25
49008250,Avenida Matapoã,Zona de Expansão (Mosqueiro),521,25
49008253,Travessa Matapoã III,Zona de Expansão (Mosqueiro),521,25
49008256,Travessa Matapoã II,Zona de Expansão (Mosqueiro),521,25
49008259,Travessa Matapoã I,Zona de Expansão (Mosqueiro),521,25
49008262,Rua Jamisson de Oliveira,Zona de Expansão (Mosqueiro),521,25
49008300,Rua Domingos Sávio Vieira,Zona de Expansão (Mosqueiro),521,25
49008303,Rua A (Lot N Sra de Lourdes),Zona de Expansão (Mosqueiro),521,25
49008306,Rua G (Lot N Sra de Lourdes),Zona de Expansão (Mosqueiro),521,25
49008309,Rua B (Lot N Sra de Lourdes),Zona de Expansão (Mosqueiro),521,25
49008312,Rua C (Lot N Sra de Lourdes),Zona de Expansão (Mosqueiro),521,25
49008315,Rua D (Lot N Sra de LourdesI),Zona de Expansão (Mosqueiro),521,25
49008318,Rua E (Lot N Sra de Lourdes),Zona de Expansão (Mosqueiro),521,25
49008321,Rua F (Lot N Sra de Lourdes),Zona de Expansão (Mosqueiro),521,25
49008324,Estrada Real,Zona de Expansão (Mosqueiro),521,25
49008327,Rua O (Lot R G A I),Zona de Expansão (Mosqueiro),521,25
49008330,Rua N (Lot R G A I),Zona de Expansão (Mosqueiro),521,25
49008333,Rua M (Lot R G A I),Zona de Expansão (Mosqueiro),521,25
49008336,Rua L (Lot R G A I),Zona de Expansão (Mosqueiro),521,25
49008348,Rua P (Lot R G A I),Zona de Expansão (Mosqueiro),521,25
49008354,Rua K (Lot R G A II),Zona de Expansão (Mosqueiro),521,25
49008357,Rua J (Lot R G A II),Zona de Expansão (Mosqueiro),521,25
49008360,Rua José Machado de Souza,Zona de Expansão (Mosqueiro),521,25
49008363,Rua I (Prq N Sra de Fátima),Zona de Expansão (Mosqueiro),521,25
49008366,Rua A (Prq N Sra de Fátima),Zona de Expansão (Mosqueiro),521,25
49008369,Rua G (Prq N Sra de Fátima),Zona de Expansão (Mosqueiro),521,25
49008372,Rua Antônio Lisboa,Zona de Expansão (Mosqueiro),521,25
49008375,Rua E (Prq N Sra de Fátima),Zona de Expansão (Mosqueiro),521,25
49008378,Rua Doutor Antônio Garcia Filho,Zona de Expansão (Mosqueiro),521,25
49008381,Rua C (Prq N Sra de Fátima),Zona de Expansão (Mosqueiro),521,25
49008384,Rua B (Prq N Sra de Fátima),Zona de Expansão (Mosqueiro),521,25
49008390,Rua S (Prq Sto Antônio I),Zona de Expansão (Mosqueiro),521,25
49008393,Rua R (Prq Sto Antônio I),Zona de Expansão (Mosqueiro),521,25
49008405,Avenida Central (Lot Pto das Canoas II),Zona de Expansão (Mosqueiro),521,25
49008408,Rua N (Lot Pto das Canoas II),Zona de Expansão (Mosqueiro),521,25
49008411,Travessa A (Lot Pto das Canoas II),Zona de Expansão (Mosqueiro),521,25
49008414,Rua M (Lot Pto das Canoas II),Zona de Expansão (Mosqueiro),521,25
49008417,Rua K (Lot Pto das Canoas II),Zona de Expansão (Mosqueiro),521,25
49008420,Rua J (Lot Pto das Canoas II),Zona de Expansão (Mosqueiro),521,25
49008423,Rua I (Lot Pto das Canoas II),Zona de Expansão (Mosqueiro),521,25
49008426,Rua D (Lot Pto das Canoas II),Zona de Expansão (Mosqueiro),521,25
49008429,Rua E (Lot Pto das Canoas I),Zona de Expansão (Mosqueiro),521,25
49008432,Rua G (Lot Pto das Canoas II),Zona de Expansão (Mosqueiro),521,25
49008435,Rua H (Lot Pto das Canoas II),Zona de Expansão (Mosqueiro),521,25
49008441,Rua F (Lot Pto das Canoas I),Zona de Expansão (Mosqueiro),521,25
49008444,Rua D (Lot Pto das Canoas I),Zona de Expansão (Mosqueiro),521,25
49008447,Rua C (Lot Pto das Canoas I),Zona de Expansão (Mosqueiro),521,25
49008450,Rua B (Lot Pto das Canoas I),Zona de Expansão (Mosqueiro),521,25
49008480,Rua F (Lot Rec Andorinhas),Zona de Expansão (Mosqueiro),521,25
49008483,Rua E (Lot Rec Andorinhas),Zona de Expansão (Mosqueiro),521,25
49008486,Rua D (Lot Rec Andorinhas),Zona de Expansão (Mosqueiro),521,25
49008504,Rua C (Lot Rec Andorinhas),Zona de Expansão (Mosqueiro),521,25
49008513,Rua Oviêdo Santos,Zona de Expansão (Mosqueiro),521,25
49008519,Rua A (Lot Rec Andorinhas),Zona de Expansão (Mosqueiro),521,25
49008522,Travessa A (Lot Rec Andorinhas),Zona de Expansão (Mosqueiro),521,25
49008525,Rua Pantanal (Lot Rec Andorinhas),Zona de Expansão (Mosqueiro),521,25
49008528,Rua Camarai,Zona de Expansão (Mosqueiro),521,25
49008563,Rua Carlos Alberto Zuzart,Zona de Expansão (Mosqueiro),521,25
49008566,Travessa Carlos Alberto Zuzart I,Zona de Expansão (Mosqueiro),521,25
49008569,Travessa Carlos Alberto Zuzart II,Zona de Expansão (Mosqueiro),521,25
49008572,Rua Paulo Emídio,Zona de Expansão (Mosqueiro),521,25
49008575,Rua José Almerindo dos Santos,Zona de Expansão (Mosqueiro),521,25
49008578,Travessa José Almerindo dos Santos,Zona de Expansão (Mosqueiro),521,25
49008581,Rua Primavera Manoel Rodrigues,Zona de Expansão (Mosqueiro),521,25
49008584,Rua Zilda Rodrigues Santos,Zona de Expansão (Mosqueiro),521,25
49008587,Travessa D (Lot Galego),Zona de Expansão (Mosqueiro),521,25
49008590,Rua C (Lot Galego),Zona de Expansão (Mosqueiro),521,25
49008593,Rua Erundino Simão dos Reis,Zona de Expansão (Mosqueiro),521,25
49008596,Rua A (Lot Galego),Zona de Expansão (Mosqueiro),521,25
49008599,Travessa A1 (Lot Galego),Zona de Expansão (Mosqueiro),521,25
49008602,Travessa A (Lot Galego),Zona de Expansão (Mosqueiro),521,25
49008605,Travessa B (Lot Galego),Zona de Expansão (Mosqueiro),521,25
49008608,Travessa C (Lot Galego),Zona de Expansão (Mosqueiro),521,25
49008611,Travessa C1 (Lot Galego),Zona de Expansão (Mosqueiro),521,25
49008640,Rua José de Menezes Santos,Zona de Expansão (Mosqueiro),521,25
49008643,Travessa C1 (Lot S Domingos),Zona de Expansão (Mosqueiro),521,25
49008646,Travessa E (Lot S Domingos),Zona de Expansão (Mosqueiro),521,25
49008649,Rua José Francisco Matias,Zona de Expansão (Mosqueiro),521,25
49008652,Rua A1 (Lot S Domingos),Zona de Expansão (Mosqueiro),521,25
49008680,Avenida Doutor José Emídio do Nascimento,Zona de Expansão (Mosqueiro),521,25
49008683,Rua Santana do Livramento,Zona de Expansão (Mosqueiro),521,25
49008707,Avenida Poeta Mário de Araújo Cabral,Zona de Expansão (Mosqueiro),521,25
49008710,Rua A (Prq Sta Maria),Zona de Expansão (Mosqueiro),521,25
49008713,Rua Recanto Evangélico,Zona de Expansão (Mosqueiro),521,25
49008716,Rua D (Prq Sta Maria),Zona de Expansão (Mosqueiro),521,25
49008722,"Rodovia Ayrton Senna, lado par",Zona de Expansão (Mosqueiro),521,25
49008725,"Rodovia Ayrton Senna, até 99999 - lado ímpar",Zona de Expansão (Mosqueiro),521,25
49008728,Travessa Ayrton Senna,Zona de Expansão (Mosqueiro),521,25
49008766,Rua D (Pov Escurial),Zona de Expansão (Mosqueiro),521,25
49008769,Rua José de Agripino,Zona de Expansão (Mosqueiro),521,25
49008787,Rua José Francisco Matos,Zona de Expansão (Mosqueiro),521,25
49008790,Travessa A (Pov Escurial),Zona de Expansão (Mosqueiro),521,25
49008793,Rua B (Pov Escurial),Zona de Expansão (Mosqueiro),521,25
49008796,Rua C (Pov Escurial),Zona de Expansão (Mosqueiro),521,25
49008799,Rua F (Pov Escurial),Zona de Expansão (Mosqueiro),521,25
49008802,Rua G (Pov Escurial),Zona de Expansão (Mosqueiro),521,25
49008840,Rua Deputado Eraldo Machado de Lemos (Lot Prq S Jorge),Zona de Expansão (Mosqueiro),521,25
49008843,Rua D (Lot Prq S Jorge),Zona de Expansão (Mosqueiro),521,25
49008846,Travessa F (Lot Prq S Jorge),Zona de Expansão (Mosqueiro),521,25
49008849,Rua E (Lot Prq S Jorge),Zona de Expansão (Mosqueiro),521,25
49008852,Travessa G (Lot Prq S Jorge),Zona de Expansão (Mosqueiro),521,25
49008855,Rua B (Lot Prq S Jorge),Zona de Expansão (Mosqueiro),521,25
49008858,Rua H (Lot Prq S Jorge),Zona de Expansão (Mosqueiro),521,25
49008861,Rua C (Lot Prq S Jorge),Zona de Expansão (Mosqueiro),521,25
49008876,Rua I (Lot Prq S Jorge),Zona de Expansão (Mosqueiro),521,25
49009010,Avenida Doutor José Domingos Maia,Zona de Expansão (Mosqueiro),521,25
49009013,Rua Professora Guiomar,Zona de Expansão (Mosqueiro),521,25
49009016,Praça Zoroastro Rodrigues,Zona de Expansão (Mosqueiro),521,25
49009019,Rua B,Zona de Expansão (Mosqueiro),521,25
49009022,Rua Arlington,Zona de Expansão (Mosqueiro),521,25
49009025,Rua Oséias Simão dos Reis,Zona de Expansão (Mosqueiro),521,25
49009028,Rua Flávio Osvaldo Aranha,Zona de Expansão (Mosqueiro),521,25
49009031,Rua José Vieira de Andrade,Zona de Expansão (Mosqueiro),521,25
49009034,Rua Jonas Soares Reis,Zona de Expansão (Mosqueiro),521,25
49009067,Travessa José Domingos Maia I (Lot Costa Azul),Zona de Expansão (Mosqueiro),521,25
49009070,Travessa José Domingos Maia II (Lot Costa Azul),Zona de Expansão (Mosqueiro),521,25
49009073,Rua José Domingos Maia III (Lot Costa Azul),Zona de Expansão (Mosqueiro),521,25
49009076,Travessa José Domingos Maia IV (Lot Costa Azul),Zona de Expansão (Mosqueiro),521,25
49009079,Rua José Meneses Santos,Zona de Expansão (Mosqueiro),521,25
49009082,Travessa José Domingos Maia V,Zona de Expansão (Mosqueiro),521,25
49009106,"Rodovia Inácio Barbosa, de 1 ao fim - lado ímpar",Zona de Expansão (Mosqueiro),521,25
49009109,"Rodovia Inácio Barbosa, de 2 ao fim - lado par",Zona de Expansão (Mosqueiro),521,25
49009225,Avenida Y1,Zona de Expansão (Mosqueiro),521,25
49009310,Avenida Luiz Jorge Firpo Cruz,Zona de Expansão (Mosqueiro),521,25
49010000,"Rua Laranjeiras, até 1022/1023",Centro,521,25
49010010,Avenida Otoniel Dórea,Centro,521,25
49010020,"Rua Propriá, até 509/510",Centro,521,25
49010030,Avenida Rio Branco,Centro,521,25
49010040,Praça Olímpio Campos,Centro,521,25
49010050,"Avenida Ivo do Prado, até 508 - lado par",Centro,521,25
49010060,Praça Almirante Barroso,Centro,521,25
49010070,Travessa Silva Ribeiro,Centro,521,25
49010080,Praça Fausto Cardoso,Centro,521,25
49010090,Travessa Deusdedith Fontes,Centro,521,25
49010100,Travessa Benjamin Constant,Centro,521,25
49010110,Rua José do Prado Franco,Centro,521,25
49010120,Travessa José de Faro,Centro,521,25
49010130,Rua João Pessoa,Centro,521,25
49010140,"Rua Itaporanga, até 509/510",Centro,521,25
49010150,Rua Pacatuba,Centro,521,25
49010160,"Rua Maruim, até 1033/1034",Centro,521,25
49010170,"Rua Itabaiana, até 494/495",Centro,521,25
49010180,"Rua Estância, até 1053/1054",Centro,521,25
49010181,Vila Queiroz,Centro,521,25
49010190,Rua Itabaianinha,Centro,521,25
49010200,Travessa Tenente Martinho Garcez,Centro,521,25
49010220,"Praça Camerino, até 151 - lado ímpar",Centro,521,25
49010240,"Praça Camerino, de 257 ao fim - lado ímpar",Centro,521,25
49010250,"Avenida Doutor Carlos Firpo, até 389/390",Centro,521,25
49010260,"Praça Camerino, lado par",Centro,521,25
49010270,Praça Godofredo Diniz,Centro,521,25
49010280,Rua Boquim,Centro,521,25
49010281,Vila Senhor do Bomfim,Centro,521,25
49010282,Vila Eunice,Centro,521,25
49010300,Travessa Eduardo Cruz Sobrinho,Centro,521,25
49010310,"Rua Santa Luzia, até 489/490",Centro,521,25
49010320,"Praça da Bandeira, de 138 a 99998 - lado par",Centro,521,25
49010340,"Avenida Barão de Maruim, lado par",Centro,521,25
49010350,Vila Angélica,Centro,521,25
49010360,"Travessa João Francisco da Silveira, lado par",Centro,521,25
49010370,Rua Capela,Centro,521,25
49010380,"Rua São Cristóvão, até 1019/1020",Centro,521,25
49010390,"Rua Lagarto, até 1355/1356",Centro,521,25
49010391,Travessa José D. Fontes,Centro,521,25
49010400,Travessa São Cristóvão Velho,Centro,521,25
49010410,Avenida Doutor Roosewelt Dantas Cardoso de Menezes,Centro,521,25
49010420,Rua Geruzinho,Centro,521,25
49010430,"Rua Simão Dias, de 20/21 ao fim",Centro,521,25
49010440,Rua Alecrim,Centro,521,25
49010450,Rua Siriri,Centro,521,25
49010451,Vila Rosângela,Centro,521,25
49010460,Rua Geru,Centro,521,25
49010470,"Praça da Bandeira, de 291 ao fim - lado ímpar",Centro,521,25
49010480,Vila Selma,Centro,521,25
49010490,"Avenida Pedro Calazans, de 93 a 99999 - lado ímpar",Centro,521,25
49010500,Travessa Baltazar Góes,Centro,521,25
49010520,Praça General Valadão,Centro,521,25
49010560,Travessa João Quintiliano da Fonseca,Centro,521,25
49010580,Praça João XXIII,Centro,521,25
49010600,"Rua Divina Pastora, até 899/900",Centro,521,25
49010620,"Avenida Mamede Paes Mendonça, até 681/682",Centro,521,25
49010640,Rua Santa Rosa,Centro,521,25
49010660,"Avenida Carlos Burlamarqui, até 659/660",Centro,521,25
49010670,Largo Thales Ferraz,Centro,521,25
49010680,Rua Professor Florentino Menezes,Centro,521,25
49010690,Largo Antônio Franco,Centro,521,25
49010700,Travessa Santo Antônio,Centro,521,25
49010720,"Avenida Coelho e Campos, até 901 - lado ímpar",Centro,521,25
49010730,Travessa Afonso Fonseca,Centro,521,25
49010760,Rua Vinte e Quatro Horas,Centro,521,25
49010900,"Edifício Paulo Figueiredo, Rua Pacatuba, 254",Centro,521,25
49010901,"Banco do Estado de Sergipe (Banese), Travessa Baltazar Góes, 86",Centro,521,25
49010902,"Diretoria Regional da ECT/Sergipe, Rua Laranjeiras, 229",Centro,521,25
49010903,"Tribunal de Justiça do Estado de Sergipe, Praça Fausto Cardoso, 112",Centro,521,25
49010904,"Edifício Futuro, Rua São Cristóvão, 461",Centro,521,25
49010905,"Assembléia Legislativa, Praça Fausto Cardoso, s/n",Centro,521,25
49010906,"Banco do Brasil, Praça General Valadão, 341",Centro,521,25
49010907,"Edifício Estado de Sergipe, Travessa Baltazar Góes, 86",Centro,521,25
49010908,"Edifício Walter Franco, Praça Fausto Cardoso, 327",Centro,521,25
49010909,"Edifício Jangada, Rua São Cristóvão, 212",Centro,521,25
49010910,"Edifício Oviedo Teixeira, Avenida Rio Branco, 186",Centro,521,25
49010911,"Edifício Cidade de Aracaju, Rua João Pessoa, 320",Centro,521,25
49010970,"AC Central, Rua Laranjeiras, 229",Centro,521,25
49010971,"ACC I Coelho e Campos, Avenida Coelho e Campos, 604",Centro,521,25
49010972,"AF Aracaju, Rua Laranjeiras, 229",Centro,521,25
49015000,"Rua Vila Cristina, até 759/760",São José,521,25
49015010,Travessa Adolfo Rollemberg,São José,521,25
49015020,"Praça da Bandeira, de 2 a 136 - lado par",São José,521,25
49015030,Rua Monsenhor Silveira,São José,521,25
49015040,"Avenida Barão de Maruim, lado ímpar",São José,521,25
49015050,Travessa Padre Gaspar Lourenço,São José,521,25
49015060,"Praça Camerino, de 153 a 255 - lado ímpar",São José,521,25
49015070,"Avenida Ivo do Prado, de 510 ao fim - lado par",São José,521,25
49015080,"Travessa João Francisco da Silveira, lado ímpar",São José,521,25
49015090,Rua Dom José Thomaz,São José,521,25
49015100,Praça Almirante Tamandaré,São José,521,25
49015110,"Rua Itabaiana, de 496/497 ao fim",São José,521,25
49015120,Rua Senador Rollemberg,São José,521,25
49015130,Praça Tobias Barreto,São José,521,25
49015140,"Rua Ribeirópolis, até 227/228",São José,521,25
49015150,"Rua Cedro, até 120/121",São José,521,25
49015160,Rua Riachuelo,São José,521,25
49015170,Rua Guilhermino Rezende,São José,521,25
49015180,Praça Graccho Cardoso,São José,521,25
49015190,"Rua Santa Luzia, de 491/492 ao fim",São José,521,25
49015200,Travessa Juca Barreto,São José,521,25
49015210,Travessa Maria Clara,São José,521,25
49015220,Rua Campos,São José,521,25
49015230,Avenida Gonçalo Prado Rolemberg,São José,521,25
49015240,Travessa Frei Paulo,São José,521,25
49015250,"Rua Arauá, de 503/504 ao fim",São José,521,25
49015260,"Rua Frei Paulo, até 263/264",São José,521,25
49015270,"Rua Lagarto, de 1357/1358 a 2111/2112",São José,521,25
49015271,Vila Marta Maria,São José,521,25
49015280,"Avenida Doutor Edésio Vieira de Melo, até 235/236",São José,521,25
49015290,Travessa José Rodrigues,São José,521,25
49015300,Rua Nossa Senhora do Socorro,São José,521,25
49015310,Rua General Chaves,São José,521,25
49015320,Rua Duque de Caxias,São José,521,25
49015330,Rua Zaqueu Brandão,São José,521,25
49015340,Praça Getúlio Vargas,São José,521,25
49015350,"Avenida Hermes Fontes, até 707 - lado ímpar",São José,521,25
49015370,Travessa José Antônio Dias,São José,521,25
49015380,Avenida Augusto Maynard,São José,521,25
49015390,Praça Joaquim Inácio Barbosa,São José,521,25
49015400,Rua Coronel Stanley Fernandes da Silveira,São José,521,25
49015420,Rua Alcides Leite,São José,521,25
49015440,Travessa Nino Porto,São José,521,25
49015460,"Rua Campo do Brito, lado par",São José,521,25
49015470,Travessa David Bitencourt Luduvice,São José,521,25
49015970,"AGF São José, Rua Arauá, 600",São José,521,25
49015972,"CDD Aracaju - Centro, Avenida Barão de Maruim, 733",São José,521,25
49015973,"AC Barão de Maruim, Avenida Barão de Maruim, 733",São José,521,25
49015974,"AC Triunfo, Rua Campo do Brito, 1100",São José,521,25
49020005,"Rua Deputado Euclides Paes Mendonça, até 99998/99999",Treze de Julho,521,25
49020010,"Avenida Beira-mar, até 1412 - lado par",Treze de Julho,521,25
49020020,Rua José de Faro Rolemberg,Salgado Filho,521,25
49020040,Rua Germiniano Maia,Salgado Filho,521,25
49020050,Rua Capitão Benedito Teófilo Otoni,Treze de Julho,521,25
49020060,Rua Sílvio Cezar Leite,Salgado Filho,521,25
49020070,Avenida Antônio Fagundes Santana,Treze de Julho,521,25
49020085,"Rua Ananias Azevedo, até 99998/99999",Treze de Julho,521,25
49020100,Rua Romeu Santos,Salgado Filho,521,25
49020110,Rua Desembargador José Sotero,Treze de Julho,521,25
49020120,"Avenida Francisco Porto, até 488 - lado par",Treze de Julho,521,25
49020130,Rua Joaquim Góes,Treze de Julho,521,25
49020140,Rua Jorge Pereira Porto,Salgado Filho,521,25
49020150,"Rua Vila Cristina, de 761/762 ao fim",Treze de Julho,521,25
49020160,Rua Péricles Muniz Barreto,Salgado Filho,521,25
49020170,"Rua Cedro, de 122/123 ao fim",Treze de Julho,521,25
49020180,Rua Cristóvão de Barros,Treze de Julho,521,25
49020190,Rua Homero de Oliveira,Treze de Julho,521,25
49020200,Rua José Ramos da Silva,Treze de Julho,521,25
49020210,"Avenida Professor Acrísio Cruz, de 2 ao fim - lado par",Salgado Filho,521,25
49020220,Rua Professor Figueiredo Martins,Salgado Filho,521,25
49020230,"Avenida Anísio Azevedo, de 2 ao fim - lado par",Salgado Filho,521,25
49020235,"Avenida Anísio Azevedo, de 1 ao fim - lado ímpar",Salgado Filho,521,25
49020243,"Avenida Anísio Azevedo, até 99999 - lado ímpar",Treze de Julho,521,25
49020248,"Avenida Anísio Azevedo, até 99998 - lado par",Treze de Julho,521,25
49020250,Rua Laura Fontes,Treze de Julho,521,25
49020260,Rua Álvaro Silva,Treze de Julho,521,25
49020270,"Rua Guilhermino Rezende, lado par",Salgado Filho,521,25
49020285,"Rua Doutor Moacyr Rabelo Leite, até 99998/99999",Treze de Julho,521,25
49020290,"Rua Lagarto, de 2113/2114 ao fim",Salgado Filho,521,25
49020295,"Rua Doutor Moacyr Rabelo Leite, de 1/2 ao fim",Salgado Filho,521,25
49020300,Rua Júlio Santana,Treze de Julho,521,25
49020310,Rua Carlos Alberto Porto,Salgado Filho,521,25
49020320,Rua Raimundo Fonseca,Treze de Julho,521,25
49020330,"Rua Joventina Alves, até 699/700",Salgado Filho,521,25
49020345,"Rua Construtor João Alves, até 99998/99999",Treze de Julho,521,25
49020350,"Rua Fenelon Santos, até 709/710",Salgado Filho,521,25
49020360,Praça Assis Chateaubriand,Salgado Filho,521,25
49020365,"Rua Construtor João Alves, de 1/2 ao fim",Salgado Filho,521,25
49020370,"Rua Tênisson Ribeiro, até 664/665",Salgado Filho,521,25
49020380,"Rua Campo do Brito, até 99999 - lado ímpar",Treze de Julho,521,25
49020390,"Rua Francisco Portugal, até 644/645",Salgado Filho,521,25
49020400,"Rua Álvaro de Brito, até 699/700",Treze de Julho,521,25
49020410,Rua José Freire,Salgado Filho,521,25
49020420,Travessa Luiz Alves de Oliveira Filho,Salgado Filho,521,25
49020430,Rua Minervino de Souza Fontes,Salgado Filho,521,25
49020440,Alameda Praia Formosa,Treze de Julho,521,25
49020450,"Avenida Pedro Paes Azevedo, até 659/660",Salgado Filho,521,25
49020460,"Rua Deputado Euclides Paes Mendonça, de 1/2 ao fim",Salgado Filho,521,25
49020470,"Rua Américo Curvelo, até 539/540",Salgado Filho,521,25
49020480,Travessa João Olímpio Mangueira,Treze de Julho,521,25
49020490,"Rua Urquiza Leal, até 693/694",Salgado Filho,521,25
49020500,Praça da Imprensa,Treze de Julho,521,25
49020510,Praça Eronildes de Carvalho,Salgado Filho,521,25
49020530,Rua Teixeira de Freitas,Salgado Filho,521,25
49020535,"Rua Ananias Azevedo, de 1/2 ao fim",Salgado Filho,521,25
49020540,Travessa Professor Francisco Figueiredo Martins,Salgado Filho,521,25
49020550,"Avenida Hermes Fontes, de 0709 a 1381 - lado ímpar",Salgado Filho,521,25
49020570,"Avenida Francisco Porto, de 490 ao fim - lado par",Salgado Filho,521,25
49020580,Avenida Gonçalo Prado Rolemberg,Salgado Filho,521,25
49020590,"Rua Campo do Brito, de 1 ao fim - lado ímpar",Salgado Filho,521,25
49020600,Rua Percílio da Costa Andrade,Treze de Julho,521,25
49020625,"Avenida Professor Acrísio Cruz, lado ímpar",Treze de Julho,521,25
49020630,"Avenida Professor Acrísio Cruz, até 99998 - lado par",Treze de Julho,521,25
49020680,Rua Deputado Carvalho Deda,Treze de Julho,521,25
49020700,Rua Doutor Osório de Araújo Ramos,Treze de Julho,521,25
49025000,"Rua Urquiza Leal, de 695/696 ao fim",Grageru,521,25
49025020,"Rua Américo Curvelo, de 541/542 ao fim",Grageru,521,25
49025040,"Avenida Beira-mar, de 1414 a 3598 - lado par",Jardins,521,25
49025050,Alameda Celi Prado de Oliveira,Jardins,521,25
49025070,Rua Juiz José Emídio da Costa Sobrinho,Jardins,521,25
49025080,"Avenida Iolanda Pinto de Jesus, lado ímpar",Jardins,521,25
49025090,"Avenida Deputado Pedro Valadares, lado ímpar",Jardins,521,25
49025100,Avenida Deputado Sílvio Teixeira,Jardins,521,25
49025120,Avenida Dona Mariquinha Seixas Dórea,Grageru,521,25
49025125,Rua Humberto Pinto Maia,Grageru,521,25
49025130,Rua Doutor Wilson Rocha,Grageru,521,25
49025140,"Rua Tênisson Ribeiro, de 666/667 ao fim",Grageru,521,25
49025160,Rua Elizio Araújo,Grageru,521,25
49025170,Rua Engenheiro Hernan Centurion,Jardins,521,25
49025180,Rua Engenheiro Miguel Valverde Filho,Jardins,521,25
49025200,Rua Flávio Menezes Prado,Jardins,521,25
49025210,Rua Francisco Duarte Ramos,Jardins,521,25
49025220,Rua Francisco Gumercindo Bessa,Grageru,521,25
49025230,"Avenida Francisco Porto, até 99999 - lado ímpar",Jardins,521,25
49025240,"Rua Francisco Portugal, de 646/647 ao fim",Grageru,521,25
49025245,"Avenida Francisco Porto, de 1 ao fim - lado ímpar",Grageru,521,25
49025290,Rua Helvécio Maia,Grageru,521,25
49025300,Rua Valdemar Dantas,Grageru,521,25
49025310,Rua Humberto Pinto do Valle,Grageru,521,25
49025320,Travessa João Bispo de Lima,Grageru,521,25
49025330,Avenida Jorge Amado,Jardins,521,25
49025340,Rua Acrísio Moureira Siqueira,Jardins,521,25
49025360,"Rua Joventina Alves, de 701/702 ao fim",Grageru,521,25
49025370,Rua Juarez Carvalho,Jardins,521,25
49025380,Rua Leopoldo Mesquita,Grageru,521,25
49025390,Rua Lourival Chagas,Grageru,521,25
49025395,Rua Doutor Paulo Amaral,Grageru,521,25
49025400,Travessa Lourival Chagas,Grageru,521,25
49025420,Rua Maestro Domício Fraga,Grageru,521,25
49025440,Rua Manoel Espírito Santo,Grageru,521,25
49025450,Rua Doutor Augusto César Leite,Grageru,521,25
49025460,Rua Marechal Horta Barbosa,Grageru,521,25
49025480,Rua João Santana,Grageru,521,25
49025510,Rua Moacir Wanderley,Jardins,521,25
49025520,Praça Oliveira Belo,Grageru,521,25
49025530,Rua Orlando Magalhães Maia,Jardins,521,25
49025540,Avenida Pascoal Maynard,Grageru,521,25
49025550,Rua Passos Cabral,Jardins,521,25
49025570,"Avenida Pedro Paes Azevedo, de 661/662 ao fim",Grageru,521,25
49025580,Rua Petrônio Carvalho,Grageru,521,25
49025600,Rua Poeta João Freire Ribeiro,Grageru,521,25
49025620,"Avenida Presidente Tancredo Neves, até 2000 - lado par",Jardins,521,25
49025640,Rua Professor José Leônidas de Menezes,Grageru,521,25
49025650,Rua Professor Roberto Queiroz,Jardins,521,25
49025690,Rua Tasso Sobral,Grageru,521,25
49025700,Rua Terêncio Sampaio,Grageru,521,25
49025745,Rua João Lins Carneiro Albuquerque Filho,Jardins,521,25
49025750,Rua José Seabra Batista,Jardins,521,25
49025770,Rua José de Alencar Cardoso Neto,Grageru,521,25
49025780,Rua Júlio Sobral Prado,Grageru,521,25
49025790,Rua Mabel Batista Santos,Jardins,521,25
49025795,Rua Maria Eurides Almeida Souza,Jardins,521,25
49025800,Rua Aloísio Rodrigo Teti Filho,Jardins,521,25
49025820,Rua Cherobina de Carvalho Pinto,Jardins,521,25
49025830,Rua José Luiz da Conceição,Jardins,521,25
49025840,Rua Clovis Mozart Teixeira,Jardins,521,25
49025850,Avenida Santos Santana,Jardins,521,25
49026010,"Avenida Ministro Geraldo Barreto Sobral, lado ímpar",Jardins,521,25
49026020,"Avenida Hermes Fontes, de 1383 ao fim - lado ímpar",Grageru,521,25
49026030,"Rua Álvaro de Brito, de 701/702 ao fim",Jardins,521,25
49026040,Rua Deozane Vieira Freitas,Grageru,521,25
49026060,Rua Raimundo Oliveira Filho,Grageru,521,25
49026070,Travessa Manoel Antônio dos Santos,Grageru,521,25
49026080,Rua Arnóbio Alves Nunes,Grageru,521,25
49026100,Avenida Oviêdo Teixeira,Jardins,521,25
49026110,Rua Maria Alice O. Costa,Grageru,521,25
49026115,"Avenida Deputado Pedro Valadares, lado par",Grageru,521,25
49026120,Rua Maria Valdeir Nascimento Lins,Grageru,521,25
49026130,Rua Tatiana Castro,Grageru,521,25
49026140,Rua Doutor José de Faro Menezes,Jardins,521,25
49026150,Rua José Carvalho Pinto,Jardins,521,25
49026160,Rua Jacinto Uchoa de Mendonça,Grageru,521,25
49026170,Rua Carlos Alberto Chamusca Tourinho,Jardins,521,25
49026180,Praça Doutor Pedro Garcia Moreno,Grageru,521,25
49026190,Rua Desembargador Luiz Pereira de Melo,Jardins,521,25
49026200,Rua Jenner Augusto,Jardins,521,25
49026203,Rua Cantito Menezes Lima,Jardins,521,25
49026206,Rua L (Lot Poxim),Jardins,521,25
49026209,Avenida Hélio de Souza Leão,Jardins,521,25
49026215,"Rua Engenheiro Marcondes Ferraz, de 1/2 ao fim",Jardins,521,25
49026220,Rua F (Lot Poxim),Jardins,521,25
49026230,Rua Monsenhor José Amaral de Oliveira,Jardins,521,25
49026233,Rua Hamilton Luduvice,Jardins,521,25
49026236,Alameda Nove,Jardins,521,25
49026900,"Shopping Jardins, Avenida Ministro Geraldo Barreto Sobral, 215",Jardins,521,25
49027000,Avenida Franklin de Campos Sobral,Grageru,521,25
49027010,"Avenida Adélia Franco, até 3249 - lado ímpar",Grageru,521,25
49027015,Rua Rafael Pereira Rodrigues,Grageru,521,25
49027020,Rua Amintas Diniz de Aguiar Dantas,Grageru,521,25
49027040,Rua Deputado Zeca Pereira,Grageru,521,25
49027050,Rua Comendador Manoel Gonçalves,Grageru,521,25
49027060,Rua Doutor Derivaldo de Figueiredo,Grageru,521,25
49027070,Rua Luiz da Hora Santos,Grageru,521,25
49027080,Rua Raimundo Oliveira Silva,Grageru,521,25
49027090,Rua Doutor José Roberto Ribeiro,Grageru,521,25
49027100,Rua Valquiria Luiza Campos Nascimento,Grageru,521,25
49027110,Rua Doutor Manoel Tavares de Menezes,Grageru,521,25
