49027120,Rua Doutor Olavo Ferreira Leite,Grageru,521,25
49027130,Rua Honor Gregório Santos,Grageru,521,25
49027140,Rua João Teles da Costa,Grageru,521,25
49027150,Rua João Vieira de Aquino,Grageru,521,25
49027160,Rua Tenente José de Oliveira Filho,Grageru,521,25
49027180,Rua Lúcio Mota,Grageru,521,25
49027190,Avenida Marieta Leite,Grageru,521,25
49027210,Rua Milton do Prado Melo,Grageru,521,25
49027220,Rua Oscar Valois Galvão,Grageru,521,25
49027230,Praça Poeta Clodoaldo de Alencar,Grageru,521,25
49027240,Rua Professora Alda Piassa,Grageru,521,25
49027250,Rua Vereador Rosalvo Silva,Grageru,521,25
49027255,"Avenida Ministro Geraldo Barreto Sobral, lado par",Grageru,521,25
49027260,Rua Milton Emílio de Góes Filho,Grageru,521,25
49027270,Rua Deputado Francisco Guedes Melo,Grageru,521,25
49027280,Rua José da Silva Peixoto,Grageru,521,25
49027290,Rua João Ednaldo Alves dos Santos,Jardins,521,25
49027295,Avenida Francisco Freitas Bendocchi Alves,Jardins,521,25
49027300,Rua Antônio Conde Dias,Jardins,521,25
49027310,Rua Sara Schuster,Jardins,521,25
49027320,Rua Evaldo Alcides Pereira,Jardins,521,25
49027330,Rua Edymee de Azevedo Figueiredo,Grageru,521,25
49027340,Rua Construtora Cunha,Grageru,521,25
49027345,"Avenida Iolanda Pinto de Jesus, lado par",Grageru,521,25
49027350,Rua Gilberto Almeida,Grageru,521,25
49027370,Rua José Edivaldo dos Santos,Grageru,521,25
49027380,Rua Gérson Martins,Grageru,521,25
49027390,Alameda Deputado Dilson Batista,Grageru,521,25
49027400,Rua Antônio de Pádua Araújo,Grageru,521,25
49027410,Rua Manoel Joaquim Correia,Grageru,521,25
49027415,Rua Maria das Graças de Aguiar Cunha,Grageru,521,25
49027420,Rua Três (Jd Jussara),Grageru,521,25
49027425,Rua José Rodrigues Lima,Grageru,521,25
49027900,"Governo do Estado de Sergipe (Casa Civil), Avenida Adélia Franco, 3305",Grageru,521,25
49030000,Avenida Josino José de Almeida,Farolândia,521,25
49030010,Praça Acrísio Garcez,Farolândia,521,25
49030013,Travessa Professora Ofenísia Freire,Farolândia,521,25
49030020,Rua Agenor Machado de Freitas,Farolândia,521,25
49030030,Rua Agrônomo Tenisson Freire,Farolândia,521,25
49030040,Rua Albino Rufino de Santana,Farolândia,521,25
49030050,Rua Frei Damião,Farolândia,521,25
49030060,Rua Alziro Zarur,Farolândia,521,25
49030070,Rua Antônio Leite Guimarães,Farolândia,521,25
49030080,Rua Aquilino Massena,Farolândia,521,25
49030083,Rua A6 (Cj Augusto Franco),Farolândia,521,25
49030086,Rua Maria Amélia Lima Lopes,Farolândia,521,25
49030090,Rua Arnaldo Maciel de Andrade,Farolândia,521,25
49030110,Rua Áurea Costa,Farolândia,521,25
49030120,Rua Bacharel Geraldo Gomes Martins,Farolândia,521,25
49030130,Avenida Caçula Barreto,Farolândia,521,25
49030140,Rua Carlos Menezes Faro,Farolândia,521,25
49030150,Rua Carlos Pereira de Melo,Farolândia,521,25
49030160,Rua Coronel Adelino Domingos da Silva,Farolândia,521,25
49030170,Rua Maria Ramos de Menezes,Farolândia,521,25
49030180,Rua Coronel Manoel Machado dos Santos,Farolândia,521,25
49030190,Rua Coronel Manoel Ramos dos Santos,Farolândia,521,25
49030200,Rua Dalvo da Silva Barbosa,Farolândia,521,25
49030210,Avenida Maria Pastora,Farolândia,521,25
49030213,Rua Professora Ofenísia Freire,Farolândia,521,25
49030220,Praça Deputado Pedro Barreto de Andrade,Farolândia,521,25
49030230,Rua Deputado Pedro Batalha de Gois,Farolândia,521,25
49030240,Rua Simon Bolívar,Farolândia,521,25
49030250,Avenida Doutor Adel Nunes,Farolândia,521,25
49030260,Rua Sebastião Chagas,Farolândia,521,25
49030270,Avenida Doutor José Thomas D'Ávila Nabuco,Farolândia,521,25
49030280,Rua Maria Dionete Santos de Souza,Farolândia,521,25
49030283,Rua Antônio Valença Monteiro,Farolândia,521,25
49030290,Avenida Doutor Tarcísio Daniel dos Santos,Farolândia,521,25
49030293,Rua C (Cj Augusto Franco),Farolândia,521,25
49030296,Rua Dois (Cj Augusto Franco),Farolândia,521,25
49030300,Rua Isaac Correia Barreto,Farolândia,521,25
49030310,Rua Engenheiro Fook Mau,Farolândia,521,25
49030320,Rua Nelson Souza,Farolândia,521,25
49030323,Rua José da Amarante,Farolândia,521,25
49030330,Rua Erivaldo de Almeida Gama,Farolândia,521,25
49030333,Rua Claudionor da Silva Tupinambá,Farolândia,521,25
49030340,Rua Fernando Gomes Ferreira,Farolândia,521,25
49030350,Rua Fiscal Adalberto Menezes de Andrade,Farolândia,521,25
49030355,Avenida Marginal,Farolândia,521,25
49030360,Rua Francolino Rodrigues Lima,Farolândia,521,25
49030370,Rua Hamilton Lopes Galvão,Farolândia,521,25
49030390,Praça Industrial João Rodrigues da Cruz,Farolândia,521,25
49030400,Rua Industrial José Orestes dos Santos,Farolândia,521,25
49030410,Rua Janete Brandão,Farolândia,521,25
49030420,Rua Manoel Fernandes Barbosa Santos,Farolândia,521,25
49030423,Rua Silvio do Espírito Santo Seixas,Farolândia,521,25
49030426,Rua Mabel Dantas do Espírito Santo,Farolândia,521,25
49030430,Rua João Muniz Barreto,Farolândia,521,25
49030440,Rua João Smith,Farolândia,521,25
49030450,Praça Jornalista Orlando Dantas,Farolândia,521,25
49030460,Rua José Alves Pereira,Farolândia,521,25
49030470,Rua José Augusto Costa,Farolândia,521,25
49030480,Rua José Cunha Alcântara,Farolândia,521,25
49030490,Rua José de Souza Filho,Farolândia,521,25
49030500,Rua Lealdo Ferreira de Melo,Farolândia,521,25
49030510,Praça Major Edeltrudes Teles,Farolândia,521,25
49030520,Rua Major Hunaldo dos Santos,Farolândia,521,25
49030530,Rua Manoel Euclides de Oliveira,Farolândia,521,25
49030533,Rua J4 (Cj Augusto Franco),Farolândia,521,25
49030540,Rua Manoel Jonas de Andrade,Farolândia,521,25
49030543,Rua E6 (Cj Augusto Franco),Farolândia,521,25
49030546,Rua F6 (Cj Augusto Franco),Farolândia,521,25
49030549,Rua Jornaleiro Gervásio dos Santos,Farolândia,521,25
49030550,Rua Manoel José de Almeida,Farolândia,521,25
49030560,Rua Manoel Messias Leite de Andrade,Farolândia,521,25
49030563,Rua Treze (Cj Augusto Franco),Farolândia,521,25
49030570,Rua Edson de Oliveira Santana,Farolândia,521,25
49030580,Rua O2 (Cj Augusto Franco),Farolândia,521,25
49030600,Rua Maria Adolfina Costa,Farolândia,521,25
49030610,Rua Maria de Amarante,Farolândia,521,25
49030620,Rua Irmã Clotildes de Oliveira,Farolândia,521,25
49030630,Praça Promotor Marques Guimarães,Farolândia,521,25
49030640,"Avenida Prefeito Heráclito Rollemberg, até 99998 - lado par",Farolândia,521,25
49030650,Rua Presbítero Aloísio Santos,Farolândia,521,25
49030670,Rua Promotor Fernando Maia,Farolândia,521,25
49030676,Rua Oito (Cj Augusto Franco),Farolândia,521,25
49030679,Rua Nove (Cj Augusto Franco),Farolândia,521,25
49030680,Rua Promotor Joaquim Valença,Farolândia,521,25
49030683,Rua Três (Cj Augusto Franco),Farolândia,521,25
49030686,Rua Quatro (Cj Augusto Franco),Farolândia,521,25
49030690,Rua Promotor José Medeiros,Farolândia,521,25
49030700,Rua Renato Augusto Martins,Farolândia,521,25
49030710,Rua Sargento Vasconcelos,Farolândia,521,25
49030720,Rua Tenente Waldir dos Santos,Farolândia,521,25
49030730,Rua Valdomiro Ferreira Lima,Farolândia,521,25
49030750,Rua Valdomiro Teófilo,Farolândia,521,25
49030760,Rua Vereador Flávio Diniz,Farolândia,521,25
49030770,Rua Waldemar Monteiro,Farolândia,521,25
49030790,Rua Edson de Oliveira,Farolândia,521,25
49030800,Rua Olinda Araújo,Farolândia,521,25
49030810,Rua Salvelina dos Santos,Farolândia,521,25
49030820,Rua Professor Luiz Cláudio Sobreira Correia,Farolândia,521,25
49030830,Rua Maria Nazareth Barros Santos,Farolândia,521,25
49030833,Rua A (Lot Mangabeiras),Farolândia,521,25
49030836,Rua B (Lot Mangabeiras),Farolândia,521,25
49030839,Rua Joana dos Santos Aragão,Farolândia,521,25
49030840,Rua Maria Barros,Farolândia,521,25
49031000,Travessa Maria de Lia,Farolândia,521,25
49031010,Rua Brasílio Martinho Valle,Farolândia,521,25
49031020,Rua José Augusto dos Santos,Farolândia,521,25
49031030,Rua Timóteo Calazans dos Santos,Farolândia,521,25
49031040,Rua Lenio de Moura Morais,Farolândia,521,25
49031050,Rua Edson da Cunha Lima,Farolândia,521,25
49031060,Rua Maria de Lourdes Ramos Gonçalves,Farolândia,521,25
49031063,Rua B5 (Cj Augusto Franco),Farolândia,521,25
49031070,Rua Antônio Teixeira Gonçalves,Farolândia,521,25
49031073,Rua H5 (Cj Augusto Franco),Farolândia,521,25
49031076,Rua I5 (Cj Augusto Franco),Farolândia,521,25
49031080,Rua Risoleta Rodrigues Brito,Farolândia,521,25
49031090,Rua Antônio Barbosa de Araújo,Farolândia,521,25
49031100,Rua Eugídia Rodrigues dos Santos,Farolândia,521,25
49031120,"Rua A, loteamento Aningas",Farolândia,521,25
49031130,Rua Professora Nair Ribeiro Porto,Farolândia,521,25
49031133,Rua Maria Inácia Santos,Farolândia,521,25
49031150,Rua Presbítero Edson Freire Costa,Farolândia,521,25
49031190,Rua Luiz dos Santos Mendonça,Farolândia,521,25
49031210,Rua Antônio Ramos Mendonça,Farolândia,521,25
49031220,Rua Juarez de Oliveira Ribeiro,Farolândia,521,25
49031230,Rua Jorge dos Santos Mendonça,Farolândia,521,25
49031240,Rua José Vieira de Jesus,Farolândia,521,25
49031250,Rua Capitão Antônio Tavares dos Santos,Farolândia,521,25
49031260,Avenida Vereador Manoel Dória,Farolândia,521,25
49031270,Avenida Adriano Prado Paes Mendonça,Farolândia,521,25
49031280,Rua Antônio Fonseca Neto,Farolândia,521,25
49031290,Rua Carlos Correia de Araujo,Farolândia,521,25
49031300,Rua Carlos Henrique Carvalho de Melo,Farolândia,521,25
49031340,Rua José de Almeida Pinheiro,Farolândia,521,25
49031350,Rua Josefa Marinez Leite de Oliveira,Farolândia,521,25
49031400,Rua Jardel Anderson Machado dos Santos,Farolândia,521,25
49031410,Rua A (Lot Aningas),Farolândia,521,25
49031413,Rua B (Lot Aningas),Farolândia,521,25
49031416,Rua C (Lot Aningas),Farolândia,521,25
49031419,Rua E (Lot Aningas),Farolândia,521,25
49031422,Rua F (Lot Aningas),Farolândia,521,25
49031425,Rua G (Lot Aningas),Farolândia,521,25
49031428,Rua D (Lot Aningas),Farolândia,521,25
49031970,"AGF Augusto Franco, Praça Deputado Pedro Barreto de Andrade, 75-A",Farolândia,521,25
49032000,"Avenida Beira-mar, de 2 ao fim - lado par",Farolândia,521,25
49032010,Rua Alferes José Pedro de Brito,Farolândia,521,25
49032013,Rua Presídio José de Brito,Farolândia,521,25
49032016,Avenida Capitão Joaquim Martins Fontes,Farolândia,521,25
49032020,Rua Edmundo Prado Maia,Farolândia,521,25
49032030,Rua Amaralina,Farolândia,521,25
49032050,Rua Carlos Gomes,Farolândia,521,25
49032060,Rua Tenente Aragão,Farolândia,521,25
49032070,Rua João Gama da Silva,Farolândia,521,25
49032080,Largo José Augusto Rocha Lima,Farolândia,521,25
49032090,Rua José de Dome,Farolândia,521,25
49032093,Travessa José de Dome,Farolândia,521,25
49032099,Travessa K,Farolândia,521,25
49032100,Rua Manoel Vicente de Brito,Farolândia,521,25
49032103,Rua Eunaldo José da Costa,Farolândia,521,25
49032110,Praça dos Navegantes,Farolândia,521,25
49032130,Rua Matapoã,Farolândia,521,25
49032140,Rua Paulo Afonso,Farolândia,521,25
49032150,Rua Rosalina,Farolândia,521,25
49032153,Rua Marechal José Joaquim Pereira Lobo,Farolândia,521,25
49032160,Rua Vicente Rodrigues,Farolândia,521,25
49032170,Travessa Vicente Rodrigues,Farolândia,521,25
49032180,Rua Maria de Oliveira Mendonça,Farolândia,521,25
49032190,Praça Theodorico do Prado Montes,Farolândia,521,25
49032200,Rua João Nelson de Melo,Farolândia,521,25
49032203,Travessa Claudionor Leite,Farolândia,521,25
49032206,Travessa França,Farolândia,521,25
49032210,Rua Marieta Cabral de Andrade,Farolândia,521,25
49032213,Travessa Maria Pastora,Farolândia,521,25
49032220,Rua Álvaro Garcia Araújo,Farolândia,521,25
49032230,Rua Santo Agostinho,Farolândia,521,25
49032235,Rua Dona Emerita Mendonça de Araújo,Farolândia,521,25
49032240,Rua João Matos Carvalho,Farolândia,521,25
49032243,Rua C (Jd Mar Azul),Farolândia,521,25
49032246,Rua Ana Célia Santos Barroso,Farolândia,521,25
49032250,Rua Doutor Lúcio Prado,Farolândia,521,25
49032260,Praça Florival Brito,Farolândia,521,25
49032280,Rua Ecologista Chico Mendes,Farolândia,521,25
49032290,Rua Antônio Carlos Dias Soares,Farolândia,521,25
49032293,Rua A (Jd Sto Antônio),Farolândia,521,25
49032296,Rua B (Jd Sto Antônio),Farolândia,521,25
49032300,Avenida João Vítor de Matos,Farolândia,521,25
49032303,Rua Joaquim Lins de Andrade,Farolândia,521,25
49032310,Rua Mário de Andrade,Farolândia,521,25
49032316,Travessa C (Jd Mar Azul),Farolândia,521,25
49032323,Travessa Paris,Farolândia,521,25
49032330,Rua José do Prado Barreto,Farolândia,521,25
49032340,Rua Claudionor Leite,Farolândia,521,25
49032350,Rua Alu Campos,Farolândia,521,25
49032360,Rua Tenente Antônio Fontes Pitanga,Farolândia,521,25
49032363,Rua Marcílio Duarte Cabral,Farolândia,521,25
49032370,Rua Guarapari,Farolândia,521,25
49032380,Rua Icaraí,Farolândia,521,25
49032383,Rua C (Lot Mar e Sol),Farolândia,521,25
49032386,Rua D (Lot Mar e Sol),Farolândia,521,25
49032389,Rua B (Lot Mar e Sol),Farolândia,521,25
49032390,Rua Guarujá,Farolândia,521,25
49032394,Travessa José Conrado de Araújo I,Farolândia,521,25
49032397,Travessa José Conrado de Araújo II,Farolândia,521,25
49032400,Rua José Conrado de Araújo,Farolândia,521,25
49032403,Rua Olinto Fontes,Farolândia,521,25
49032406,Rua Doutor Lélio Fortes,Farolândia,521,25
49032410,Rua João Carneiro de Melo,Farolândia,521,25
49032413,Avenida Isaac José Rodrigues,Farolândia,521,25
49032420,Rua Doutor Jorge Cabral,Farolândia,521,25
49032430,Rua Desembargador José Rodrigues Nou,Farolândia,521,25
49032440,Rua Leonídia Rodrigues Santos,Farolândia,521,25
49032443,Travessa Corretor Otoniel Souza Medrado,Farolândia,521,25
49032446,Rua João Honorato Santana,Farolândia,521,25
49032450,Rua Leovegildo Martins Fontes,Farolândia,521,25
49032460,Rua Joaquim Soares Bezerra (Lot Maar),Farolândia,521,25
49032463,Travessa Acácias,Farolândia,521,25
49032466,Rua C (Lot Sr do Bomfim),Farolândia,521,25
49032470,Rua Marcolino Messias Ramos,Farolândia,521,25
49032473,Travessa B (Lot Sr do Bonfim),Farolândia,521,25
49032476,Rua A (Lot Sr do Bonfim),Farolândia,521,25
49032479,Travessa A (Lot Sr do Bonfim),Farolândia,521,25
49032480,Avenida Presbítero Antônio Rodrigues Pereira,Farolândia,521,25
49032483,Rua F (Lot Sr do Bonfim),Farolândia,521,25
49032489,Rua D (Lot Sr do Bonfim),Farolândia,521,25
49032490,Avenida Murilo Dantas,Farolândia,521,25
49032500,Avenida Paulo Silva,Farolândia,521,25
49032971,"ACC I UNIT, Avenida Murilo Dantas, 300",Farolândia,521,25
49035005,"Avenida Oceânica, até 99998/99999",Atalaia,521,25
49035010,Alameda Alberto Magno Paiva,Coroa do Meio,521,25
49035020,Rua Aloísio Campos,Atalaia,521,25
49035030,Rua Jornalista João Moreira,Atalaia,521,25
49035040,Rua Anísio da Silva Tavares,Atalaia,521,25
49035050,Rua Antônio Andrade,Coroa do Meio,521,25
49035070,Rua Antônio Maia,Coroa do Meio,521,25
49035080,Rua Antônio Oliva Paiva,Atalaia,521,25
49035090,Rua Doutor Fernando Sampaio,Atalaia,521,25
49035100,Avenida Asa Branca,Coroa do Meio,521,25
49035110,Rua Engenheiro Francisco Manoel da Costa,Atalaia,521,25
49035140,Rua Alexandre Freitas Barros,Coroa do Meio,521,25
49035150,Praça Carvalho Neto,Atalaia,521,25
49035170,Rua Cônego José Félix de Oliveira,Coroa do Meio,521,25
49035180,Rua Coronel José Figueiredo de Albuquerque,Atalaia,521,25
49035190,Rua Urbano Neto,Coroa do Meio,521,25
49035200,Rua Doutor Álvaro Santana,Coroa do Meio,521,25
49035210,Rua Desembargador Otávio Souza Leite,Atalaia,521,25
49035230,Rua Maria Rezende Machado,Atalaia,521,25
49035250,Rua Pastor Martim Luther King,Atalaia,521,25
49035253,Travessa Pastor Martim Luther King,Atalaia,521,25
49035260,Rua Doutor Milton Dortas Mendonça,Atalaia,521,25
49035265,Avenida Desembargador José Antonio de Andrade Goes,Atalaia,521,25
49035268,Travessa Um (Jd Atlântico),Atalaia,521,25
49035270,Rua Doutor Yohn,Atalaia,521,25
49035300,Rua Engenheiro Jorge de Oliveira Neto,Coroa do Meio,521,25
49035310,Rua Euclides Góis,Atalaia,521,25
49035330,Rua Manoel Freitas de Andrade,Coroa do Meio,521,25
49035355,"Rua Gervásio de Araújo Souza, até 99998/99999",Atalaia,521,25
49035360,Alameda Gilberto Vieira Leite,Coroa do Meio,521,25
49035370,Rua Gilson Rolemberg,Aeroporto,521,25
49035380,Rua Heriberto Rezende Gois,Coroa do Meio,521,25
49035410,Rua João Hora de Oliveira,Coroa do Meio,521,25
49035430,Rua Jornalista João Batista de Sant'Anna,Coroa do Meio,521,25
49035440,Praça José Alves,Atalaia,521,25
49035450,Rua José de Albuquerque Feijó,Coroa do Meio,521,25
49035460,Alameda José Samuel de Almeida,Coroa do Meio,521,25
49035470,Rua José Steremberg,Atalaia,521,25
49035480,Rua Josias Vieira Dantas,Coroa do Meio,521,25
49035490,Rua Josué de Carvalho Cunha,Coroa do Meio,521,25
49035500,Avenida Delmiro Gouveia,Coroa do Meio,521,25
49035503,Rua Um (Cj Marcelo Deda),Coroa do Meio,521,25
49035506,Rua Dois (Cj Marcelo Deda),Coroa do Meio,521,25
49035509,Rua Três (Cj Marcelo Deda),Coroa do Meio,521,25
49035516,Rua Cinco (Cj Marcelo Deda),Coroa do Meio,521,25
49035519,Rua Seis (Cj Marcelo Deda),Coroa do Meio,521,25
49035523,Rua Sete (Cj Marcelo Deda),Coroa do Meio,521,25
49035526,Travessa José Rosendo dos Santos,Coroa do Meio,521,25
49035529,Travessa L3,Coroa do Meio,521,25
49035530,Rua Manoel Andrade,Coroa do Meio,521,25
49035533,Rua L4,Coroa do Meio,521,25
49035536,Rua Yolanda Ferrari Vargas,Coroa do Meio,521,25
49035539,Travessa Maria Pureza de Jesus,Coroa do Meio,521,25
49035560,Rua Monsenhor Ergar Brito,Atalaia,521,25
49035570,Rua Newton Porto,Coroa do Meio,521,25
49035615,Largo Eleonor Roosevelt,Coroa do Meio,521,25
49035620,Avenida Desembargador José Antonio de Andrade Goes,Coroa do Meio,521,25
49035623,Rua A (Cj Marcelo Deda),Coroa do Meio,521,25
49035626,Rua B (Cj Marcelo Deda),Coroa do Meio,521,25
49035629,Rua C (Cj Marcelo Deda),Coroa do Meio,521,25
49035630,Rua Pedro Mandarino,Coroa do Meio,521,25
49035633,Rua D (Cj Marcelo Deda),Coroa do Meio,521,25
49035640,Rua Péricles Vieira de Azevedo,Coroa do Meio,521,25
49035645,"Rua Gervásio de Araújo Souza, de 1/2 ao fim",Coroa do Meio,521,25
49035650,Rua Poeta José Salles de Campos,Coroa do Meio,521,25
49035655,"Avenida Oceânica, de 1/2 ao fim",Coroa do Meio,521,25
49035660,Avenida Mário Jorge Menezes Vieira,Atalaia,521,25
49035670,Travessa José Alves dos Santos,Atalaia,521,25
49035680,Rua Professor José Freitas de Andrade,Coroa do Meio,521,25
49035690,Rua Professor Jugurta Feitosa Franco,Coroa do Meio,521,25
49035710,Rua Renato Fonseca de Oliveira,Coroa do Meio,521,25
49035720,Avenida Roberto da Costa Barros,Coroa do Meio,521,25
49035740,Rua Sônia Alves Lopes,Coroa do Meio,521,25
49035750,Rua Vereador Joaquim Maurício Cardoso Filho,Coroa do Meio,521,25
49035760,Rua Vicente Mesquita,Atalaia,521,25
49035765,Rua Guilherme Figueiredo,Atalaia,521,25
49035770,Rua Waldemar Silva Carvalho,Coroa do Meio,521,25
49035780,Rua Capitão Tenente Edivaldo Lima Santos,Coroa do Meio,521,25
49035785,"Avenida Santos Dumont, de 1097/1098 ao fim",Coroa do Meio,521,25
49035803,Travessa Oceanário,Coroa do Meio,521,25
49035806,Travessa da Delegacia,Coroa do Meio,521,25
49035809,Travessa Orlinha,Coroa do Meio,521,25
49035810,Rua Delmiro Gouveia,Coroa do Meio,521,25
49035818,Travessa Joaquim Cardoso,Coroa do Meio,521,25
49035900,"Shopping Riomar, Rua Delmiro Gouveia, s/n",Coroa do Meio,521,25
49036030,Rua José Saturnino de Oliveira,Atalaia,521,25
49036070,Rua Doutor Benedito Guedes,Atalaia,521,25
49036080,Rua Constantino Gomes,Atalaia,521,25
49036090,Rua Construtor Genival Maciel,Coroa do Meio,521,25
49036110,Rua João Nunes de Andrade,Atalaia,521,25
49036120,Rua Dom João VI,Atalaia,521,25
49036130,Rua Professor Joaquim Cardoso,Coroa do Meio,521,25
49036170,Rua Professora Maria Pureza de Jesus,Atalaia,521,25
49036180,Rua Doutor Nobre de Lacerda,Atalaia,521,25
49036190,Rua Doutor Yolando Vieira de Melo,Atalaia,521,25
49036210,Rua Cabo Sylvio de Oliveira Cruz,Atalaia,521,25
49036240,Rua Alda Mesquita Teixeira,Coroa do Meio,521,25
49036245,Rua Nely Correia de Andrade,Coroa do Meio,521,25
49036270,Praça Poeta Ascenso Ferreira,Atalaia,521,25
49036970,"AC Shopping Riomar, Rua Delmiro Gouveia, 400",Coroa do Meio,521,25
49037000,Rua François Hoald,Atalaia,521,25
49037010,Praça Alcebíades Paes,Atalaia,521,25
49037020,Rua Alceu Amoroso Lima,Aeroporto,521,25
49037023,Rua Jules Norman de Souza,Aeroporto,521,25
49037026,Rua Agenor Costa Vieira,Aeroporto,521,25
49037029,Rua Neusa Melo de Meneses,Aeroporto,521,25
49037030,Rua da Enseada,Aeroporto,521,25
49037040,Rua das Jangadas,Aeroporto,521,25
49037050,Avenida Antônio Alves,Atalaia,521,25
49037060,Rua Arício Guimarães Fortes,Atalaia,521,25
49037083,Rua A (Lot Chalés),Aeroporto,521,25
49037086,Rua Félix Mendes Rodrigues,Aeroporto,521,25
49037089,Rua José Oliveira Lima,Aeroporto,521,25
49037090,Rua Bráulio Costa,Atalaia,521,25
49037100,Rua Cinegrafista Pinheiro,Aeroporto,521,25
49037103,Rua Luiz Leite da Silva,Aeroporto,521,25
49037109,Rua Vanira Bispo da Luz,Aeroporto,521,25
49037110,Rua da Concórdia,Atalaia,521,25
49037120,Rua Deputado Clóvis Rollemberg,Atalaia,521,25
49037130,Avenida Desembargador João Bosco de A. Lima,Atalaia,521,25
49037143,Rua José Quirino dos Santos (Lg S Conrado),Aeroporto,521,25
49037146,Rua Manoel Bispo dos Santos,Aeroporto,521,25
49037150,Rua Lourival Emílio Prata,Aeroporto,521,25
49037160,Rua Fábio Fortes,Atalaia,521,25
49037170,Praça Durval Andrade,Atalaia,521,25
49037180,Rua Durval Maynard,Atalaia,521,25
49037190,Rua Elenita Nery Gomes,Aeroporto,521,25
49037193,Rua A (Lot Sta Tereza),Aeroporto,521,25
49037196,Rua B (Lot Sta Tereza),Aeroporto,521,25
49037200,Rua Etelvino Alves Lima,Atalaia,521,25
49037203,Rua G (Inv Varzea),Atalaia,521,25
49037210,Rua Exator Ernesto José Francisco,Aeroporto,521,25
49037213,Rua G (Lot Sta Tereza),Aeroporto,521,25
49037216,Rua H (Lot Sta Tereza),Aeroporto,521,25
49037219,Rua D (Lot Sta Tereza),Aeroporto,521,25
49037220,Rua Firmino Fontes,Atalaia,521,25
49037230,Rua Doutor Jorge Ricardo Rocha,Aeroporto,521,25
49037233,Rua E (Lot Sta Tereza),Aeroporto,521,25
49037236,Rua Maria Áurea Tourinho,Aeroporto,521,25
49037239,Travessa Ex-Combatente Durval de Souza Prado,Aeroporto,521,25
49037240,Rua Francisco Rabelo Leite Neto,Atalaia,521,25
49037250,Rua Gobiraba,Atalaia,521,25
49037260,Rua Ariovaldo de Matos,Aeroporto,521,25
49037263,Rua Manoel Cândido dos Santos,Aeroporto,521,25
49037266,Rua Manoel Lotério da Ressurreição,Aeroporto,521,25
49037269,Rua Maria Albertina de Jesus,Aeroporto,521,25
49037270,Rua Tereza Cristina Almeida Santana,Aeroporto,521,25
49037280,Praça Armando Feitosa Franco,Atalaia,521,25
49037290,Rua Jaime de Souza Lima,Aeroporto,521,25
49037293,Rua Maria Francisca Cavalcante,Aeroporto,521,25
49037296,Rua Maria do Rosário F Santos,Aeroporto,521,25
49037299,Rua José Raimundo da Silva,Aeroporto,521,25
49037310,Rua João Batista Pimentel,Aeroporto,521,25
49037320,Rua João Garcez Vieira,Aeroporto,521,25
49037330,Rua Jordão de Oliveira,Atalaia,521,25
49037340,Rua Jornalista Paulo Costa,Atalaia,521,25
49037350,Rua José Calumby Barreto,Aeroporto,521,25
49037353,Praça Recanto da Paz,Aeroporto,521,25
49037356,Rua Manoel Henrique dos Santos,Aeroporto,521,25
49037359,Rua Júlia Maria dos Santos,Aeroporto,521,25
49037360,Rua Alto da Bela Vista,Atalaia,521,25
49037370,Rua José de Oliveira Barros,Aeroporto,521,25
49037373,Rua José Gilberto santos da Silva,Aeroporto,521,25
49037380,Rua José Leite Prado,Atalaia,521,25
49037390,Avenida José Menezes Prudente,Aeroporto,521,25
49037393,Rua Um (Lot Diana),Aeroporto,521,25
49037396,Rua Dois (Lot Diana),Aeroporto,521,25
49037399,Rua Três (Lot Diana),Aeroporto,521,25
49037400,Rua José Teles Prudente,Aeroporto,521,25
49037410,Rua Juiz Moacir Sobral,Atalaia,521,25
49037445,"Avenida Melício Machado, lado ímpar",Atalaia,521,25
49037450,Avenida Monteiro Lobato,Atalaia,521,25
49037453,Travessa Monteiro Lobato,Atalaia,521,25
49037456,Travessa Isaac José Rodrigues,Atalaia,521,25
49037460,Rua Napoleão Dórea,Atalaia,521,25
49037470,Rua Niceu Dantas,Atalaia,521,25
49037475,"Avenida Santos Dumont, até 1088/1089",Atalaia,521,25
49037490,Avenida Poeta Vinícius de Morais,Atalaia,521,25
49037500,Praça Professor Manoel José Belém,Aeroporto,521,25
49037503,Rua Quatro (Lot Diana),Aeroporto,521,25
49037506,Rua Cinco (Lot Diana),Aeroporto,521,25
49037509,Rua Seis (Lot Diana),Aeroporto,521,25
49037510,Rua Professor Miguel Rezende,Atalaia,521,25
49037520,Avenida Professora Virgínia Cardoso Souza,Aeroporto,521,25
49037523,Rua Sete (Lot Diana),Aeroporto,521,25
49037526,Alameda Fábio Cardoso Ramos,Aeroporto,521,25
49037530,Rua Professora Zely Guedes Ximenes,Aeroporto,521,25
49037531,Residencial Chalés,Aeroporto,521,25
49037540,Rua Roney de Luca,Atalaia,521,25
49037543,Rua José Ricardo Unger Maynart,Atalaia,521,25
49037546,Rua P (Inv Varzea),Atalaia,521,25
49037549,Rua Q (Inv Varzea),Atalaia,521,25
49037550,Avenida Rotary,Atalaia,521,25
49037563,Rua Cândido Inácio,Aeroporto,521,25
49037566,Travessa Cândido Inácio,Aeroporto,521,25
49037570,Praça Santos Dumont,Aeroporto,521,25
49037580,Avenida Senador Júlio Leite,Aeroporto,521,25
49037589,Travessa Ivone Matos,Aeroporto,521,25
49037590,Rua Wilson Barbosa de Melo,Atalaia,521,25
49037600,Rua Manoel Rodrigues dos Santos,Aeroporto,521,25
49037603,Rua H (Cj Beira-Mar II),Aeroporto,521,25
49037606,Rua B (Cj Beira-Mar II),Aeroporto,521,25
49037609,Rua F (Cj Beira-Mar II),Aeroporto,521,25
49037620,Rua João Carvalho de Aragão,Atalaia,521,25
49037630,Rua Alberto Bragança de Azevedo,Atalaia,521,25
49037640,Rua Eduardo Abreu,Atalaia,521,25
49037650,Rua Doutor Aristóteles Augusto da Silva,Aeroporto,521,25
49037656,Rua H (Cj Sta Tereza),Aeroporto,521,25
49037659,Rua José Barreto Fontes,Aeroporto,521,25
49037660,Rua Rosina Matos,Aeroporto,521,25
49037670,Rua do Igaruana,Aeroporto,521,25
49037680,Alameda dos Búzios,Aeroporto,521,25
49037690,Rua Vicente Ourives,Aeroporto,521,25
49037691,Rua Coronel Jaime Simões,Aeroporto,521,25
49037692,Rua Valdomiro Santos Fiel,Aeroporto,521,25
49037693,Rua Alexandro Mota Prado,Aeroporto,521,25
49037694,Rua dos Cocos,Aeroporto,521,25
49037695,Rua D (Lot Sta Clara),Aeroporto,521,25
49037696,Rua E (Lot Sta Clara),Aeroporto,521,25
49037699,Rua A (Lot Sta Clara),Aeroporto,521,25
49037713,Rua B (Lot Sta Clara),Aeroporto,521,25
49037716,Rua C (Lot Sta Clara),Aeroporto,521,25
49037719,Rua F (Lot Sta Clara),Aeroporto,521,25
49037720,Rua Agnaldo José Brito,Aeroporto,521,25
49037730,Rua da Laguna,Aeroporto,521,25
49037740,Rua André Ramos,Atalaia,521,25
49037750,Rua das Medusas,Aeroporto,521,25
49037780,Rua José Argemiro Reis,Atalaia,521,25
49037800,Rua Professor Libêncio,Aeroporto,521,25
49037810,Rua Carlos Alberto de Jesus,Aeroporto,521,25
49037816,Rua Padre Cícero,Aeroporto,521,25
49037819,Rua Isabel Dória Leite,Aeroporto,521,25
49037820,Travessa José Franculino dos Santos,Aeroporto,521,25
49037821,Praça Selda de Vasconcelos Silveira,Aeroporto,521,25
49037831,Rua Sandoval Manuel dos Santos,Atalaia,521,25
49037834,"Avenida Hildete Falcão Baptista, lado ímpar",Atalaia,521,25
49037837,"Avenida Prefeito Heráclito Rollemberg, até 99999 - lado ímpar",Atalaia,521,25
49037840,Rua Marilene de Oliveira Reis,Aeroporto,521,25
49037843,Rua Júlio César Leite,Aeroporto,521,25
49037846,Travessa B (Lot Valdomiro),Aeroporto,521,25
49037849,Rua Sete de Setembro,Aeroporto,521,25
49037852,Rua Nossa Senhora da Paz,Aeroporto,521,25
49037856,Rua Jornalista Fernando Souza,Aeroporto,521,25
49037858,Rua A (Lot JC Barros),Aeroporto,521,25
49037861,Rua B (Lot JC Barros),Aeroporto,521,25
49037864,Rua C (Lot JC Barros),Aeroporto,521,25
49037867,Rua D (Lot JC Barros),Aeroporto,521,25
49037870,Rua E (Lot JC Barros),Aeroporto,521,25
49037873,Rua Quatro (Lot S João),Aeroporto,521,25
49037876,Rua Três (Lot S João),Aeroporto,521,25
49037879,Rua Dois (Lot S João),Aeroporto,521,25
49037971,"AC Aeroporto de Aracaju, Avenida Senador Júlio Leite, s/n",Aeroporto,521,25
49037972,"CDD Atalaia, Rua Agenor Costa Vieira, 70",Aeroporto,521,25
49037973,"AC Zona Sul, Avenida Melício Machado, 1060",Atalaia,521,25
49038010,Praça Major Bernardino Dantas,Atalaia,521,25
49038013,Rua A (Lot Atalaia Sul),Atalaia,521,25
49038016,Rua B (Lot Atalaia Sul),Atalaia,521,25
49038019,Rua C (Lot Atalaia Sul),Atalaia,521,25
49038023,Rua D (Lot Atalaia Sul),Atalaia,521,25
49038026,Rua E (Lot Atalaia Sul),Atalaia,521,25
49038029,Rua F (Lot Atalaia Sul),Atalaia,521,25
49038032,Rua G (Lot Atalaia Sul),Atalaia,521,25
49038035,Rua H (Lot Atalaia Sul),Atalaia,521,25
49038038,Rua I (Lot Atalaia Sul),Atalaia,521,25
49038040,Rua Doutor Osman Hora Fontes,Atalaia,521,25
49038043,Rua J (Lot Atalaia Sul),Atalaia,521,25
49038050,Alameda dos José Carlos Vital,Aeroporto,521,25
49038060,"Avenida Alexandre Alcino, até 99998/99999",Aeroporto,521,25
49038070,Rua dos Corais,Aeroporto,521,25
49038080,Rua dos Halibutes,Aeroporto,521,25
49038090,Rua Comandante Guy Ulbricht,Atalaia,521,25
49038110,Rua Jorgeval Francisco dos Santos,Atalaia,521,25
49038130,Rua Thaís Maria Araújo de Oliveira,Aeroporto,521,25
49038140,Rua Napoleão Francisco de Melo,Aeroporto,521,25
49038150,Rua Poeta Augusto dos Anjos,Atalaia,521,25
49038160,Rua Poeta Mário Quintana,Atalaia,521,25
49038170,Rua Poeta Manuel Bandeira,Atalaia,521,25
49038173,Rua Domingos Vasconcelos,Atalaia,521,25
49038180,Rua Contador Juraci Santana Pereira,Aeroporto,521,25
49038190,Rua Comerciante Ananias Nascimento,Aeroporto,521,25
49038200,Rua Poeta Raul de Leoni,Atalaia,521,25
49038210,Rua Poeta Jorge de Lima,Atalaia,521,25
49038220,Rua Poeta Ronaldo de Carvalho,Atalaia,521,25
49038230,Rua Poeta Augusto Frederico Schimidt,Atalaia,521,25
49038240,Rua Poeta Garcia Rosa,Atalaia,521,25
49038250,Rua Poeta Carlos Pena Filho,Atalaia,521,25
49038260,"Avenida Silvério Leite Fontes, lado par",Aeroporto,521,25
49038270,Travessa Francelino Santos,Aeroporto,521,25
49038280,Rua dos Lírios,Aeroporto,521,25
49038290,Praça das Mães,Aeroporto,521,25
49038300,Rua Pedro Lazar,Aeroporto,521,25
49038310,Rua Deputado Raimundo Diniz,Atalaia,521,25
49038313,Travessa Deputado Raimundo Diniz,Atalaia,521,25
49038320,Rua Lídia da Silva Oliveira,Atalaia,521,25
49038330,Rua Palmira Machado e Silva,Atalaia,521,25
49038340,Rua Manoel Motta,Aeroporto,521,25
49038350,Rua Professora Alira da Silva Carmo,Aeroporto,521,25
49038360,Rua das Dunas,Aeroporto,521,25
49038370,Rua da Aurora,Aeroporto,521,25
49038380,Rua do Sol,Aeroporto,521,25
49038390,Rua Professora Iria Sá dos Santos,Aeroporto,521,25
49038400,Rua Francisco Ferreira de Oliveira,Aeroporto,521,25
49038410,Rua Gentil Barbosa de Jesus,Aeroporto,521,25
49038420,Rua Orlando Sobral dos Santos,Aeroporto,521,25
49038430,Rua das Bromélias,Aeroporto,521,25
49038440,Avenida Fábio José Cardoso Ramos,Aeroporto,521,25
49038443,"Avenida Melício Machado, lado par",Aeroporto,521,25
49038446,"Avenida Hildete Falcão Baptista, lado par",Aeroporto,521,25
49038449,"Avenida Prefeito Heráclito Rollemberg, de 1 a 99999 - lado ímpar",Aeroporto,521,25
49038452,Rua Isaac José Rodrigues,Aeroporto,521,25
49040000,Rua Padre José de Anchieta,Inácio Barbosa,521,25
49040010,"Avenida Adelbrando Franco Menezes, lado ímpar",Inácio Barbosa,521,25
49040020,"Avenida Adélia Franco, de 3251 ao fim - lado ímpar",Inácio Barbosa,521,25
49040030,Rua Adroaldo Campos,Inácio Barbosa,521,25
49040050,Rua Ari Barroso,Inácio Barbosa,521,25
49040070,Avenida Beira Rio,Inácio Barbosa,521,25
49040080,Avenida Carlos Gomes,Inácio Barbosa,521,25
49040090,Travessa Casimiro de Abreu,Inácio Barbosa,521,25
49040100,Rua Castro Alves,Inácio Barbosa,521,25
49040110,Avenida Cecília Meireles,Inácio Barbosa,521,25
49040120,Rua Ceicinha Vieira,Inácio Barbosa,521,25
49040130,Rua Copérnico,Inácio Barbosa,521,25
49040133,Travessa Copérnico,Inácio Barbosa,521,25
49040140,Rua dos Cravos,Inácio Barbosa,521,25
49040150,Rua Ministro Apolônio Sales,Inácio Barbosa,521,25
49040160,Rua dos Crisântemos,Inácio Barbosa,521,25
49040170,Rua das Dálias,Inácio Barbosa,521,25
49040180,Rua Doutor Osvaldo Cruz,Inácio Barbosa,521,25
49040190,Rua Euclides da Cunha,Inácio Barbosa,521,25
49040200,Rua dos Flamboyants,Inácio Barbosa,521,25
49040210,Rua dos Girassóis,Inácio Barbosa,521,25
49040220,Rua Gonçalves Dias,Inácio Barbosa,521,25
49040250,Rua Isaac Schuster,Inácio Barbosa,521,25
49040260,Rua Joana de Souza Bonfim,Inácio Barbosa,521,25
49040270,Rua José Campos,Inácio Barbosa,521,25
49040280,Rua José de Alencar,Inácio Barbosa,521,25
49040290,Rua José Jacob Dias Polito,Inácio Barbosa,521,25
49040293,Rua Gerson dos Santos,Inácio Barbosa,521,25
49040300,Rua Júpiter,Inácio Barbosa,521,25
49040310,Rua dos Lírios,Inácio Barbosa,521,25
49040320,Rua Lourival Andrade,Inácio Barbosa,521,25
49040330,Rua Machado de Assis,Inácio Barbosa,521,25
49040340,Rua das Margaridas,Inácio Barbosa,521,25
49040350,Rua Ângela Maria Santana Ribeiro,Inácio Barbosa,521,25
49040353,Rua Sargento Cícero Ricardo de Silva,Inácio Barbosa,521,25
49040356,Rua M (Jd Esperança),Inácio Barbosa,521,25
49040370,Rua Marte,Inácio Barbosa,521,25
49040380,Rua Mercúrio,Inácio Barbosa,521,25
49040383,Travessa Mercúrio,Inácio Barbosa,521,25
49040400,Praça dos Nacionalistas,Inácio Barbosa,521,25
49040410,Rua Netuno,Inácio Barbosa,521,25
49040420,Rua Olavo Bilac,Inácio Barbosa,521,25
49040430,Rua das Orquídeas,Inácio Barbosa,521,25
49040460,Avenida Paulo VI,Inácio Barbosa,521,25
49040470,Praça Pedro Diniz Gonçalves Filho,Inácio Barbosa,521,25
49040480,Rua Plutão,Inácio Barbosa,521,25
49040490,"Avenida Presidente Tancredo Neves, até 2695 - lado ímpar",Inácio Barbosa,521,25
49040500,"Avenida Presidente Tancredo Neves, de 2002 a 2200 - lado par",Inácio Barbosa,521,25
49040510,Rua Professor José de Lima Peixoto,Inácio Barbosa,521,25
49040520,Rua Professor Sebrão Sobrinho,Inácio Barbosa,521,25
49040530,Rua Professora Valdice Andrade,Inácio Barbosa,521,25
49040540,Rua Ptolomeu,Inácio Barbosa,521,25
49040550,Rua das Rosas,Inácio Barbosa,521,25
49040560,Rua Rui Barbosa,Inácio Barbosa,521,25
49040570,Rua Saldanha da Gama,Inácio Barbosa,521,25
49040580,Rua Saturno,Inácio Barbosa,521,25
49040590,Rua Tereza Virgínia Andrade,Inácio Barbosa,521,25
49040600,Praça Tiradentes,Inácio Barbosa,521,25
49040610,Rua Universo,Inácio Barbosa,521,25
49040620,Rua Urano,Inácio Barbosa,521,25
49040623,Travessa Urano,Inácio Barbosa,521,25
49040630,Rua Vênus,Inácio Barbosa,521,25
49040640,Rua Vidal Negreiros,Inácio Barbosa,521,25
49040643,Rua Jornalista Fernando Sávio,Inácio Barbosa,521,25
49040650,Rua das Violetas,Inácio Barbosa,521,25
49040660,Rua Vítor Meireles,Inácio Barbosa,521,25
49040670,Rua Volney Loureiro Tavares,Inácio Barbosa,521,25
49040680,Rua Zumbi dos Palmares,Inácio Barbosa,521,25
49040700,Rua Quirino,Inácio Barbosa,521,25
49040703,Travessa Edson Cardoso,Inácio Barbosa,521,25
49040706,Rua Fernando Xavier de Oliveira,Inácio Barbosa,521,25
49040710,Praça Vereador Raul Ferreira de Andrade,Inácio Barbosa,521,25
49040720,Rua Reginaldo Passos Pina,Inácio Barbosa,521,25
49040730,Rua Laudicea Ferreira Andrade,Inácio Barbosa,521,25
49040740,Rua Paulo Henrique Machado Pimentel,Inácio Barbosa,521,25
49040741,Travessa Metal Norte,Inácio Barbosa,521,25
49040750,Rua José Gonçalves Valença,Inácio Barbosa,521,25
49040760,Rua Andrezina Vieira Dória,Inácio Barbosa,521,25
49040770,Praça Monteiro Lobato,Inácio Barbosa,521,25
49040780,Rua Gutemberg Chagas,Inácio Barbosa,521,25
49040790,Rua Doutor Áureo Dias Galvão,Inácio Barbosa,521,25
49040800,Rua Pedro Lisboa,Inácio Barbosa,521,25
49040810,Rua das Hortênsias,Inácio Barbosa,521,25
49040830,Rua Manoel de Oliveira Martins,Inácio Barbosa,521,25
49040850,"Avenida Prefeito Heráclito Rollemberg, de 1/2 ao fim",Inácio Barbosa,521,25
49040970,"CDD Aracaju - Zona Sul, Travessa Metal Norte, 8 Salão 8",Inácio Barbosa,521,25
49041010,Rua João Bezerra Diniz,Inácio Barbosa,521,25
49041013,Avenida Pantanal,Inácio Barbosa,521,25
49041017,Rua Monte das Oliveiras,Inácio Barbosa,521,25
49041019,Travessa Monte das Oliveiras,Inácio Barbosa,521,25
49041020,Rua Professora Rosa Faria,Inácio Barbosa,521,25
49041023,Rua São Expedito,Inácio Barbosa,521,25
49041025,Rua Vitória,Inácio Barbosa,521,25
49041030,Rua José Mesquita Neto,Inácio Barbosa,521,25
49041040,Rua Carlos Hamilton Silva Gomes,Inácio Barbosa,521,25
49041050,Rua Ivo Gomes,Inácio Barbosa,521,25
49041052,Travessa Ivo Gomes,Inácio Barbosa,521,25
49041054,Travessa Alves,Inácio Barbosa,521,25
49041060,Rua Bosco Scaffs,Inácio Barbosa,521,25
49041070,Praça Guadalupe Mendonça,Inácio Barbosa,521,25
49041090,"Rua Engenheiro Marcondes Ferraz, até 9997/9998",Inácio Barbosa,521,25
49041092,Rua H (Lot Rio Poxim),Inácio Barbosa,521,25
49041094,Rua L (Lot Rio Poxim),Inácio Barbosa,521,25
49041110,Rua João Pereira Feitosa,Inácio Barbosa,521,25
49041113,Travessa Quatorze (Prq Coqueiros),Inácio Barbosa,521,25
49041116,Travessa Jordão,Inácio Barbosa,521,25
49041119,Travessa O (Inv Pantanal),Inácio Barbosa,521,25
49041120,Rua João Ávila Neto,Inácio Barbosa,521,25
49041123,Rua Laís Grangeiro de Queiroz,Inácio Barbosa,521,25
49041130,Rua Engenheiro Antônio Alves de Souza,Inácio Barbosa,521,25
49041140,Rua Roberto Fonseca,Inácio Barbosa,521,25
49041143,Rua P (Jd Esperança),Inácio Barbosa,521,25
49041146,Travessa Pedro Garcia Moreno Neto,Inácio Barbosa,521,25
49041149,Rua Elizete Aragão Cabral,Inácio Barbosa,521,25
49041150,Rua dos Cravos II (Prq Coqueiros),Inácio Barbosa,521,25
49041153,Travessa dos Cravos II (Prq Coqueiros),Inácio Barbosa,521,25
49041156,Rua Benedita de Almeida Silva,Inácio Barbosa,521,25
49041159,Avenida do Gari,Inácio Barbosa,521,25
49041160,Praça Zé Pretinho,Inácio Barbosa,521,25
49041163,Travessa das Margaridas (D I A),Inácio Barbosa,521,25
49041166,Travessa J (D I A),Inácio Barbosa,521,25
49041169,Travessa I (D I A),Inácio Barbosa,521,25
49041170,Rua I (Lot.Rio Poxim),Inácio Barbosa,521,25
49041190,Rua Gráfico José Benedito dos Santos,Inácio Barbosa,521,25
49042000,Avenida Francisco José da Fonseca,São Conrado,521,25
49042010,Rua Abílio Ferreira,São Conrado,521,25
49042020,Rua Airton Santana,São Conrado,521,25
49042030,Rua Anita Vasconcelos Tavares,São Conrado,521,25
49042040,Rua Antônio da Cruz Filho,São Conrado,521,25
49042050,Rua Antônio Romoaldo Viana dos Santos,São Conrado,521,25
49042053,Rua A8 (Cj Orlando Dantas),São Conrado,521,25
49042056,Rua Zoroastro Rodrigues Santos,São Conrado,521,25
49042060,Rua Antônio Souza Montes,São Conrado,521,25
49042063,Rua JN,São Conrado,521,25
49042069,Travessa JN 2,São Conrado,521,25
49042070,Rua Capitão Ademário Rodrigues do Nascimento,São Conrado,521,25
49042073,Travessa Cinco,São Conrado,521,25
49042076,Travessa Seis,São Conrado,521,25
49042079,Travessa Sete,São Conrado,521,25
49042082,Travessa JN 3,São Conrado,521,25
49042085,Travessa JN 4,São Conrado,521,25
49042090,Rua Coronel Antônio Oliveira,São Conrado,521,25
49042100,Rua Coronel Fausto Alves Feitosa,São Conrado,521,25
49042110,Praça Dário Ferreira Nunes,São Conrado,521,25
49042130,Rua Edite Lopes de Menezes,São Conrado,521,25
49042140,Rua Eduardo Dantas do Espírito Santo,São Conrado,521,25
49042143,Avenida São Cristovão,São Conrado,521,25
49042146,Rua Patrícia Nataly,São Conrado,521,25
49042149,Rua Central II,São Conrado,521,25
49042150,Rua Ezequiel Profeta Melo,São Conrado,521,25
49042156,Travessa BA 1,São Conrado,521,25
49042159,Travessa BA 2,São Conrado,521,25
49042163,Rua A,São Conrado,521,25
49042166,Travessa A2,São Conrado,521,25
49042169,Rua BA,São Conrado,521,25
49042170,Rua Francisco Andrade Sales,São Conrado,521,25
49042180,Rua Gerson Martins Penna,São Conrado,521,25
49042190,"Avenida Prefeito Heráclito Rollemberg, de 1/2 a 99997/99998",São Conrado,521,25
49042193,Rua Beira Rio,São Conrado,521,25
49042196,Travessa Beira Rio,São Conrado,521,25
49042199,Rua Brasil,São Conrado,521,25
49042200,Rua João Batista da Silva,São Conrado,521,25
49042207,Travessa C,São Conrado,521,25
49042210,Rua João Batista Machado,São Conrado,521,25
49042213,Travessa Brasil,São Conrado,521,25
49042216,Rua CA,São Conrado,521,25
49042219,Rua São Francisco,São Conrado,521,25
49042220,Praça Radialista Glau Peixoto,São Conrado,521,25
49042233,Rua H,São Conrado,521,25
49042236,Travessa H,São Conrado,521,25
49042239,Travessa H2,São Conrado,521,25
49042240,Rua José Aílton de Souza,São Conrado,521,25
49042250,Rua José Araújo Neto,São Conrado,521,25
49042253,Rua Cláudio Messias Barreto,São Conrado,521,25
49042256,Rua Central IV,São Conrado,521,25
49042260,Avenida José Garcez Vieira,São Conrado,521,25
49042270,Rua José Vieira Dantas,São Conrado,521,25
49042280,Rua Juarez Oliveira Leal,São Conrado,521,25
49042290,Praça Major Honorino Leal,São Conrado,521,25
49042300,Rua Maria de Jesus Mendes Feitosa,São Conrado,521,25
49042310,Rua Maria Lúcia Vasconcelos Santos,São Conrado,521,25
49042320,Rua Maria Rosa Lima,São Conrado,521,25
49042325,Rua Joaquim Dias da Silva,São Conrado,521,25
49042330,Rua Marisa Messias dos Santos,São Conrado,521,25
49042350,Rua Odílio Laureano Costa,São Conrado,521,25
49042360,Rua Poeta Carlos Drummond de Andrade,São Conrado,521,25
49042380,Rua Vereador Antônio Sinval Machado,São Conrado,521,25
49042383,Travessa E,São Conrado,521,25
49042390,Rua Vereador João Silvestre dos Santos,São Conrado,521,25
49042400,Rua João Barbosa,São Conrado,521,25
49042405,Rua O,São Conrado,521,25
49042408,Travessa O,São Conrado,521,25
49042410,Rua José Campos de Moraes,São Conrado,521,25
49042420,Rua Jornalista Luiz Trindade,São Conrado,521,25
49042423,Rua da Independência,São Conrado,521,25
49042426,Travessa da Independência,São Conrado,521,25
49042429,Travessa Durval de Souza prado,São Conrado,521,25
49042430,Rua Jorge Ramos da Silva,São Conrado,521,25
49042433,Travessa D,São Conrado,521,25
49042436,Rua M,São Conrado,521,25
49042439,Travessa N,São Conrado,521,25
49042440,Rua Vinte e Oito de Junho,São Conrado,521,25
49042450,Rua Edla Fraga da Rocha,São Conrado,521,25
49042455,Rua Josué de Carvalho Cunha,São Conrado,521,25
49042460,Rua Pedro Calixto,São Conrado,521,25
49042470,Rua Artur Rodrigues da Silva,São Conrado,521,25
49042480,Rua Jairo Andrade Macedo,São Conrado,521,25
49042490,Rua Doutor Lauro Maia,São Conrado,521,25
49042500,Rua Sindulfo Barreto,São Conrado,521,25
49042503,Travessa Quinze (Cj Orlando Dantas),São Conrado,521,25
49042505,Rua Jaime Araújo,São Conrado,521,25
49042510,Rua Professor Barreto Fontes,São Conrado,521,25
49042520,Rua Professor João Batista,São Conrado,521,25
49042530,Rua Sandro Rezende,São Conrado,521,25
49042540,Rua Promotora Terezinha Santos,São Conrado,521,25
49042550,Rua Mercedes Amado,São Conrado,521,25
49042560,Rua Professor José Augusto Seabra Santos,São Conrado,521,25
49042570,Rua Sindicalista Diomedes Santos Silva,São Conrado,521,25
49042600,Rua Professora Carlota,São Conrado,521,25
49042610,Rua Vereador Renildo José,São Conrado,521,25
49042620,Rua Soldado Manoel Silva,São Conrado,521,25
49042630,Rua Constantino Tavares,São Conrado,521,25
49042640,Rua Dudu Viana,São Conrado,521,25
49042650,Rua Soldado Manoel do Nascimento,São Conrado,521,25
49042660,Rua José Batalha de Góes,São Conrado,521,25
49042670,Rua Antônio Valença Monteiro,São Conrado,521,25
49042680,Rua Carlos Alberto de Freitas,São Conrado,521,25
49042683,Travessa Mangabinha II,São Conrado,521,25
49042686,Travessa Mangabinha III,São Conrado,521,25
49042689,Travessa Mangabinha IV,São Conrado,521,25
49042690,Praça Dulce Menezes Dantas,São Conrado,521,25
49042700,Rua Capitão Elpídio Antonio Côrtes,São Conrado,521,25
49042710,Rua Eronildes Fontes Barreto,São Conrado,521,25
49042717,Travessa B,São Conrado,521,25
49042720,Rua Ferroviário José Matias de Siqueira,São Conrado,521,25
49042723,Rua J,São Conrado,521,25
49042726,Rua JA,São Conrado,521,25
49042729,Rua JE,São Conrado,521,25
49042730,Rua General João Melo Rezende,São Conrado,521,25
49042740,Rua Gidalvo Dionízio dos Santos,São Conrado,521,25
49042750,Rua Itamar Sulz Rocha,São Conrado,521,25
49042760,Rua Manoel Nunes,São Conrado,521,25
49042765,Rua Osmundo Carvalho Leite,São Conrado,521,25
49042770,Rua Maria Amélia Souza Almeida,São Conrado,521,25
49042790,Rua Mestre Messias de Santana,São Conrado,521,25
49042800,Rua Soldado Oscar Vinhas,São Conrado,521,25
49042810,Rua Soldado Osvaldo Ferreira,São Conrado,521,25
49042820,Rua Soldado Pedro Aniceto de Souza,São Conrado,521,25
49042830,Rua Coronel Reinaldo Torres,São Conrado,521,25
49042840,Rua Coronel Roque Simas,São Conrado,521,25
49042842,Rua C (Rec Gaivotas/Jaçanãs),São Conrado,521,25
49042844,Rua B1 (Conds P Barreto/Rios/Garças),São Conrado,521,25
49042846,Travessa Cabo Walbert Dias Soares,São Conrado,521,25
49042971,"AC Aerton Macedo, Avenida Francisco José da Fonseca, 1382",São Conrado,521,25
49043010,Rua Soldado Salatiel Santana,São Conrado,521,25
49043020,Rua Soldado Walfredo Carlos Amaral,São Conrado,521,25
49043030,Rua Coronel Sílvio Silveira,São Conrado,521,25
49043040,Rua General João Augusto dos Reis,São Conrado,521,25
49043050,Rua Expedicionário José Matos Teles,São Conrado,521,25
49043060,Rua Cabo Walbert Dias Soares,São Conrado,521,25
49043063,Rua S,São Conrado,521,25
49043066,Rua Santo Antônio,São Conrado,521,25
49043069,Travessa Santo Antônio,São Conrado,521,25
49043070,Rua Expedicionário Gilberto Cardoso Oliveira,São Conrado,521,25
49043080,Rua Expedicionário José Moreira Barbosa,São Conrado,521,25
49043083,Travessa Cinco (Cj Orlando Dantas),São Conrado,521,25
49043090,Rua Expedicionário Brasiliano Oliveira Gomes,São Conrado,521,25
49043100,Rua Capitão Alberto Santos,São Conrado,521,25
49043110,Rua Renato Barreto de Menezes,São Conrado,521,25
49043120,Rua Soldado Luiz Rodrigues da Silva,São Conrado,521,25
49043130,Rua Soldado Pedro Hilário dos Santos,São Conrado,521,25
49043133,Travessa Maria Barbosa,São Conrado,521,25
49043136,Rua N2,São Conrado,521,25
49043139,Travessa A1,São Conrado,521,25
49043140,Rua Sargento José Damasceno Filho,São Conrado,521,25
49043150,Rua Sargento Antônio da Silva Vieira,São Conrado,521,25
49043160,Rua Capitão Américo Santos,São Conrado,521,25
49043170,Rua Soldado Manoel Ferreira de Melo,São Conrado,521,25
49043180,Rua Expedicionário Adolfo Rosendo Santos,São Conrado,521,25
49043190,Rua Capitão Alberto da Silva Leite,São Conrado,521,25
49043200,Rua Expedicionário Antônio Barros Alves,São Conrado,521,25
49043210,Rua Expedicionário Alfredo Antônio da Silva,São Conrado,521,25
49043220,Rua Sargento Manoel Osvaldo das Neves,São Conrado,521,25
49043230,Rua Soldado João Ribeiro de Andrade,São Conrado,521,25
49043233,Rua JR,São Conrado,521,25
49043236,Rua K,São Conrado,521,25
49043239,Travessa K,São Conrado,521,25
49043240,Rua Capitão Isaías Alves de Souza,São Conrado,521,25
49043250,Rua Francisco Veiga,São Conrado,521,25
49043260,Rua Expedicionário Egídio Alves de Oliveira,São Conrado,521,25
49043263,Travessa Santa Cruz,São Conrado,521,25
49043266,Rua Z,São Conrado,521,25
49043269,Rua G,São Conrado,521,25
49043270,Rua Soldado José da Silva Ferreira,São Conrado,521,25
49043280,Rua Maria Vitória do Nascimento,São Conrado,521,25
49043290,Rua José Almicar de Azevedo,São Conrado,521,25
49043300,Rua Manoel Souza Pereira,São Conrado,521,25
49043310,Rua Geraldo Pina,São Conrado,521,25
49043313,Travessa Geraldo Pina,São Conrado,521,25
49043316,Rua I,São Conrado,521,25
49043319,Rua São João,São Conrado,521,25
49043323,Travessa Q2,São Conrado,521,25
49043326,Rua R,São Conrado,521,25
49043330,Rua Maria das Graças Menezes Moura,São Conrado,521,25
49043340,Travessa Corretor Alonso,São Conrado,521,25
49043343,Rua L,São Conrado,521,25
49043346,Rua Mangabinha,São Conrado,521,25
49043349,Travessa Mangabinha I,São Conrado,521,25
49043350,Rua Arquiteto Willians Campos Santana,São Conrado,521,25
49043353,Rua P,São Conrado,521,25
49043356,Rua Q,São Conrado,521,25
49043359,Travessa Q1,São Conrado,521,25
49043362,Rua Q3,São Conrado,521,25
49043365,Rua NB,São Conrado,521,25
49043368,Travessa NB,São Conrado,521,25
49043371,Travessa Independência II,São Conrado,521,25
49043374,Travessa Independência III,São Conrado,521,25
49043377,Travessa Z 2,São Conrado,521,25
49043380,Travessa Z 3,São Conrado,521,25
49043383,Travessa Z 4,São Conrado,521,25
49043400,Avenida Tiradentes (Lot Marivan),Santa Maria,521,25
49043403,Rua São Francisco (Lot Marivan),Santa Maria,521,25
49043406,Rua São Luis (Lot Marivan),Santa Maria,521,25
49043409,Rua Santa Clara (Lot Marivan),Santa Maria,521,25
49043412,Rua São Vicente (Lot Marivan),Santa Maria,521,25
49043415,Rua Bela Vista (Lot Marivan),Santa Maria,521,25
49043418,Rua Gonçalves Dias (Lot Marivan),Santa Maria,521,25
49043421,Rua Nossa Senhora do Carmo (Lot Marivan),Santa Maria,521,25
49043424,Rua São Jorge (Lot Marivan),Santa Maria,521,25
49043427,Rua Tom Jobim (Lot Marivan),Santa Maria,521,25
49043430,Rua Vitória (Lot Marivan),Santa Maria,521,25
49043433,Rua Mangabinha (Lot Marivan),Santa Maria,521,25
49043436,Rua Genipapo (Lot Marivan),Santa Maria,521,25
49043439,Rua F (Lot Marivan),Santa Maria,521,25
49043442,Rua Rio Pitanga (Lot Marivan),Santa Maria,521,25
49043445,Avenida Canal 02 (Lot Marivan),Santa Maria,521,25
49043448,Avenida Canal 01 (Lot Marivan),Santa Maria,521,25
49043450,Rua O (Lot Marivan),Santa Maria,521,25
49043452,Rua C (Lot Marivan),Santa Maria,521,25
49043454,Rua Ubatã (Lot Marivan),Santa Maria,521,25
49043457,Rua Analú (Lot Marivan),Santa Maria,521,25
49043460,Avenida Anchieta (Lot Marivan),Santa Maria,521,25
49043463,Rua Vinícius de Moraes (Lot Marivan),Santa Maria,521,25
49043466,Avenida Jornalista Juarez Conrado Dantas,Santa Maria,521,25
49043469,Rua Padre Pedro (Lot Marivan),Santa Maria,521,25
49043472,Rua Ayrton Senna (Lot Marivan),Santa Maria,521,25
49043475,Rua da Paz (Lot Marivan),Santa Maria,521,25
49043478,Rua Brasil (Lot Marivan),Santa Maria,521,25
49043481,Rua Monte Carlo (Lot Marivan),Santa Maria,521,25
49043484,Rua Frei Damião (Lot Marivan),Santa Maria,521,25
49043487,Rua Conquista (Lot Marivan),Santa Maria,521,25
49043490,Rua São Carlos (Lot Marivan),Santa Maria,521,25
49043493,Rua Antônio Monteiro,Santa Maria,521,25
49043496,Rua V1 (Lot Marivan),Santa Maria,521,25
49043499,Rua X1 (Lot Marivan),Santa Maria,521,25
49043502,Rua Projetada 1 (Cond Prq das Árvores),Santa Maria,521,25
49043505,Rua Projetada 2 (Cond Encantos do Sul),Santa Maria,521,25
49043510,Rua A1 (Res Sta Maria),Santa Maria,521,25
49043513,Rua A2 (Res Sta Maria),Santa Maria,521,25
49043516,Rua A3 (Res Sta Maria),Santa Maria,521,25
49043522,Rua A5 (Res Sta Maria),Santa Maria,521,25
49043525,Rua A6 (Res Sta Maria),Santa Maria,521,25
49043528,Rua Mangueira (Res Sta Maria),Santa Maria,521,25
49043531,Rua A8 (Res Sta Maria),Santa Maria,521,25
49043534,Rua União (Res Sta Maria),Santa Maria,521,25
49043537,Rua A10 (Res Sta Maria),Santa Maria,521,25
49043540,Rua Bastos (Res Sta Maria),Santa Maria,521,25
49043543,Rua Arcanjo Vitória (Res Sta Maria),Santa Maria,521,25
49043547,Rua da Paz (Res Sta Maria),Santa Maria,521,25
49043550,Rua Fábio Anchieta (Res Sta Maria),Santa Maria,521,25
49043553,Rua Beatriz Souza (Res Sta Maria),Santa Maria,521,25
49043556,Travessa A9 (Res Sta Maria),Santa Maria,521,25
49043559,Travessa Frei Reginaldo (Res Sta Maria),Santa Maria,521,25
49043562,Rua César Augusto Leite (Res Sta Maria),Santa Maria,521,25
49043565,Rua Onilda Azevedo (Res Sta Maria),Santa Maria,521,25
49043568,Rua Carlos Santos Alves (Res Sta Maria),Santa Maria,521,25
49043571,Rua Manoel Messias (Res Sta Maria),Santa Maria,521,25
49043574,Travessa Manoel Messias (Res Sta Maria),Santa Maria,521,25
49043600,Avenida Gasoduto,Santa Maria,521,25
49043603,Rua Daniel Menezes,Santa Maria,521,25
49043606,Rua Pedro Ricardo,Santa Maria,521,25
49043609,Travessa Pedro Ricardo,Santa Maria,521,25
49043612,Rua Danilo Menezes,Santa Maria,521,25
49043615,Travessa Danilo Menezes,Santa Maria,521,25
49043618,Rua Madson Alves,Santa Maria,521,25
49043621,Travessa Coelho Neto,Santa Maria,521,25
49043624,Rua Doze A (Lot Novo Horizonte),Santa Maria,521,25
49043640,Travessa A (Lot Sr do Bomfim),Santa Maria,521,25
49043643,Rua Treze (Lot Sr do Bomfim),Santa Maria,521,25
49043660,Rua São Vicente (Lot Jd Recreio),Santa Maria,521,25
49043663,Rua Adelino Nascimento (Lot Jd Recreio),Santa Maria,521,25
49043666,Rua Patrício Barros (Lot Jd Recreio),Santa Maria,521,25
49043669,Travessa A (Lot Jd Recreio),Santa Maria,521,25
49043672,Rua B (Lot Jd Recreio),Santa Maria,521,25
49043675,Travessa B (Lot Jd Recreio),Santa Maria,521,25
49043678,Rua C (Lot Jd Recreio),Santa Maria,521,25
49043684,Rua Maria Acácia Pereira (Lot Jd Recreio),Santa Maria,521,25
49043687,Travessa Santa Cruz (Lot Jd Recreio),Santa Maria,521,25
49043700,Rua Dois (Lot Sta Maria),Santa Maria,521,25
