49067208,Rua G (Lot At da Jaqueira),Porto D'Antas,521,25
49067211,Rua K (Lot At da Jaqueira),Porto D'Antas,521,25
49067218,Rua A (Lot Copacabana),Porto D'Antas,521,25
49067223,Rua B (Lot Copacabana),Porto D'Antas,521,25
49067228,Rua C (Lot Copacabana),Porto D'Antas,521,25
49067233,Rua D (Lot Copacabana),Porto D'Antas,521,25
49067238,Rua E (Lot Copacabana),Porto D'Antas,521,25
49067243,Rua F (Lot Copacabana),Porto D'Antas,521,25
49067246,Rua H (Lot Copacabana),Porto D'Antas,521,25
49069001,Rua José Laudelino Leal,Porto D'Antas,521,25
49069003,Rua Dom Luciano,Porto D'Antas,521,25
49069006,Rua Deputado Augusto Bezerra,Porto D'Antas,521,25
49069009,Rua Doutor Conrado,Porto D'Antas,521,25
49069012,Rua Nossa Senhora de Fátima,Porto D'Antas,521,25
49069015,Rua Montevidéu,Porto D'Antas,521,25
49069018,Rua Santo Antônio,Porto D'Antas,521,25
49069021,Rua Bahia,Porto D'Antas,521,25
49069024,Rua Albano Franco,Porto D'Antas,521,25
49069027,Travessa Santa Bárbara,Porto D'Antas,521,25
49069030,Rua Beira Rio,Porto D'Antas,521,25
49069033,Rua Frei Enoque,Porto D'Antas,521,25
49069036,Rua Bela Vista,Porto D'Antas,521,25
49069039,Rua Boa Vista,Porto D'Antas,521,25
49069042,Travessa São Braz,Porto D'Antas,521,25
49069045,Rua Santa Letícia,Porto D'Antas,521,25
49069048,Rua Nossa Senhora Menina,Porto D'Antas,521,25
49069051,Rua Capela,Porto D'Antas,521,25
49069054,Rua Divinópolis,Porto D'Antas,521,25
49069057,Travessa Coqueiral,Porto D'Antas,521,25
49069060,Travessa São Cristovão,Porto D'Antas,521,25
49069063,Rua Maria do Coqueiral,Porto D'Antas,521,25
49069066,Rua Evandro Ribeiro,Porto D'Antas,521,25
49069069,Rua Divina Pastora,Porto D'Antas,521,25
49069072,Travessa Divina Pastora,Porto D'Antas,521,25
49069078,Rua Jerusalém,Porto D'Antas,521,25
49069081,Rua Santos Dumont,Porto D'Antas,521,25
49069084,Travessa Estrela do Oriente,Porto D'Antas,521,25
49069087,Rua Estrela do Oriente,Porto D'Antas,521,25
49069093,Rua Vilela,Porto D'Antas,521,25
49069096,Rua São Roque,Porto D'Antas,521,25
49069099,Travessa São Roque,Porto D'Antas,521,25
49069105,Rua da Paz,Porto D'Antas,521,25
49069108,Travessa São Paulo,Porto D'Antas,521,25
49069111,Rua Marcelo Deda,Porto D'Antas,521,25
49069114,Travessa Marcelo Deda,Porto D'Antas,521,25
49069117,Rua São Pedro,Porto D'Antas,521,25
49069120,Rua João Ribeiro,Porto D'Antas,521,25
49069123,Travessa São Joaquim,Porto D'Antas,521,25
49069126,Rua São Jorge,Porto D'Antas,521,25
49069129,Rua Lagoa Santa,Porto D'Antas,521,25
49069135,Rua Frei Paulo,Porto D'Antas,521,25
49069138,Rua Tancredo Neves,Porto D'Antas,521,25
49069141,Travessa São Luiz,Porto D'Antas,521,25
49069144,Rua F (Lot Coqueiral),Porto D'Antas,521,25
49069146,Rua Chico Mendes,Porto D'Antas,521,25
49069156,Rua Gonzagão,Porto D'Antas,521,25
49069159,Rua Vinte e Três (Lot Coqueiral),Porto D'Antas,521,25
49069162,Rua Vinte e Cinco (Lot Coqueiral),Porto D'Antas,521,25
49069165,Rua Trinta e Dois (Lot Coqueiral),Porto D'Antas,521,25
49069168,Rua Altamira,Porto D'Antas,521,25
49069171,Travessa Doutor Gonzaga,Porto D'Antas,521,25
49069174,Rua Vinte e Seis (Lot Coqueiral),Porto D'Antas,521,25
49069177,Rua Vinte e Sete (Lot Coqueiral),Porto D'Antas,521,25
49069180,Rua Santa Rita,Porto D'Antas,521,25
49069183,Rua São Crispim (Lot Coqueiral),Porto D'Antas,521,25
49069186,Rua Profeta David,Porto D'Antas,521,25
49069189,Rua Santa Cecilia,Porto D'Antas,521,25
49069192,Travessa São Jorge,Porto D'Antas,521,25
49069195,Rua Beta (Lot Coqueiral),Porto D'Antas,521,25
49069198,Rua Alfa (Lot Coqueiral),Porto D'Antas,521,25
49069201,Rua Gama (Lot Coqueiral),Porto D'Antas,521,25
49069204,Rua Sigma (Lot Coqueiral),Porto D'Antas,521,25
49069207,Travessa Santo Antônio (Lot Coqueiral),Porto D'Antas,521,25
49069210,Travessa São Pedro I (Lot Coqueiral),Porto D'Antas,521,25
49069213,Travessa São Pedro II (Lot Coqueiral),Porto D'Antas,521,25
49069216,Rua Oito (Res Lagoa Santa),Porto D'Antas,521,25
49070010,Rua Aldemar Andrade Boto,Cidade Nova,521,25
49070020,Rua Alto da TV,Cidade Nova,521,25
49070023,Travessa Alto do Morro da TV,Cidade Nova,521,25
49070030,Travessa Artur Fortes,Cidade Nova,521,25
49070040,Rua Artur Fortes,Cidade Nova,521,25
49070050,Rua Carlos Alberto Villa Chan,Cidade Nova,521,25
49070060,Travessa Benjamin Constant,Cidade Nova,521,25
49070070,"Avenida Visconde de Maracaju, de 2 ao fim - lado par",Cidade Nova,521,25
49070073,Rua A (Cond Hélio Silva),Cidade Nova,521,25
49070076,Rua B (Cond Hélio Silva),Cidade Nova,521,25
49070083,"Rua Bolívia, até 99997/99998",Cidade Nova,521,25
49070090,"Rua Capitão Manoel Gomes, de 1299/1300 ao fim",Cidade Nova,521,25
49070093,Rua A (Lot Viúva),Cidade Nova,521,25
49070096,Rua B (Lot Viúva),Cidade Nova,521,25
49070099,Rua C (Lot Viúva),Cidade Nova,521,25
49070100,Rua Carlito Melo,Cidade Nova,521,25
49070110,Rua Coronel José Pacheco Lima,Cidade Nova,521,25
49070120,Travessa General Valença,Cidade Nova,521,25
49070130,Rua General Valença,Cidade Nova,521,25
49070140,Rua Heribaldo da Silva Melo,Cidade Nova,521,25
49070150,Rua Doutor José Almeida,Cidade Nova,521,25
49070160,Rua Efren Fernando Fontes,Cidade Nova,521,25
49070163,Rua A (Lot Mte Carlo),Cidade Nova,521,25
49070166,Rua B (Lot Mte Carlo),Cidade Nova,521,25
49070172,Travessa Espírito Santo,Cidade Nova,521,25
49070176,Rua São Vicente II,Cidade Nova,521,25
49070179,"Rua Espírito Santo, até 99997/99998",Cidade Nova,521,25
49070180,Rua General Prado,Cidade Nova,521,25
49070183,Rua D (Lot Viúva),Cidade Nova,521,25
49070186,Rua Nova Esperança,Cidade Nova,521,25
49070190,Rua Hélio Santana,Cidade Nova,521,25
49070193,Rua A (Lot Planalto),Cidade Nova,521,25
49070197,Rua Cinco (Lot Planalto),Cidade Nova,521,25
49070223,Travessa Projetada B,Cidade Nova,521,25
49070230,Rua José de Melo,Cidade Nova,521,25
49070233,Rua H (Lot Dendê),Cidade Nova,521,25
49070236,Rua A (Lot Dendê),Cidade Nova,521,25
49070238,Travessa A (Lot Dendê),Cidade Nova,521,25
49070239,Rua B (Lot Dendê),Cidade Nova,521,25
49070240,Rua José Moacir Sobral,Cidade Nova,521,25
49070250,Praça Juiz Manoel Barbosa de Souza,Cidade Nova,521,25
49070260,Rua Laudelino Freire,Cidade Nova,521,25
49070265,"Rua Carlos Menezes, de 1/2 ao fim",Cidade Nova,521,25
49070270,Rua Maria Vera de Souza,Cidade Nova,521,25
49070280,Rua Marques Sobral,Cidade Nova,521,25
49070305,"Rua Nossa Senhora da Glória, de 194/195 a 699/700",Cidade Nova,521,25
49070310,Estrada Palestina,Cidade Nova,521,25
49070320,Rua Sargento Manoel Alves Dantas,Cidade Nova,521,25
49070330,Avenida Sanatório,Cidade Nova,521,25
49070340,Vila Sanatório,Cidade Nova,521,25
49070355,"Rua Santa Terezinha, lado ímpar",Cidade Nova,521,25
49070380,"Rua São Francisco de Assis, de 1270/1271 ao fim",Cidade Nova,521,25
49070383,Rua Alagoinhas,Cidade Nova,521,25
49070400,Rua São Pedro,Cidade Nova,521,25
49070410,Rua São Vicente,Cidade Nova,521,25
49070415,"Rua General Seroa da Mota, de 1/2 ao fim",Cidade Nova,521,25
49070420,Rua Sargento Marcelino,Cidade Nova,521,25
49070430,Rua Senhor do Bonfim,Cidade Nova,521,25
49070480,Rua Jorge Luiz de Almeida Gois,Cidade Nova,521,25
49070483,Rua A (Jd das Palmeiras),Cidade Nova,521,25
49070486,Rua B (Jd das Palmeiras),Cidade Nova,521,25
49070489,Rua C (Jd das Palmeiras),Cidade Nova,521,25
49070500,Rua Urandi Santos Figueiredo,Cidade Nova,521,25
49070520,Rua Comunitária Acioli Santos,Cidade Nova,521,25
49070523,"Avenida General Euclides Figueiredo, de 1 a 99999 - lado ímpar",Cidade Nova,521,25
49070530,Rua General Walter de Menezes Paes,Cidade Nova,521,25
49070533,Travessa Cinco (Lot Planalto),Cidade Nova,521,25
49070560,Rua Cabo Ermenegildo,Cidade Nova,521,25
49070570,Rua São Francisco (Lot Moema Meire),Cidade Nova,521,25
49070583,"Avenida Maria Auxiliadora Mendonça Melo, até 99997/99998",Cidade Nova,521,25
49070590,Rua A (Lot Tia Caçula),Cidade Nova,521,25
49070593,Rua B (Lot Tia Caçula),Cidade Nova,521,25
49070596,Rua C (Lot Tia Caçula),Cidade Nova,521,25
49070599,Rua D (Lot Tia Caçula),Cidade Nova,521,25
49070602,Rua E (Lot Tia Caçula),Cidade Nova,521,25
49070605,Rua F (Lot Tia Caçula),Cidade Nova,521,25
49070608,Rua A (Lot Indara),Cidade Nova,521,25
49070611,Rua B (Lot Indara),Cidade Nova,521,25
49070614,Rua C (Lot Indara),Cidade Nova,521,25
49070617,Rua E (Lot Indara),Cidade Nova,521,25
49070620,Rua F (Lot Indara),Cidade Nova,521,25
49070623,Rua G (Lot Indara),Cidade Nova,521,25
49070660,"Avenida Frei Augusto de Santana, lado ímpar",Cidade Nova,521,25
49070663,"Avenida Frei Augusto de Santana, até 99998 - lado par",Cidade Nova,521,25
49070670,Rua A (Lot Pau Ferro),Cidade Nova,521,25
49070676,Travessa AB (Lot Pau Ferro),Cidade Nova,521,25
49070679,Rua B (Lot Pau Ferro),Cidade Nova,521,25
49070682,Rua D1 (Lot Pau Ferro),Cidade Nova,521,25
49070685,Rua E (Lot Pau Ferro),Cidade Nova,521,25
49070688,Rua F (Lot Pau Ferro),Cidade Nova,521,25
49070691,Rua G (Lot Pau Ferro),Cidade Nova,521,25
49070694,Rua A (Lot Pau Ferro II),Cidade Nova,521,25
49070697,Rua B (Lot Pau Ferro II),Cidade Nova,521,25
49070700,Rua C (Lot Pau Ferro II),Cidade Nova,521,25
49070709,Rua E (Lot Pau Ferro II),Cidade Nova,521,25
49070712,Rua C (Lot Pau Ferro),Cidade Nova,521,25
49070715,Rua F (Lot Pau Ferro II),Cidade Nova,521,25
49070721,Rua G (Lot Pau Ferro II),Cidade Nova,521,25
49070724,Rua H (Lot Pau Ferro II),Cidade Nova,521,25
49070727,Estrada do Pau Ferro,Cidade Nova,521,25
49070730,Rua A (Lot Moema Meire),Cidade Nova,521,25
49070733,Rua B (Lot Moema Meire),Cidade Nova,521,25
49070736,Rua C (Lot Moema Meire),Cidade Nova,521,25
49070739,Rua D (Lot Moema Meire),Cidade Nova,521,25
49070742,Rua E (Lot Moema Meire),Cidade Nova,521,25
49070745,Rua F (Lot Moema Meire),Cidade Nova,521,25
49070748,Rua G (Lot Moema Meire),Cidade Nova,521,25
49070751,Rua H (Lot Moema Meire),Cidade Nova,521,25
49070754,Rua J (Lot Moema Meire),Cidade Nova,521,25
49070757,Rua K (Lot Moema Meire),Cidade Nova,521,25
49070760,Rua L (Lot Moema Meire),Cidade Nova,521,25
49070763,Rua M (Lot Moema Meire),Cidade Nova,521,25
49070766,Rua N (Lot Moema Meire),Cidade Nova,521,25
49070769,Rua O (Lot Moema Meire),Cidade Nova,521,25
49070770,Rua T (Lot Moema Meire),Cidade Nova,521,25
49070772,Rua P (Lot Moema Meire),Cidade Nova,521,25
49070773,Rua S (Lot Moema Meire),Cidade Nova,521,25
49070775,Rua Q (Lot Moema Meire),Cidade Nova,521,25
49070777,Rua R (Lot Moema Meire),Cidade Nova,521,25
49070778,Rua Z (Lot Moema Meire),Cidade Nova,521,25
49070781,Rua A (Lot Maracaju I),Cidade Nova,521,25
49070784,Rua B (Lot Maracaju I),Cidade Nova,521,25
49070787,Rua C (Lot Maracaju II),Cidade Nova,521,25
49070793,Rua E (Lot Vsc de Maracaju II),Cidade Nova,521,25
49070796,Rua F (Lot Vsc de Maracaju II),Cidade Nova,521,25
49070799,Rua G (Lot Vsc de Maracaju II),Cidade Nova,521,25
49070802,Rua H (Lot Vsc de Maracaju II),Cidade Nova,521,25
49070805,Rua I (Lot Vsc de Maracaju II),Cidade Nova,521,25
49070819,Rua J (Lot Vsc de Maracaju II),Cidade Nova,521,25
49070820,Rua Cícero Soares Santos,Cidade Nova,521,25
49070823,Rua A (Lot At Bela Vista),Cidade Nova,521,25
49070829,Rua D (Lot At Bela Vista),Cidade Nova,521,25
49070830,Rua Principal (Cond Vsc de Maracajú),Cidade Nova,521,25
49070832,Rua E (Lot At Bela Vista),Cidade Nova,521,25
49070836,Rua F (Lot At Bela Vista),Cidade Nova,521,25
49070839,Rua Gilson Paiva,Cidade Nova,521,25
49070842,Rua G (Lot At Bela Vista),Cidade Nova,521,25
49070845,Rua C (Lot At Bela Vista),Cidade Nova,521,25
49070848,Rua A3 (Lot At Bela Vista),Cidade Nova,521,25
49070850,Rua B (Cond Vsc de Maracajú),Cidade Nova,521,25
49070853,Rua C (Cond Vsc de Maracajú),Cidade Nova,521,25
49070856,Rua D (Cond Vsc de Maracajú),Cidade Nova,521,25
49070859,Rua E (Cond Vsc de Maracajú),Cidade Nova,521,25
49070862,Rua F (Cond Vsc de Maracajú),Cidade Nova,521,25
49070900,"Rádio Televisão de Sergipe, Rua Alto da TV, s/n",Cidade Nova,521,25
49071040,Rua Maria de Lourdes Souza Santos (Lot Vsc Maracajú),Cidade Nova,521,25
49071043,Rua Inácio Joaquim Barbosa (Lot Vsc Maracajú),Cidade Nova,521,25
49071046,Rua São Francisco de Assis (Lot Vsc Maracajú),Cidade Nova,521,25
49071049,Rua Nossa Senhora da Conceição (Lot Vsc Maracajú),Cidade Nova,521,25
49071050,Rua Santa Luzia (Lot Vsc Maracajú),Cidade Nova,521,25
49071053,Rua F (Lot Vsc de Maracajú),Cidade Nova,521,25
49071056,Rua Padroeiro São Benedito (Lot Vsc Maracajú),Cidade Nova,521,25
49071059,Rua São José (Lot Vsc Maracajú),Cidade Nova,521,25
49071130,Travessa São Francisco,Cidade Nova,521,25
49071160,Travessa José de Melo,Cidade Nova,521,25
49071166,Rua D (Lot Dendê),Cidade Nova,521,25
49071169,Travessa L (Lot Dendê),Cidade Nova,521,25
49071170,Rua Moacir Sobral,Cidade Nova,521,25
49071200,Rua Edson Andrade,Cidade Nova,521,25
49071203,Rua A (Lot Patrícia),Cidade Nova,521,25
49071206,Rua B (Lot Patrícia),Cidade Nova,521,25
49071209,Rua C (Lot Patrícia),Cidade Nova,521,25
49071212,Rua L (Lot Indara),Cidade Nova,521,25
49071215,Rua J (Lot Indara),Cidade Nova,521,25
49071218,Rua H (Lot Indara),Cidade Nova,521,25
49071224,Rua Valdomiro José de Souza,Cidade Nova,521,25
49071227,Rua N (Lot Rezende),Cidade Nova,521,25
49071229,Rua J (Lot Rezende),Cidade Nova,521,25
49072000,"Avenida Maranhão, de 0163/164 a 1659/1660",Dezoito do Forte,521,25
49072010,Rua Acre,Dezoito do Forte,521,25
49072020,Rua Antônio Teodoro,Dezoito do Forte,521,25
49072023,Travessa Saneamento,Dezoito do Forte,521,25
49072026,Rua D (Lot Cel dos Anjos),Dezoito do Forte,521,25
49072029,Rua E (Lot Cel dos Anjos),Dezoito do Forte,521,25
49072030,Travessa Antônio Teodoro,Dezoito do Forte,521,25
49072040,"Rua Aureliano Sampaio, até 509/510",Dezoito do Forte,521,25
49072050,"Rua Bahia, até 134/135",Dezoito do Forte,521,25
49072060,Travessa Basílio Peralva,Dezoito do Forte,521,25
49072080,Rua Cabo Jordino,Dezoito do Forte,521,25
49072090,Rua Capitão Irineu Cunha,Dezoito do Forte,521,25
49072103,Travessa Visconde Maracaju,Dezoito do Forte,521,25
49072106,"Rua Carlos Menezes, até 99998/99999",Dezoito do Forte,521,25
49072110,"Rua Cinco de Julho, até 499/500",Dezoito do Forte,521,25
49072113,Travessa Cinco de Julho,Dezoito do Forte,521,25
49072120,"Avenida Coelho e Campos, de 1432 ao fim - lado par",Dezoito do Forte,521,25
49072130,"Rua Comandante Poti, até 9998/9999",Dezoito do Forte,521,25
49072140,Rua Coronel Padilha,Dezoito do Forte,521,25
49072150,Rua Deodato Maia,Dezoito do Forte,521,25
49072160,Rua Dezenove de Janeiro,Dezoito do Forte,521,25
49072170,Rua Dezoito do Forte,Dezoito do Forte,521,25
49072180,"Rua Diretora Maria Marques, lado par",Dezoito do Forte,521,25
49072190,Rua Neópolis,Dezoito do Forte,521,25
49072210,Rua Doze de Outubro,Dezoito do Forte,521,25
49072213,Rua José Vieira de Matos,Dezoito do Forte,521,25
49072216,Rua Francisco Cardoso da Silva,Dezoito do Forte,521,25
49072219,Rua C (Lot Expansão),Dezoito do Forte,521,25
49072230,Rua Eliseu Santos,Dezoito do Forte,521,25
49072240,"Rua Everton Coelho, até 229/230",Dezoito do Forte,521,25
49072250,Rua Fábio Souza Santos,Dezoito do Forte,521,25
49072260,Rua Felisberto Freire,Dezoito do Forte,521,25
49072275,"Rua General Seroa da Mota, até 99998/99999",Dezoito do Forte,521,25
49072280,Rua General Firmo Freire do Nascimento,Dezoito do Forte,521,25
49072283,Travessa D,Dezoito do Forte,521,25
49072290,Rua General Joaquim Inácio,Dezoito do Forte,521,25
49072293,Travessa General Joaquim Inácio,Dezoito do Forte,521,25
49072296,Rua Maria Iraci Menezes,Dezoito do Forte,521,25
49072300,"Avenida Presidente Juscelino Kubitschek, de 1 a 99999 - lado ímpar",Dezoito do Forte,521,25
49072303,Travessa Guilhermino Bezerra,Dezoito do Forte,521,25
49072310,"Avenida São Paulo, de 1150 ao fim - lado par",Dezoito do Forte,521,25
49072320,Travessa Horácio Hora,Dezoito do Forte,521,25
49072330,Travessa Iguaçu,Dezoito do Forte,521,25
49072340,Travessa Irineu Bezerra dos Anjos,Dezoito do Forte,521,25
49072350,Rua Jansen Melo,Dezoito do Forte,521,25
49072360,"Rua João Andrade, de 367 ao fim - lado ímpar",Dezoito do Forte,521,25
49072370,Travessa João Benevides Marques,Dezoito do Forte,521,25
49072383,Travessa Alto da Bela Vista,Dezoito do Forte,521,25
49072386,Rua Dezenove de Março,Dezoito do Forte,521,25
49072390,Rua Bela Vista,Dezoito do Forte,521,25
49072393,Travessa Bela Vista,Dezoito do Forte,521,25
49072403,Travessa João de Croa,Dezoito do Forte,521,25
49072410,Rua João Florêncio,Dezoito do Forte,521,25
49072420,Rua José Almeida de Souza,Dezoito do Forte,521,25
49072423,Rua A (Lot Manoel Pereira),Dezoito do Forte,521,25
49072430,"Rua Luiz Machado, de 146/147 ao fim",Dezoito do Forte,521,25
49072440,Rua Manoel Oliveira Martins,Dezoito do Forte,521,25
49072450,Avenida Manoel Cruz,Dezoito do Forte,521,25
49072460,Praça Maria Quitéria de Jesus,Dezoito do Forte,521,25
49072470,Avenida Minas Gerais,Dezoito do Forte,521,25
49072480,Travessa Monte Castelo,Dezoito do Forte,521,25
49072490,Rua Monte Castelo,Dezoito do Forte,521,25
49072500,Rua Moreira Guimarães,Dezoito do Forte,521,25
49072510,"Rua Nossa Senhora da Glória, até 192/193",Dezoito do Forte,521,25
49072520,Rua Pará,Dezoito do Forte,521,25
49072530,"Rua Paraíba, até 123/124",Dezoito do Forte,521,25
49072533,Travessa José Ferreira de Jesus,Dezoito do Forte,521,25
49072540,Rua Coronel Elias Gonzaga,Dezoito do Forte,521,25
49072550,Rua Piauí,Dezoito do Forte,521,25
49072560,Rua Pinheiro Machado,Dezoito do Forte,521,25
49072570,Rua Primeiro de Maio,Dezoito do Forte,521,25
49072573,Rua A (Lot Pto Rico),Dezoito do Forte,521,25
49072576,Rua B (Lot Pto Rico),Dezoito do Forte,521,25
49072579,Rua C (Lot Pto Rico),Dezoito do Forte,521,25
49072580,Rua Quinze de Novembro,Dezoito do Forte,521,25
49072590,Rua Radialista Geraldo Mendes,Dezoito do Forte,521,25
49072600,Rua Rio Grande do Norte,Dezoito do Forte,521,25
49072610,Travessa Roberto Morais,Dezoito do Forte,521,25
49072620,"Rua Roberto Morais, lado par",Dezoito do Forte,521,25
49072623,Rua José Novais,Dezoito do Forte,521,25
49072629,Rua A (Lot Mangueira),Dezoito do Forte,521,25
49072630,Avenida Anizio Dário,Dezoito do Forte,521,25
49072633,Rua Anízio Souza,Dezoito do Forte,521,25
49072636,Rua Nossa Senhora de Lourdes,Dezoito do Forte,521,25
49072640,Rua São Gonçalo,Dezoito do Forte,521,25
49072646,Rua Construtor Fernando Bomfim,Dezoito do Forte,521,25
49072649,Travessa A (Jd Anita),Dezoito do Forte,521,25
49072650,Travessa São Gonçalo,Dezoito do Forte,521,25
49072660,"Avenida São Paulo, até 1148 - lado par",Dezoito do Forte,521,25
49072670,Rua Sargento Nezinho,Dezoito do Forte,521,25
49072673,Rua A (Lot Cel dos Anjos),Dezoito do Forte,521,25
49072676,Rua B (Lot Cel dos Anjos),Dezoito do Forte,521,25
49072679,Rua C (Lot Cel dos Anjos),Dezoito do Forte,521,25
49072680,Travessa Senhor do Bonfim,Dezoito do Forte,521,25
49072683,Rua D (Lot Expansão ),Dezoito do Forte,521,25
49072686,Travessa D (Lot Expansão),Dezoito do Forte,521,25
49072690,Travessa Sergipe,Dezoito do Forte,521,25
49072700,Rua Sete de Setembro,Dezoito do Forte,521,25
49072710,"Rua Sílvio Romero, de 586/587 ao fim",Dezoito do Forte,521,25
49072720,"Avenida Simeão Sobral, de 1241/1242 ao fim",Dezoito do Forte,521,25
49072730,"Rua Tenente Cleto Campelo, até 630/631",Dezoito do Forte,521,25
49072740,Rua Tenente Dutra,Dezoito do Forte,521,25
49072750,Rua Vereador João Claro,Dezoito do Forte,521,25
49072760,Rua Vinte e Um de Abril,Dezoito do Forte,521,25
49072763,Travessa Vinte e Um de Abril,Dezoito do Forte,521,25
49072780,Rua Alcides Ferreira,Dezoito do Forte,521,25
49072790,Praça Frei Demetri,Dezoito do Forte,521,25
49072810,Avenida Vereador Manoel Dória da Silva,Dezoito do Forte,521,25
49072840,Travessa Minas Gerais,Dezoito do Forte,521,25
49075000,"Rua Bahia, de 136/137 ao fim",Siqueira Campos,521,25
49075010,"Rua Acre, até 1084 - lado par",Siqueira Campos,521,25
49075013,Travessa Acre,Siqueira Campos,521,25
49075020,"Rua Acre, até 2729 - lado ímpar",Siqueira Campos,521,25
49075030,"Rua Alagoas, até 764/765",Siqueira Campos,521,25
49075040,Vila Amapá,Siqueira Campos,521,25
49075050,Rua Amapá,Siqueira Campos,521,25
49075060,"Travessa Amapá, até 599/600",Siqueira Campos,521,25
49075070,Rua Amazonas,Siqueira Campos,521,25
49075080,Rua Armando Fontes,Siqueira Campos,521,25
49075090,Rua Astrogésilo Santana Souza Filho,Siqueira Campos,521,25
49075100,"Avenida Augusto Franco, até 2280 - lado par",Siqueira Campos,521,25
49075110,Travessa Bahia,Siqueira Campos,521,25
49075123,Vila Dona Moça,Siqueira Campos,521,25
49075130,Rua Carlos Garcia,Siqueira Campos,521,25
49075140,Rua Cleomenes Santos,Siqueira Campos,521,25
49075150,Rua Constantino Gomes de Souza,Siqueira Campos,521,25
49075160,Rua Deputado Carlos Correia,Siqueira Campos,521,25
49075170,"Avenida Doutor José da Silva Ribeiro Filho, até 565/566",Siqueira Campos,521,25
49075180,Travessa Ceará,Siqueira Campos,521,25
49075190,Rua Distrito Federal,Siqueira Campos,521,25
49075193,Travessa Campo do Brito,Siqueira Campos,521,25
49075200,Praça Dom José Thomaz,Siqueira Campos,521,25
49075210,Rua Eliziário da Lapa Pinto,Siqueira Campos,521,25
49075230,Rua Enock Santiago Filho,Siqueira Campos,521,25
49075240,"Rua Espírito Santo, até 919/920",Siqueira Campos,521,25
49075250,Rua Florianópolis,Siqueira Campos,521,25
49075260,Rua Frei José de Santa Cecília,Siqueira Campos,521,25
49075270,"Rua Frei Luiz Canolo de Noronha, lado ímpar",Siqueira Campos,521,25
49075280,"Rua Goiás, até 929/930",Siqueira Campos,521,25
49075290,"Rua Guaporé, até 627/628",Siqueira Campos,521,25
49075300,Travessa Irmã Gildete,Siqueira Campos,521,25
49075310,Praça Joaquim Sabino Ribeiro Chaves,Siqueira Campos,521,25
49075320,Rua José Jorge de Siqueira Filho,Siqueira Campos,521,25
49075330,Rua Manoel Baiense,Siqueira Campos,521,25
49075340,Praça Manoel Barreto Filho,Siqueira Campos,521,25
49075350,Rua Manoel Bonfim,Siqueira Campos,521,25
49075360,Travessa Manoel Leônidas de Bomfim,Siqueira Campos,521,25
49075370,Rua Mariano Salmeron,Siqueira Campos,521,25
49075380,"Rua Mato Grosso, até 738/739",Siqueira Campos,521,25
49075390,Rua Modernistas,Siqueira Campos,521,25
49075400,Rua Neópolis,Siqueira Campos,521,25
49075410,Travessa Oliveira,Siqueira Campos,521,25
49075420,"Rua Paraíba, de 125 a 1235 - lado ímpar",Siqueira Campos,521,25
49075440,Travessa Tenente-Coronel Odilon Siqueira,Siqueira Campos,521,25
49075450,Rua Passos Cabral,Siqueira Campos,521,25
49075460,Rua Pernambuco,Siqueira Campos,521,25
49075470,Rua Poeta José Sampaio,Siqueira Campos,521,25
49075480,"Rua Porto Alegre, até 589 - lado ímpar",Siqueira Campos,521,25
49075490,"Rua Porto Alegre, lado par",Siqueira Campos,521,25
49075500,Rua Quintino Marques,Siqueira Campos,521,25
49075505,Travessa Santa Cruz,Siqueira Campos,521,25
49075510,"Rua Rio Grande do Sul, até 884/885",Siqueira Campos,521,25
49075515,Travessa Nova Paraiba,Siqueira Campos,521,25
49075520,Rua Santa Catarina,Siqueira Campos,521,25
49075530,"Avenida São Paulo, até 1149 - lado ímpar",Siqueira Campos,521,25
49075540,Rua Sergipe,Siqueira Campos,521,25
49075543,Vila São Francisco,Siqueira Campos,521,25
49075550,Rua Severino Cardoso,Siqueira Campos,521,25
49075560,Vila Trindade,Siqueira Campos,521,25
49075570,Rua Ulisses Siqueira,Siqueira Campos,521,25
49075580,Rua Vereador João Claro,Siqueira Campos,521,25
49075590,Rua Vereador Manoel Hardman,Siqueira Campos,521,25
49075610,Rua Maximiano Geraldo de Oliveira,Siqueira Campos,521,25
49075620,Rua Possidônio Travassos,Siqueira Campos,521,25
49075630,Praça Presbítero Filemon Freire Santos,Siqueira Campos,521,25
49075640,Praça Iracyr Silva,Siqueira Campos,521,25
49075650,Travessa Mariano Salmeron,Siqueira Campos,521,25
49075900,"Petróleo Brasileiro (Petrobrás), Rua Acre, 2504",Siqueira Campos,521,25
49075970,"CTCE Aracaju, Rua Acre, 1084",Siqueira Campos,521,25
49075971,"CEE Aracaju, Rua Acre, 1084",Siqueira Campos,521,25
49075972,"CDD Aracaju, Rua Acre, 1084",Siqueira Campos,521,25
49075975,"AC Rua Acre, Rua Acre, 1084",Siqueira Campos,521,25
49075976,"AC Siqueira Campos, Rua Deputado Carlos Correia, 357",Siqueira Campos,521,25
49080005,"Rua México, de 1/2 ao fim",América,521,25
49080010,"Rua Acre, de 1086 a 2728 - lado par",América,521,25
49080020,Rua Alaska,América,521,25
49080030,Rua Alípio José dos Santos,América,521,25
49080035,Rua Pedra Mole,América,521,25
49080040,Rua Amapá,América,521,25
49080045,Rua Álvaro Santos,América,521,25
49080050,Rua Alzira Rezende,América,521,25
49080070,"Travessa Amapá, de 601/602 ao fim",América,521,25
49080080,Rua Argentina,América,521,25
49080090,Rua Bolívia,América,521,25
49080110,Travessa Brasil,América,521,25
49080120,Rua Campo do Brito,América,521,25
49080135,"Rua Canadá, de 1/2 ao fim",América,521,25
49080140,Travessa Chile,América,521,25
49080150,Rua Coronel Andrade,América,521,25
49080160,Rua Costa Rica,América,521,25
49080163,Travessa Costa Rica,América,521,25
49080180,"Avenida Doutor José da Silva Ribeiro Filho, de 567/568 ao fim",América,521,25
49080190,Avenida Doutor Carlos Rodrigues da Cruz,América,521,25
49080200,Travessa Nova Paraíba,América,521,25
49080205,"Rua Cuba, até 99998/99999",América,521,25
49080210,Rua Mãe Nanã,América,521,25
49080215,"Avenida Brasil, até 99998/99999",América,521,25
49080220,Avenida Estados Unidos,América,521,25
49080225,"Rua Colômbia, de 1/2 ao fim",América,521,25
49080230,Praça Franklin Delano Roosevelt,América,521,25
49080240,Rua Goiânia,América,521,25
49080250,Rua Groelândia,América,521,25
49080260,Avenida Guanabara,América,521,25
49080263,Travessa Guanabara,América,521,25
49080270,Travessa Guaporé,América,521,25
49080275,"Rua José Emídio da Costa, de 1/2 ao fim",América,521,25
49080280,"Rua Guaporé, de 629/630 ao fim",América,521,25
49080290,Rua Guatemala,América,521,25
49080310,Rua Hélio Cardoso,América,521,25
49080320,Rua Honduras,América,521,25
49080323,"Avenida Camilo Calazans, de 1 ao fim - lado ímpar",América,521,25
49080326,"Avenida Camilo Calazans, de 2 ao fim - lado par",América,521,25
49080330,Rua José Pereira de Oliveira,América,521,25
49080340,Travessa José Vasconcelos,América,521,25
49080350,Rua José Zuckman,América,521,25
49080356,Travessa José Zuckman,América,521,25
49080360,Rua Maria Pureza dos Santos,América,521,25
49080363,Travessa Central II,América,521,25
49080365,"Rua Osvaldo Sampaio, de 1/2 ao fim",América,521,25
49080370,Rua Nicarágua,América,521,25
49080373,Travessa Nicarágua,América,521,25
49080380,Rua Nova Paraíba,América,521,25
49080400,Rua Panamá,América,521,25
49080403,Rua B,América,521,25
49080406,Travessa H,América,521,25
49080410,Rua Paraguaçu,América,521,25
49080420,Rua Paraguai,América,521,25
49080430,"Rua Paraíba, de 1294 ao fim - lado par",América,521,25
49080440,"Rua Paraíba, de 1237 ao fim - lado ímpar",América,521,25
49080450,Rua Peru,América,521,25
49080460,"Rua Porto Alegre, de 591 ao fim - lado ímpar",América,521,25
49080470,"Avenida Presidente Tancredo Neves, de 5282 a 7604 - lado par",América,521,25
49080480,Avenida Professor José Olino de Lima Neto,América,521,25
49080483,Travessa José Olino,América,521,25
49080485,Travessa A (Lot José Olino),América,521,25
49080486,Rua Francisco Alves Lima,América,521,25
49080490,Praça da República,América,521,25
49080500,Travessa São João,América,521,25
49080510,Praça Frei Miguel Serafini,América,521,25
49080520,Rua Uruguai,América,521,25
49080525,Travessa Euzébio Pinheiro,América,521,25
49080530,Rua Venezuela,América,521,25
49080540,Rua Washington Luís,América,521,25
49080550,Travessa Washington Luís,América,521,25
49080580,Travessa Porto Aegre I,América,521,25
49080585,Travessa Porto Alegre II,América,521,25
49080590,Rua São Salvador,América,521,25
49080600,Travessa Cefap,América,521,25
49080620,Rua A (Cj Mª do Carmo),América,521,25
49080626,Rua C (Cj Mª do Carmo),América,521,25
49080629,Rua D (Cj Mª do Carmo),América,521,25
49080632,Rua E (Cj Mª do Carmo),América,521,25
49080635,Rua F (Cj Mª do Carmo),América,521,25
49080638,Rua G (Cj Mª do Carmo),América,521,25
49080641,Rua H (Cj Mª do Carmo),América,521,25
49080649,Travessa Um (Cj Mª do Carmo),América,521,25
49080652,Travessa Dois (Cj Mª do Carmo),América,521,25
49080655,Travessa Três (Cj Mª do Carmo),América,521,25
49080658,Travessa Quatro (Cj Mª do Carmo),América,521,25
49080661,Travessa Cinco (Cj Mª do Carmo),América,521,25
49080664,Travessa Invasão (Cj Mª do Carmo),América,521,25
49080667,Rua U (Cj Mª do Carmo),América,521,25
49080900,"Secretaria de Estado da Fazenda de Sergipe, Avenida Presidente Tancredo Neves, s/n",Capucho,521,25
49080901,"Fórum Gumercino Bessa, Avenida Presidente Tancredo Neves, s/n",Capucho,521,25
49080902,"Justiça Federal, Avenida Doutor Carlos Rodrigues da Cruz, 1500",Capucho,521,25
49080903,"Tribunal de Contas da União, Avenida Doutor Carlos Rodrigues da Cruz, 1548",Capucho,521,25
49081000,Setor Centro Administrativo Augusto Franco,Capucho,521,25
49081010,Avenida Conselheiro Carlos Alberto Barros Sampaio,Capucho,521,25
49081020,Avenida Conselheiro João Evangelista Maciel Porto,Capucho,521,25
49081030,Rua Deputado Reinaldo Moura,Capucho,521,25
49081040,Rua B (Veneza II),Capucho,521,25
49081043,Rua C (Veneza II),Capucho,521,25
49081046,Rua D (Veneza II),Capucho,521,25
49081050,"Avenida Chanceler Osvaldo Aranha, de 1 ao fim - lado ímpar",Capucho,521,25
49081055,Rua G (Veneza II),Capucho,521,25
49081060,"Avenida Presidente Tancredo Neves, de 5657 ao fim - lado ímpar",Capucho,521,25
49081083,Estrada da Endagro,Capucho,521,25
49081090,Avenida Professor José Bonifácio Fortes Neto,Capucho,521,25
49081093,Rua Emerson Bonfim,Capucho,521,25
49081096,Travessa B (Veneza II),Capucho,521,25
49081099,Travessa C (Veneza II),Capucho,521,25
49081102,Travessa D (Veneza II),Capucho,521,25
49081105,Rua E (Veneza II),Capucho,521,25
49081108,Rua Geraldo Moura Diniz,Capucho,521,25
49081111,Rua Manoel Vieira do Nascimento,Capucho,521,25
49081120,"Avenida Marechal Cândido Mariano da Silva Rondon, lado ímpar",Capucho,521,25
49082000,"Rua Rio Grande do Sul, de 886/887 ao fim",Novo Paraíso,521,25
49082005,"Avenida Presidente Tancredo Neves, de 7606 ao fim - lado par",Novo Paraíso,521,25
49082010,Rua Abolição,Novo Paraíso,521,25
49082020,Rua Afonso Pena,Novo Paraíso,521,25
49082025,"Rua México, até 99998/99999",Novo Paraíso,521,25
49082030,Rua Amador Bueno,Novo Paraíso,521,25
49082040,"Rua Barra dos Coqueiros, de 556/557 ao fim",Novo Paraíso,521,25
49082050,Rua Bernardo Vieira de Melo,Novo Paraíso,521,25
49082065,"Avenida Brasil, de 1/2 ao fim",Novo Paraíso,521,25
49082070,Rua Cabo José Ferreira,Novo Paraíso,521,25
49082080,Rua Cabo Pedro Almeida,Novo Paraíso,521,25
49082093,"Avenida Camilo Calazans, até 99999 - lado ímpar",Novo Paraíso,521,25
49082096,"Avenida Camilo Calazans, até 99998 - lado par",Novo Paraíso,521,25
49082100,Travessa Central,Novo Paraíso,521,25
49082110,"Avenida Chanceler Osvaldo Aranha, até 99999 - lado ímpar",Novo Paraíso,521,25
49082123,Travessa Colômbia,Novo Paraíso,521,25
49082125,"Rua Colômbia, até 99998/99999",Novo Paraíso,521,25
49082130,Rua da Conjuração Baiana,Novo Paraíso,521,25
49082145,"Rua Cuba, de 1/2 ao fim",Novo Paraíso,521,25
49082150,Rua Deputado Euvaldo Diniz,Novo Paraíso,521,25
49082160,Rua Desembargador Enock Santiago,Novo Paraíso,521,25
49082170,"Rua Espírito Santo, de 921/922 ao fim",Novo Paraíso,521,25
49082180,Rua Florianópolis,Novo Paraíso,521,25
49082190,Travessa Florianópolis,Novo Paraíso,521,25
49082200,Praça Francisco Rosa,Novo Paraíso,521,25
49082210,Rua General Osório,Novo Paraíso,521,25
49082220,Rua Guilherme José Martins,Novo Paraíso,521,25
49082230,Rua Henrique Dias,Novo Paraíso,521,25
49082240,Rua Inconfidência,Novo Paraíso,521,25
49082250,Rua João Ferreira,Novo Paraíso,521,25
49082260,Rua José Conrado de Araújo,Novo Paraíso,521,25
49082263,Travessa Vital Brasil,Novo Paraíso,521,25
49082275,"Rua José Emídio da Costa, até 99998/99999",Novo Paraíso,521,25
49082290,Rua Manoel Beckman,Novo Paraíso,521,25
49082300,Rua Manoel Nunes Vieira,Novo Paraíso,521,25
49082303,Travessa Manoel Nunes Vieira,Novo Paraíso,521,25
49082310,Rua Marinheiro Alcides Cavalcante,Novo Paraíso,521,25
49082320,Rua Marinheiro Antônio Brandão,Novo Paraíso,521,25
49082330,Rua Marinheiro Carlos Campos,Novo Paraíso,521,25
49082333,Rua T,Novo Paraíso,521,25
49082340,Rua Marinheiro Luiz Batista,Novo Paraíso,521,25
49082350,Rua Mem de Sá,Novo Paraíso,521,25
49082360,Rua Novo Paraíso,Novo Paraíso,521,25
49082370,Vila Novo Paraíso,Novo Paraíso,521,25
49082385,"Rua Osvaldo Sampaio, até 99998/99999",Novo Paraíso,521,25
49082390,Vila Paraíso,Novo Paraíso,521,25
49082400,Rua da Revolução Pernambucana,Novo Paraíso,521,25
49082410,Travessa Rio Grande do Sul,Novo Paraíso,521,25
49082415,"Rua Canadá, até 99998/99999",Novo Paraíso,521,25
49082420,Praça Roberto Fonseca,Novo Paraíso,521,25
49082430,Praça Ronaldo Calumbi Barreto,Novo Paraíso,521,25
49082440,Rua Sargento Audálio Gonçalves,Novo Paraíso,521,25
49082450,Rua Sargento Cassiano Rodrigues,Novo Paraíso,521,25
49082460,Rua Sargento Domingos Sérgio,Novo Paraíso,521,25
49082470,Rua Sargento João Serafim,Novo Paraíso,521,25
49082480,Rua Sargento José Teodoro,Novo Paraíso,521,25
49082490,Rua Sargento Lauro José,Novo Paraíso,521,25
49082500,Rua Sargento Manoel Messias,Novo Paraíso,521,25
49082510,Rua Sargento Osvaldo Conceição,Novo Paraíso,521,25
49082520,Travessa Sergipe,Novo Paraíso,521,25
49082530,Rua Soldado Jorge Costa,Novo Paraíso,521,25
49082550,Rua Soldado Laurindo Santos,Novo Paraíso,521,25
49082560,Rua Soldado Lino Pinto,Novo Paraíso,521,25
49082570,Rua Soldado Wilson Bomfim,Novo Paraíso,521,25
49082580,Rua Tenente Durval Chaves,Novo Paraíso,521,25
49082600,Avenida Tiradentes,Novo Paraíso,521,25
49082610,Rua Vila Paraíba,Novo Paraíso,521,25
49082620,Rua Equador,Novo Paraíso,521,25
49082640,Rua Felipe dos Santos,Novo Paraíso,521,25
49082645,"Rua Paraíba, de 712 a 1292 - lado par",Novo Paraíso,521,25
49082650,Travessa Particular,Novo Paraíso,521,25
49085000,"Rua Alagoas, de 766/767 ao fim",José Conrado de Araújo,521,25
49085010,Rua Adelaide de Souza Ferraz,José Conrado de Araújo,521,25
49085020,Avenida Alcides Fontes,José Conrado de Araújo,521,25
49085026,Rua O (Cj D Pedro I),José Conrado de Araújo,521,25
49085029,Rua Olavo Cunha Lima,José Conrado de Araújo,521,25
49085030,Rua Antônio Lima de Farias,José Conrado de Araújo,521,25
49085040,Rua Arivaldo Pita Falcão,José Conrado de Araújo,521,25
49085045,Rua Jornalista Amphiloquio do Vale Filho,José Conrado de Araújo,521,25
49085050,Rua Ataíde Menezes Melo,José Conrado de Araújo,521,25
49085060,Travessa Atalaia,José Conrado de Araújo,521,25
49085080,"Rua Barra dos Coqueiros, até 554/555",José Conrado de Araújo,521,25
49085090,Rua Carira,José Conrado de Araújo,521,25
49085100,"Avenida Chanceler Osvaldo Aranha, até 99998 - lado par",José Conrado de Araújo,521,25
49085120,Rua Dona Zizi Moreira,José Conrado de Araújo,521,25
49085130,Rua Doutor Alexandre Freire,José Conrado de Araújo,521,25
49085140,Rua Fernando de Noronha,José Conrado de Araújo,521,25
49085143,Travessa Fernando de Noronha,José Conrado de Araújo,521,25
49085150,"Rua Goiás, de 931/932 ao fim",José Conrado de Araújo,521,25
49085160,Rua José Campos de Souza,José Conrado de Araújo,521,25
49085170,Rua José de Oliveira,José Conrado de Araújo,521,25
49085180,Rua José Vieira de Andrade,José Conrado de Araújo,521,25
49085183,Travessa Maria Alves dos Santos,José Conrado de Araújo,521,25
49085186,Rua P (Cj Agamenon Magalhães),José Conrado de Araújo,521,25
49085189,Rua Maria da Penha Andrade,José Conrado de Araújo,521,25
49085190,Rua Juiz Mário Almeida Lobão,José Conrado de Araújo,521,25
49085195,Rua Sagrado Coração de Jesus,José Conrado de Araújo,521,25
49085210,Rua Manoel Dantas,José Conrado de Araújo,521,25
49085213,Travessa Adalberto,José Conrado de Araújo,521,25
49085220,"Rua Mato Grosso, de 740/741 ao fim",José Conrado de Araújo,521,25
49085230,Rua Natal,José Conrado de Araújo,521,25
49085235,Rua São José,José Conrado de Araújo,521,25
49085240,Travessa Natal,José Conrado de Araújo,521,25
49085250,Praça Nelson Ferreira Martins,José Conrado de Araújo,521,25
49085260,Rua Nossa Senhora de Fátima,José Conrado de Araújo,521,25
49085263,Travessa José Vieira,José Conrado de Araújo,521,25
49085270,Rua João Adalberto do Nascimento,José Conrado de Araújo,521,25
49085280,Rua Pedro Alves de Menezes,José Conrado de Araújo,521,25
49085300,Rua Paulo Barreto,José Conrado de Araújo,521,25
49085310,Rua Recife,José Conrado de Araújo,521,25
49085313,Travessa Recife,José Conrado de Araújo,521,25
49085320,Rua Reverendo Alfeu Barros de Oliveira,José Conrado de Araújo,521,25
49085330,Rua Dona Rubina,José Conrado de Araújo,521,25
49085340,Travessa Santa Gleide,José Conrado de Araújo,521,25
49085350,Rua Gean Carlos dos Santos,José Conrado de Araújo,521,25
49085360,Rua Santa Rosa de Lima,José Conrado de Araújo,521,25
49085370,Travessa Santo Antônio,José Conrado de Araújo,521,25
49085380,"Avenida São Paulo, de 1151 ao fim - lado ímpar",José Conrado de Araújo,521,25
49085390,Travessa Seixas Dórea,José Conrado de Araújo,521,25
49085400,Travessa Serigy,José Conrado de Araújo,521,25
49085410,Rua Simeão Aguiar,José Conrado de Araújo,521,25
49085413,Rua General Osório,José Conrado de Araújo,521,25
49085416,Travessa General Osório,José Conrado de Araújo,521,25
49085420,Rua Tomar do Geru,José Conrado de Araújo,521,25
49085430,Rua Valdomiro Teixeira da Silva,José Conrado de Araújo,521,25
49085450,Rua Vitória,José Conrado de Araújo,521,25
49085453,Travessa Vitória,José Conrado de Araújo,521,25
49085460,Rua Manoel Valentim Pinheiro,José Conrado de Araújo,521,25
49085470,Rua Enedina Santos,José Conrado de Araújo,521,25
49085480,Rua Maria Afra Cortes Santos,José Conrado de Araújo,521,25
49085490,Avenida Salatiel Santana,José Conrado de Araújo,521,25
49085493,Rua A (Lot At da Mangueira),José Conrado de Araújo,521,25
49085496,Rua B (Lot At da Mangueira),José Conrado de Araújo,521,25
49085499,Rua C (Lot At da Mangueira),José Conrado de Araújo,521,25
49085500,Rua Eglatina Menezes Portugal,José Conrado de Araújo,521,25
49085510,"Rua Paraíba, de 126 a 710 - lado par",José Conrado de Araújo,521,25
49085520,Rua B (Cj Agamenon Magalhães),José Conrado de Araújo,521,25
49085970,"CDD Aracaju - Zona Norte, Rua Alagoas, 1316",José Conrado de Araújo,521,25
49085972,"AC Rua Alagoas, Rua Alagoas, 1316",José Conrado de Araújo,521,25
49087000,"Rua São Francisco de Assis, até 1268/1269",Santos Dumont,521,25
49087003,Travessa São Francisco de Assis,Santos Dumont,521,25
49087010,"Rua Aureliano Sampaio, de 511/512 ao fim",Santos Dumont,521,25
49087020,"Avenida Visconde de Maracaju, de 1 ao fim - lado ímpar",Santos Dumont,521,25
49087030,Avenida Pastor Jonas Teles da Silva,Santos Dumont,521,25
49087033,Rua Antônio Tavares dos Santos,Santos Dumont,521,25
49087036,Rua H (Lot Vitória Régia),Santos Dumont,521,25
49087039,Rua D (Lot Vitória Régia),Santos Dumont,521,25
49087040,"Rua Capitão Manoel Gomes, até 1297/1298",Santos Dumont,521,25
49087050,Rua Comandante Miranda,Santos Dumont,521,25
49087060,"Rua Comandante Poti, de 1/2 ao fim",Santos Dumont,521,25
49087070,Rua Conde D'Eu,Santos Dumont,521,25
49087080,Rua Cabo Hermenegildo,Santos Dumont,521,25
49087083,Rua Nelson Andrade,Santos Dumont,521,25
49087085,Rua F (Cj Alm Tamandaré),Santos Dumont,521,25
49087090,Rua Raimundo Agostinho Bezerra,Santos Dumont,521,25
49087093,Rua Walter Donald,Santos Dumont,521,25
49087096,Rua B (Cj Alm Tamandaré),Santos Dumont,521,25
49087099,Rua C (Cj Alm Tamandaré),Santos Dumont,521,25
49087100,Rua Corretor Otoniel,Santos Dumont,521,25
49087103,Travessa Corretor Otoniel,Santos Dumont,521,25
49087113,Travessa Dezesseis de Novembro,Santos Dumont,521,25
49087116,Travessa Dezesseis de Novembro II,Santos Dumont,521,25
49087120,"Rua Diretora Maria Marques, lado ímpar",Santos Dumont,521,25
49087123,Rua Um (Cj Cmte Miranda),Santos Dumont,521,25
49087126,Rua Dois (Cj Cmte Miranda),Santos Dumont,521,25
49087129,Rua Três (Cj Cmte Miranda),Santos Dumont,521,25
49087135,Travessa Maria Elze,Santos Dumont,521,25
49087143,Travessa Dom Pedro II,Santos Dumont,521,25
49087149,Rua J (Cj Alm Tamandaré),Santos Dumont,521,25
49087160,Praça Doutor Lourival Bonfim,Santos Dumont,521,25
49087170,Rua Edésio Mesquita,Santos Dumont,521,25
49087173,Rua José Alves Santos,Santos Dumont,521,25
49087180,Rua Efren Fernando Fontes,Santos Dumont,521,25
49087183,Travessa Projetada,Santos Dumont,521,25
49087186,Rua Projetada C,Santos Dumont,521,25
49087200,Rua Erondina Lopes,Santos Dumont,521,25
49087203,Rua G (Lot Bahamas),Santos Dumont,521,25
49087206,Rua Isabel Samanara,Santos Dumont,521,25
49087209,Rua Ribeiro Silva,Santos Dumont,521,25
49087210,Rua Evangelista Bispo dos Santos,Santos Dumont,521,25
49087213,Rua Frei Augusto de Santana,Santos Dumont,521,25
49087216,Rua A (Res Stos Dumont),Santos Dumont,521,25
49087219,Rua B (Res Stos Dumont),Santos Dumont,521,25
49087220,"Rua Everton Coelho, de 231/232 ao fim",Santos Dumont,521,25
49087230,Rua Frei Henrique de Coimbra,Santos Dumont,521,25
49087233,Travessa Frei Henrique de Coimbra,Santos Dumont,521,25
49087245,"Rua General Prado, até 99997/99998",Santos Dumont,521,25
49087260,Rua Idalina Bonfim,Santos Dumont,521,25
49087270,Rua Imperatriz Tereza Cristina,Santos Dumont,521,25
49087273,Travessa Tereza Cristina,Santos Dumont,521,25
49087276,Rua Helenita Mangueira da Silva,Santos Dumont,521,25
49087281,Travessa A (Lot S José),Santos Dumont,521,25
49087290,Rua Ismael Pereira,Santos Dumont,521,25
49087293,Travessa Ismael Pereira,Santos Dumont,521,25
49087296,Rua A (Lot JK),Santos Dumont,521,25
49087300,Rua Jackson Figueiredo,Santos Dumont,521,25
49087306,Rua E (Lot Bahamas),Santos Dumont,521,25
49087309,Rua José Rivaldo dos Santos,Santos Dumont,521,25
49087310,Rua Jaime Paulo,Santos Dumont,521,25
49087320,Rua Jane Bonfim,Santos Dumont,521,25
49087340,Rua João Alfredo,Santos Dumont,521,25
49087350,Rua Jonaldo Bonfim,Santos Dumont,521,25
49087353,Travessa Jonaldo Bomfim,Santos Dumont,521,25
49087360,Rua José Gomes de Almeida,Santos Dumont,521,25
49087370,Rua José Novais,Santos Dumont,521,25
49087383,Travessa Luiz Gonzaga,Santos Dumont,521,25
49087386,Travessa Elizabete Batista,Santos Dumont,521,25
49087390,"Rua Luiz Machado, até 144/145",Santos Dumont,521,25
49087393,Travessa Bela Vista,Santos Dumont,521,25
49087396,Rua C (Lot Me Tereza de Calcutá),Santos Dumont,521,25
49087400,Rua Major Aureliano,Santos Dumont,521,25
49087403,Rua B (Lot Me Tereza de Calcutá),Santos Dumont,521,25
49087406,Travessa José Rocha,Santos Dumont,521,25
49087409,Travessa do Campo,Santos Dumont,521,25
49087410,Rua Major Corbiniano,Santos Dumont,521,25
49087420,"Avenida Maranhão, de 1661/1662 ao fim",Santos Dumont,521,25
49087423,Rua B (Jd Stos Dumont),Santos Dumont,521,25
49087426,Rua C (Jd Stos Dumont),Santos Dumont,521,25
49087429,Rua D (Jd Stos Dumont),Santos Dumont,521,25
49087430,Praça Mário Valois,Santos Dumont,521,25
49087434,Travessa A (Jd Stos Dumont),Santos Dumont,521,25
49087440,Travessa Maria Mirian dos Santos Silveira,Santos Dumont,521,25
49087443,Rua C (Lot Bahamas),Santos Dumont,521,25
49087446,Rua B (Lot Bahamas),Santos Dumont,521,25
49087449,Rua D (Lot Bahamas),Santos Dumont,521,25
49087450,Rua Minervina Barros,Santos Dumont,521,25
49087460,Rua Iara Cristina,Santos Dumont,521,25
49087463,Rua Um (Lot Vitória Régia),Santos Dumont,521,25
49087466,Travessa Um (Lot Vitória Régia),Santos Dumont,521,25
49087469,Rua Desportista Sabasto,Santos Dumont,521,25
49087473,Rua A (Lot Bahamas),Santos Dumont,521,25
49087480,Rua Princesa Leopoldina,Santos Dumont,521,25
49087483,Rua Manoel Aureliano da Silva,Santos Dumont,521,25
49087490,Praça Professor Abelardo Monteiro,Santos Dumont,521,25
49087500,Rua Pureza Bonfim,Santos Dumont,521,25
49087510,Rua Radialista Ciro Moreira,Santos Dumont,521,25
49087513,Rua C (Cj do Ipes),Santos Dumont,521,25
49087516,Rua D (Cj do Ipes),Santos Dumont,521,25
49087519,Rua E (Cj do Ipes),Santos Dumont,521,25
49087520,"Rua Roberto Morais, lado ímpar",Santos Dumont,521,25
49087523,Rua C1 (Lot Vitória Régia),Santos Dumont,521,25
49087526,Rua X (Lot Vitória Régia),Santos Dumont,521,25
49087529,Rua G (Lot Vitória Régia),Santos Dumont,521,25
49087530,Rua Gleide Fonseca de Almeida Silva,Santos Dumont,521,25
49087540,Rua Santo Antônio,Santos Dumont,521,25
49087543,Travessa Santo Antônio,Santos Dumont,521,25
49087546,Rua Santos Dumont I,Santos Dumont,521,25
49087548,Rua Santos Dumont II,Santos Dumont,521,25
49087550,Travessa São Jorge,Santos Dumont,521,25
49087553,Rua F (Cj do Ipes),Santos Dumont,521,25
49087560,Rua São Jorge,Santos Dumont,521,25
49087570,Rua São José,Santos Dumont,521,25
49087580,Rua Sargento Brasiliano,Santos Dumont,521,25
49087584,Travessa Sargento Brasiliano I,Santos Dumont,521,25
49087587,Travessa Sargento Brasiliano II,Santos Dumont,521,25
49087589,Travessa Anita Machado,Santos Dumont,521,25
49087590,Travessa Senhor do Bonfim,Santos Dumont,521,25
49087593,Rua Projetada (João Simões),Santos Dumont,521,25
49087600,Rua Senhor do Bonfim,Santos Dumont,521,25
49087603,Rua José Vieira Santos,Santos Dumont,521,25
49087606,Rua Quatro,Santos Dumont,521,25
49087610,Avenida Serafim Bonfim,Santos Dumont,521,25
49087613,Travessa Serafim Bomfim,Santos Dumont,521,25
49087616,Travessa Serafim Bomfim II,Santos Dumont,521,25
49087618,Travessa Serafim Bomfim III,Santos Dumont,521,25
49087620,Praça Valteno Menezes,Santos Dumont,521,25
49087630,Rua Zênia Bonfim,Santos Dumont,521,25
49087643,Travessa General Euclides Figueiredo,Santos Dumont,521,25
49087645,"Avenida General Euclides Figueiredo, de 1 ao fim - lado ímpar",Santos Dumont,521,25
49087648,"Avenida General Euclides Figueiredo, de 2 ao fim - lado par",Santos Dumont,521,25
49087650,Rua Presbítero João Malaquias do Sacramento,Santos Dumont,521,25
49087660,Rua Dezenove (Cj Alm Tamandaré),Santos Dumont,521,25
49087663,Rua Vinte (Cj Alm Tamandaré),Santos Dumont,521,25
49087666,Rua Vinte e Um (Cj Alm Tamandaré),Santos Dumont,521,25
49087669,Rua Vinte e Dois (Cj Alm Tamandaré),Santos Dumont,521,25
49087672,Rua Vinte e Três (Cj Alm Tamandaré),Santos Dumont,521,25
49087675,Rua Vinte e Quatro (Cj Alm Tamandaré),Santos Dumont,521,25
49087678,Travessa Vinte e Quatro (Cj Alm Tamandaré),Santos Dumont,521,25
49087681,Rua Vinte e Cinco (Cj Alm Tamandaré),Santos Dumont,521,25
49087684,Rua Vinte e Seis (Cj Alm Tamandaré),Santos Dumont,521,25
49087687,Rua Vinte e Sete (Cj Alm Tamandaré),Santos Dumont,521,25
49087696,Rua M (Cj Alm Tamandaré),Santos Dumont,521,25
49087699,Rua Isabel,Santos Dumont,521,25
49087723,Rua X (Cj Alm Tamandaré),Santos Dumont,521,25
49087730,Rua José Isidio de Oliveira Filho,Santos Dumont,521,25
49087733,Travessa Dois (Lot Vitória Régia),Santos Dumont,521,25
49087740,Avenida Ayrton Senna,Santos Dumont,521,25
49087780,Travessa General Prado,Santos Dumont,521,25
49087810,Praça Ulisses Guimarães,Santos Dumont,521,25
49087820,Travessa Operária,Santos Dumont,521,25
49087830,Rua João Figueiredo Neto,Santos Dumont,521,25
49087836,Rua Kelly Cristina Santana,Santos Dumont,521,25
49087839,Travessa Kelly Cristina Santana,Santos Dumont,521,25
49087840,Rua Major Solon Ribeiro,Santos Dumont,521,25
49087970,"AC Santos Dumont, Rua Major Aureliano, 265",Santos Dumont,521,25
49088000,Avenida Lamarão,Lamarão,521,25
49088010,Avenida Paulo Figueredo Barreto,Lamarão,521,25
49088030,Rua Um,Lamarão,521,25
49088040,Rua Dois,Lamarão,521,25
49088043,Travessa Dois,Lamarão,521,25
49088046,Travessa Dois A,Lamarão,521,25
49088049,Travessa Dois B,Lamarão,521,25
49088050,Rua Quatro,Lamarão,521,25
49088056,Travessa Quatro,Lamarão,521,25
49088070,Rua Seis,Lamarão,521,25
49088073,Travessa Seis,Lamarão,521,25
49088076,Travessa Seis A,Lamarão,521,25
49088080,Rua Sete,Lamarão,521,25
49088083,Travessa Sete,Lamarão,521,25
49088090,Rua Oito,Lamarão,521,25
49088093,Travessa Oito,Lamarão,521,25
49088096,Travessa Oito A,Lamarão,521,25
49088100,Rua Nove,Lamarão,521,25
49088103,Travessa Nove,Lamarão,521,25
49088110,Rua Dez,Lamarão,521,25
49088113,Travessa Dez,Lamarão,521,25
49088120,Rua Onze,Lamarão,521,25
49088130,Rua Doze,Lamarão,521,25
49088140,Rua Treze,Lamarão,521,25
49088150,Rua Quatorze,Lamarão,521,25
49088160,Rua Quinze,Lamarão,521,25
49088170,Rua Dezesseis,Lamarão,521,25
49088180,Rua Dezessete,Lamarão,521,25
49088190,Rua Dezoito,Lamarão,521,25
49088200,Rua Dezenove,Lamarão,521,25
49088210,Rua Nivaldo dos Reis da Silva,Lamarão,521,25
49088220,Rua Vinte e Um,Lamarão,521,25
49088225,Rua Vinte e Três,Lamarão,521,25
49088229,Travessa Vinte e Três,Lamarão,521,25
49088240,Travessa General Euclides Figueiredo,Lamarão,521,25
49088245,"Avenida General Euclides Figueiredo, de 2 a 99998 - lado par",Lamarão,521,25
49088249,Travessa Maria Izabel,Lamarão,521,25
49088258,Rua Verde Cinza,Lamarão,521,25
49088260,Rua Verde Violeta,Lamarão,521,25
49088266,Rua Profeta Antônio Pedro,Lamarão,521,25
49088269,Rua N (Pousada Verde),Lamarão,521,25
49088270,Rua Verde Branco,Lamarão,521,25
49088273,Rua Verde Prata,Lamarão,521,25
49088276,Rua Verde Azul,Lamarão,521,25
49088280,Rua Verde Rosa,Lamarão,521,25
49088285,Rua Verde Cana,Lamarão,521,25
49088290,Rua Verde Amarelo,Lamarão,521,25
49088295,Rua Verde Ouro,Lamarão,521,25
49088300,Travessa Santa Lúcia,Lamarão,521,25
49088303,Rua H,Lamarão,521,25
49088307,Travessa H,Lamarão,521,25
49088310,Travessa Minas Gerais,Lamarão,521,25
49088320,Rua André Teles de Menezes,Lamarão,521,25
49088376,Rua Grace Kelly dos Santos Silva,Lamarão,521,25
49088379,Rua José Roberto Vieira,Lamarão,521,25
49088382,Rua F (Lot Sit Mte Alto),Lamarão,521,25
49088385,Travessa Vitória I,Lamarão,521,25
49088388,Travessa Vitória II,Lamarão,521,25
49088390,Rua Vitória,Lamarão,521,25
49088396,"Rua Olaria, lado ímpar",Lamarão,521,25
49088398,Travessa Olaria II,Lamarão,521,25
49088400,Rua A (Jd das Pedras),Lamarão,521,25
49088403,Rua H (Lot Sit Mte Alto),Lamarão,521,25
49088405,Travessa B (Jd das Pedras),Lamarão,521,25
49088408,Rua I (Lot Sit Mte Alto),Lamarão,521,25
49088410,Rua A (Jd Lamarão),Lamarão,521,25
49088413,Rua B (Jd Lamarão),Lamarão,521,25
49088416,Rua E (Jd Lamarão),Lamarão,521,25
49088419,Rua Capitão Manoel Vieira Matos,Lamarão,521,25
49089005,Avenida Carlos Marques de Oliveira,Soledade,521,25
49089010,Rua Geferson Ferreira da Silva,Soledade,521,25
49089013,Rua José de Barbosa Ramos,Soledade,521,25
49089016,Rua Filomena Rosa de Andrade Silva,Soledade,521,25
49089019,Rua Manoel Ferreira da Silva,Soledade,521,25
49089020,Rua Benjamin Constant,Soledade,521,25
49089025,"Avenida General Euclides Figueiredo, de 2 a 99998 - lado par",Soledade,521,25
49089030,Rua Maria Salomé Nunes Vasconcelos,Soledade,521,25
49089033,Rua Maria Terezinha dos Santos Menezes,Soledade,521,25
49089036,Rua João Conceição de Menezes,Soledade,521,25
49089039,Rua Maria do Carmo Santos Cavalcante,Soledade,521,25
49089040,Rua José Luis Santos,Soledade,521,25
49089043,Rua Josepha Santos,Soledade,521,25
49089046,Rua Pedro José do Nascimento,Soledade,521,25
49089050,Rua Quatro,Soledade,521,25
49089063,Rua Maria do Carmo Barros,Soledade,521,25
49089069,Rua João Isaias,Soledade,521,25
49089080,Rua Maria Lúcia da Fonseca Matos,Soledade,521,25
49089083,Rua das Rosas,Soledade,521,25
49089084,Travessa das Rosas,Soledade,521,25
49089086,Rua das Orquídeas,Soledade,521,25
49089089,Rua das Margaridas,Soledade,521,25
49089092,Rua G (Lot Sta Madalena),Soledade,521,25
49089098,Rua dos Cravos,Soledade,521,25
49089100,Rua A (Inv Sta Catarina),Soledade,521,25
49089103,Rua B (Inv Sta Catarina),Soledade,521,25
49089109,Rua D (Inv Sta Catarina),Soledade,521,25
49089112,Rua E (Inv Sta Catarina),Soledade,521,25
49089150,Rua A (Lot Pto Gringo),Soledade,521,25
49089153,Rua B (Lot Pto Gringo),Soledade,521,25
49089156,Rua C (Lot Pto Gringo),Soledade,521,25
49089159,Rua D (Lot Pto Gringo),Soledade,521,25
49089162,Rua E (Lot Pto Gringo),Soledade,521,25
49089170,Rua A (Lot Sr do Bomfim),Soledade,521,25
49089173,Rua B (Lot Sr do Bomfim),Soledade,521,25
49089176,Rua Senhor do Bomfim,Soledade,521,25
49089179,Rua Cláudia Oliveira Silva,Soledade,521,25
49089182,Rua Hamilton César Leite,Soledade,521,25
49089185,Rua J (Lot Sr do Bomfim),Soledade,521,25
49089188,Rua Jackson Barreto,Soledade,521,25
49089191,Rua Jamisson Silva,Soledade,521,25
49089194,Rua L1 (Lot Sr do Bomfim),Soledade,521,25
49089197,Rua Maria Cristina Melo,Soledade,521,25
49089200,Rua Antônio Marcos,Soledade,521,25
49089203,Avenida Silva (Lot Rec Rio Palame),Soledade,521,25
49089240,Rua A (Jd Bahia),Soledade,521,25
49089246,Rua C (Jd Bahia),Soledade,521,25
49089249,Rua D (Jd Bahia),Soledade,521,25
49089252,Rua E (Jd Bahia),Soledade,521,25
49089255,Rua F (Jd Bahia),Soledade,521,25
49089258,Rua G (Jd Bahia),Soledade,521,25
49089261,Rua H (Jd Bahia),Soledade,521,25
49089264,Rua I (Jd Bahia),Soledade,521,25
49089267,Rua L (Jd Bahia),Soledade,521,25
49089270,Rua A (Jd Bahia II),Soledade,521,25
49089276,Rua C (Jd Bahia II),Soledade,521,25
49089279,Rua D (Jd Bahia II),Soledade,521,25
49089282,Rua E (Jd Bahia II),Soledade,521,25
49089285,Rua F (Jd Bahia II),Soledade,521,25
49089288,Rua G (Jd Bahia II),Soledade,521,25
49089291,Rua H (Jd Bahia II),Soledade,521,25
49089294,Rua I (Jd Bahia II),Soledade,521,25
49089297,Rua J (Jd Bahia II),Soledade,521,25
49089303,Rua N (Jd Bahia II),Soledade,521,25
49089306,Rua O (Jd Bahia II),Soledade,521,25
