69918814,Rua Santa Terezinha,Conquista,7735,1
69918816,Travessa Beira Rio,Conquista,7735,1
69918818,"Rua Fonte Nova, de 601/602 ao fim",Conquista,7735,1
69918820,Rua Modelo,Conquista,7735,1
69918822,"Rua Fonte Nova, até 599/600",Conquista,7735,1
69918824,Rua Japonesa,Conquista,7735,1
69918826,Rua Morete,Conquista,7735,1
69918828,Travessa Aldeia,Conquista,7735,1
69918832,Rua Karen,Conquista,7735,1
69918834,Rua Aquarela,Conquista,7735,1
69918836,"Rua Padre Cícero, de 421/422 ao fim",Conquista,7735,1
69918838,Travessa Leme,Conquista,7735,1
69918840,"Rua Botafogo, até 399/400",Conquista,7735,1
69918842,"Rua Dourado, até 401/402",Conquista,7735,1
69918844,Rua Estudante,Conquista,7735,1
69918846,"Rua Itapuã, até 347/348",Conquista,7735,1
69918848,Rua Fluminense,Conquista,7735,1
69918850,"Rua Valdomiro Lopes, de 918 a 1842 - lado par",Conquista,7735,1
69918860,"Rua Valdomiro Lopes, de 1037 a 1843 - lado ímpar",Geraldo Fleming,7735,1
69918862,"Rua Manaus, de 513/514 ao fim",Geraldo Fleming,7735,1
69918864,Rua Conquista,Geraldo Fleming,7735,1
69918866,Travessa Paraíba,Geraldo Fleming,7735,1
69918868,Rua Acimar Leitão,Geraldo Fleming,7735,1
69918870,Rua Belo Jardim,Geraldo Fleming,7735,1
69918880,"Rua Manaus, de 401/402 a 511/512",Residencial Iolanda,7735,1
69918882,Rua Dourado,Residencial Iolanda,7735,1
69918884,Rua Tâmisa,Residencial Iolanda,7735,1
69918886,Rua Maracanã,Residencial Iolanda,7735,1
69918888,Travessa da Conquista,Residencial Iolanda,7735,1
69918890,Rua Eufrates,Residencial Iolanda,7735,1
69918892,Rua Mississipe,Residencial Iolanda,7735,1
69918894,Rua Vila Vintém,Residencial Iolanda,7735,1
69918896,Rua Nossa Senhora Aparecida,Residencial Iolanda,7735,1
69918970,"AGF Estação Experimental, Avenida Nações Unidas, 2800",Estação Experimental,7735,1
69919000,Rua Cícero Leão de Paiva,Loteamento Isaura Parente,7735,1
69919003,Rua Jaguaribe,Loteamento Isaura Parente,7735,1
69919006,Rua Nossa Senhora Aparecida,Loteamento Isaura Parente,7735,1
69919009,Rua Tutóia do Maranhão,Loteamento Isaura Parente,7735,1
69919012,Rua Santa Fé,Loteamento Isaura Parente,7735,1
69919015,"Rua Isaura Parente, de 2600 a 2800 - lado par",Loteamento Isaura Parente,7735,1
69919018,"Rua Manaus, até 399/400",Loteamento Isaura Parente,7735,1
69919050,"Rua Isaura Parente, de 2802 a 2998 - lado par",Loteamento dos Engenheiros,7735,1
69919053,Rua dos Engenheiros,Loteamento dos Engenheiros,7735,1
69919056,Rua dos Engenheiros ll,Loteamento dos Engenheiros,7735,1
69919060,Rua Vista Alegre,Parque das Palmeiras,7735,1
69919063,Rua dos Médicos,Parque das Palmeiras,7735,1
69919066,Rua Coral,Parque das Palmeiras,7735,1
69919069,Rua Recreio,Parque das Palmeiras,7735,1
69919072,Rua Palmeirinha,Parque das Palmeiras,7735,1
69919075,Rua Tigre,Parque das Palmeiras,7735,1
69919078,Rua Palotina,Parque das Palmeiras,7735,1
69919081,Rua do Parque,Parque das Palmeiras,7735,1
69919120,Rua Boa Vista,Conjunto Paulo César de Oliveira,7735,1
69919122,Rua Vitória,Conjunto Paulo César de Oliveira,7735,1
69919124,Rua Geni Formiga,Conjunto Paulo César de Oliveira,7735,1
69919126,Rua dos Morenos,Conjunto Paulo César de Oliveira,7735,1
69919128,Rua Jaqueline,Conjunto Paulo César de Oliveira,7735,1
69919130,Rua do Bosque,Conjunto Paulo César de Oliveira,7735,1
69919132,"Rua Isaura Parente, de 3000 ao fim - lado par",Conjunto Paulo César de Oliveira,7735,1
69919140,"Estrada Dias Martins, até 230 - lado par",Residencial Petrópolis,7735,1
69919143,Rua da Felicidade,Residencial Petrópolis,7735,1
69919180,"Estrada Dias Martins, de 232 a 790 - lado par",Conjunto Mariana,7735,1
69919182,Avenida Recanto Verde,Conjunto Mariana,7735,1
69919184,Rua Felicidade,Conjunto Mariana,7735,1
69919186,Rua Paraíso,Conjunto Mariana,7735,1
69919188,Travessa Macauã,Conjunto Mariana,7735,1
69919190,Rua Vitória,Conjunto Mariana,7735,1
69919192,Travessa Brunei,Conjunto Mariana,7735,1
69919194,Rua Boa Vista,Conjunto Mariana,7735,1
69919196,Rua Alegria,Conjunto Mariana,7735,1
69919198,Rua Bom Retiro,Conjunto Mariana,7735,1
69919200,Rua da Liberdade,Conjunto Mariana,7735,1
69919202,"Estrada Alberto Torres, até 799/800",Conjunto Mariana,7735,1
69919230,"Estrada Alberto Torres, de 801/802 ao fim",Paz,7735,1
69919232,Travessa Banho de Cheiro,Paz,7735,1
69919234,Travessa Anápolis,Paz,7735,1
69919236,Travessa da Lagoa,Paz,7735,1
69919238,Travessa Natal,Paz,7735,1
69919240,Travessa Ano Novo,Paz,7735,1
69919242,Rua Campinas,Paz,7735,1
69919244,Travessa Jaciara,Paz,7735,1
69919248,Travessa Jarú,Paz,7735,1
69919250,Travessa Santa Clara,Paz,7735,1
69919252,Travessa Catanduva,Paz,7735,1
69919254,"Rua Valdomiro Lopes, de 1845 ao fim - lado ímpar",Paz,7735,1
69919256,"Rua Valdomiro Lopes, de 1844 ao fim - lado par",Paz,7735,1
69919258,Travessa Rodrigues,Paz,7735,1
69919260,Rua Padre Cícero,Paz,7735,1
69919262,Travessa São Cristóvão,Paz,7735,1
69919264,"Rua Botafogo, de 401/402 ao fim",Paz,7735,1
69919266,Travessa Valério,Paz,7735,1
69919268,Travessa Mâncio Lima,Paz,7735,1
69919270,Travessa Felicidade,Paz,7735,1
69919272,Travessa Raimundo Neves,Paz,7735,1
69919274,Travessa da Paz,Paz,7735,1
69919276,Travessa Anápolis 1,Paz,7735,1
69919278,Beco Anápolis,Paz,7735,1
69919280,Beco Anápolis 2,Paz,7735,1
69919330,Rua Plácido de Castro,Loteamento Joafra,7735,1
69919332,Rua Projetada 900,Loteamento Joafra,7735,1
69919334,Rua Nanain,Loteamento Joafra,7735,1
69919336,Rua Projetada 540,Loteamento Joafra,7735,1
69919338,Rua Platano,Loteamento Joafra,7735,1
69919340,Rua Aliança com Cristo,Loteamento Joafra,7735,1
69919342,Rua Acácio,Loteamento Joafra,7735,1
69919344,Rua Imbúia,Loteamento Joafra,7735,1
69919348,Rua Projetada 12,Loteamento Joafra,7735,1
69919350,Rua Projetada 901,Loteamento Joafra,7735,1
69919352,Rua Projetada 891,Loteamento Joafra,7735,1
69919354,Rua Projetada 857,Loteamento Joafra,7735,1
69919356,Rua Projetada 898,Loteamento Joafra,7735,1
69919358,Rua Projetada 897,Loteamento Joafra,7735,1
69919360,Rua Projetada 896,Loteamento Joafra,7735,1
69919362,Rua Projetada 858,Loteamento Joafra,7735,1
69919364,Rua Projetada 856,Loteamento Joafra,7735,1
69919366,Rua Projetada 887,Loteamento Joafra,7735,1
69919368,Rua Projetada 892,Loteamento Joafra,7735,1
69919370,Rua Projetada 991,Loteamento Joafra,7735,1
69919372,Rua Projetada 890,Loteamento Joafra,7735,1
69919376,Rua Projetada 888,Loteamento Joafra,7735,1
69919378,Rua Belo Jardim,Loteamento Joafra,7735,1
69919380,Rua Eldorado,Loteamento Joafra,7735,1
69919382,Rua Cidade Nova,Loteamento Joafra,7735,1
69919386,Rua Belo Horizonte,Loteamento Joafra,7735,1
69919388,Rua Elise,Loteamento Joafra,7735,1
69919390,Rua da Paz,Loteamento Joafra,7735,1
69919392,Rua da Amizade,Loteamento Joafra,7735,1
69919394,Rua Projetada 25,Loteamento Joafra,7735,1
69919396,Rua Projetada 17,Loteamento Joafra,7735,1
69919398,Rua Projetada 19,Loteamento Joafra,7735,1
69919400,Rua Cedro,Loteamento Joafra,7735,1
69919402,Rua Porto Velho,Loteamento Joafra,7735,1
69919404,Rua Marte,Loteamento Joafra,7735,1
69919406,Rua Girassol,Loteamento Joafra,7735,1
69919408,Rua Manaus,Loteamento Joafra,7735,1
69919410,Travessa Dourado,Loteamento Joafra,7735,1
69919412,Rua da Alegria,Loteamento Joafra,7735,1
69919500,Rua Governador Edmundo Pinto,Jardim Brasil,7735,1
69919502,Rua Tancredo Neves,Jardim Brasil,7735,1
69919504,Rua Francisco Marcos,Jardim Brasil,7735,1
69919506,Rua Alexandre,Jardim Brasil,7735,1
69919508,Rua Edmundo Pinto,Jardim Brasil,7735,1
69919510,Rua Osvaldo Dilson,Jardim Brasil,7735,1
69919512,Travessa Osvaldo Dilson,Jardim Brasil,7735,1
69919600,"Estrada Dias Martins, de 792 a 1590 - lado par",Jardim Primavera,7735,1
69919602,Rua das Rosas,Jardim Primavera,7735,1
69919604,Rua das Papoulas,Jardim Primavera,7735,1
69919606,Rua Hortências,Jardim Primavera,7735,1
69919610,Rua Cravos,Jardim Primavera,7735,1
69919612,Rua Azaléia,Jardim Primavera,7735,1
69919614,Rua Girassol,Jardim Primavera,7735,1
69919616,Rua Bouganville,Jardim Primavera,7735,1
69919618,Rua Primavera,Jardim Primavera,7735,1
69919620,Rua Samambaia,Jardim Primavera,7735,1
69919622,Rua Ametista,Jardim Primavera,7735,1
69919624,Rua Violetas,Jardim Primavera,7735,1
69919626,Beco das Rosas,Jardim Primavera,7735,1
69919628,Rua Tulipas,Jardim Primavera,7735,1
69919630,Rua Orquídeas,Jardim Primavera,7735,1
69919632,Rua Margaridas,Jardim Primavera,7735,1
69919634,Rua das Adálias,Jardim Primavera,7735,1
69919636,Rua Jasmim,Jardim Primavera,7735,1
69919638,Rua das Violetas,Jardim Primavera,7735,1
69919640,Rua dos Ibiscos,Jardim Primavera,7735,1
69919670,"Rodovia BR-364 (Rio Branco-Cruzeiro do Sul), de 3580/3581 a 5099/5100",Conjunto Tucumã,7735,1
69919673,Avenida Oeste,Conjunto Tucumã,7735,1
69919676,Avenida Sul,Conjunto Tucumã,7735,1
69919679,Travessa Ametista,Conjunto Tucumã,7735,1
69919682,Rua S6,Conjunto Tucumã,7735,1
69919685,Rua C,Conjunto Tucumã,7735,1
69919688,Rua S5,Conjunto Tucumã,7735,1
69919691,Rua S4,Conjunto Tucumã,7735,1
69919694,Rua B,Conjunto Tucumã,7735,1
69919697,Rua S3,Conjunto Tucumã,7735,1
69919700,Rua A,Conjunto Tucumã,7735,1
69919703,Rua S2,Conjunto Tucumã,7735,1
69919706,Rua S1,Conjunto Tucumã,7735,1
69919709,Rua W2A,Conjunto Tucumã,7735,1
69919712,Avenida Central,Conjunto Tucumã,7735,1
69919715,Rua W2,Conjunto Tucumã,7735,1
69919718,Rua W4,Conjunto Tucumã,7735,1
69919721,Rua W6,Conjunto Tucumã,7735,1
69919724,Rua W8,Conjunto Tucumã,7735,1
69919727,Rua W10,Conjunto Tucumã,7735,1
69919730,Rua W12,Conjunto Tucumã,7735,1
69919733,Avenida Mônaco,Conjunto Tucumã,7735,1
69919736,Avenida Sudoeste,Conjunto Tucumã,7735,1
69919739,"Avenida Nordeste, de 721/722 ao fim",Conjunto Tucumã,7735,1
69919742,Rua W11,Conjunto Tucumã,7735,1
69919745,Rua Ocidente,Conjunto Tucumã,7735,1
69919748,Rua Malta,Conjunto Tucumã,7735,1
69919751,Rua W10A,Conjunto Tucumã,7735,1
69919754,Rua W9,Conjunto Tucumã,7735,1
69919757,Rua W16,Conjunto Tucumã,7735,1
69919760,Rua W7,Conjunto Tucumã,7735,1
69919766,Rua W5,Conjunto Tucumã,7735,1
69919769,Rua W3,Conjunto Tucumã,7735,1
69919772,Rua W13,Conjunto Tucumã,7735,1
69919775,Rua W1,Conjunto Tucumã,7735,1
69919778,"Avenida Nordeste, até 719/720",Conjunto Tucumã,7735,1
69919781,Avenida Central ll,Conjunto Tucumã,7735,1
69919784,Avenida Norte,Conjunto Tucumã,7735,1
69919787,Rua N7,Conjunto Tucumã,7735,1
69919790,Avenida W67,Conjunto Tucumã,7735,1
69919793,Rua N6,Conjunto Tucumã,7735,1
69919796,Rua N37,Conjunto Tucumã,7735,1
69919797,Rua W37,Conjunto Tucumã,7735,1
69919799,Rua N5,Conjunto Tucumã,7735,1
69919802,Rua W46,Conjunto Tucumã,7735,1
69919805,Rua N4,Conjunto Tucumã,7735,1
69919808,Rua W24,Conjunto Tucumã,7735,1
69919811,Rua N3,Conjunto Tucumã,7735,1
69919814,Rua N13,Conjunto Tucumã,7735,1
69919817,Rua N2,Conjunto Tucumã,7735,1
69919820,Rua N1,Conjunto Tucumã,7735,1
69919823,Rua Via Arterial Rui Lino,Conjunto Tucumã,7735,1
69919830,Rua Padre Paulino,Conjunto Rui Lino,7735,1
69919832,Rua L,Conjunto Rui Lino,7735,1
69919834,Rua India Porã,Conjunto Rui Lino,7735,1
69919836,Rua Mirassol,Conjunto Rui Lino,7735,1
69919838,Rua Fernandópolis,Conjunto Rui Lino,7735,1
69919840,Rua Guarani,Conjunto Rui Lino,7735,1
69919842,Travessa Francisco Aguiar,Conjunto Rui Lino,7735,1
69919844,Rua Estrela,Conjunto Rui Lino,7735,1
69919846,Travessa Mogno,Conjunto Rui Lino,7735,1
69919848,Rua Francisco Montilha,Conjunto Rui Lino,7735,1
69919850,Avenida Governador Edmundo Pinto,Conjunto Rui Lino,7735,1
69919852,Rua Brasilândia,Conjunto Rui Lino,7735,1
69919854,Rua Projetada 250,Conjunto Rui Lino,7735,1
69919856,Rua São Damião,Conjunto Rui Lino,7735,1
69919858,Rua São Cosmo,Conjunto Rui Lino,7735,1
69919860,Rua Santa Edvirges,Conjunto Rui Lino,7735,1
69919862,Rua Amoty Pascoal,Conjunto Rui Lino,7735,1
69919864,Rua Projetada 21,Conjunto Rui Lino,7735,1
69919866,Rua Projetada 22,Conjunto Rui Lino,7735,1
69919868,Rua Projetada 18,Conjunto Rui Lino,7735,1
69919870,Rua Projetada 23,Conjunto Rui Lino,7735,1
69919872,Rua Projetada 20,Conjunto Rui Lino,7735,1
69920020,"Rua Melancia, de 401/402 ao fim",Mocinha Magalhães,7735,1
69920022,Rua Francisco Rafael,Mocinha Magalhães,7735,1
69920024,Travessa Belo Jardim,Mocinha Magalhães,7735,1
69920026,Beco Viveiro da Amazônia,Mocinha Magalhães,7735,1
69920028,Rua São Francisco,Mocinha Magalhães,7735,1
69920030,Rua do Côco,Mocinha Magalhães,7735,1
69920032,Beco do Manoel,Mocinha Magalhães,7735,1
69920034,"Rua da Laranja, até 653/654",Mocinha Magalhães,7735,1
69920036,Rua da Pitanga,Mocinha Magalhães,7735,1
69920038,Travessa Limão,Mocinha Magalhães,7735,1
69920040,Beco do Açaí,Mocinha Magalhães,7735,1
69920042,Beco da Pitanga,Mocinha Magalhães,7735,1
69920044,Rua Maçã,Mocinha Magalhães,7735,1
69920046,Rua do Tucumã,Mocinha Magalhães,7735,1
69920048,Rua do Limão,Mocinha Magalhães,7735,1
69920050,Beco do Alencar,Mocinha Magalhães,7735,1
69920052,Travessa da Banana,Mocinha Magalhães,7735,1
69920054,Beco do Cajú,Mocinha Magalhães,7735,1
69920056,Beco do Limão,Mocinha Magalhães,7735,1
69920058,Rua da Banana,Mocinha Magalhães,7735,1
69920060,Travessa Graviola,Mocinha Magalhães,7735,1
69920062,"Rua do Cajú, de 401/402 ao fim",Mocinha Magalhães,7735,1
69920064,Travessa Cajarana,Mocinha Magalhães,7735,1
69920066,"Rua Melancia, até 399/400",Mocinha Magalhães,7735,1
69920068,Rua Mamão,Mocinha Magalhães,7735,1
69920070,Rua Ingá,Mocinha Magalhães,7735,1
69920072,Beco da Ingá,Mocinha Magalhães,7735,1
69920074,Beco do Deracre,Mocinha Magalhães,7735,1
69920076,"Rua da Laranja, de 655/656 ao fim",Mocinha Magalhães,7735,1
69920078,Travessa Cupuaçu,Mocinha Magalhães,7735,1
69920080,Rua Maracujá,Mocinha Magalhães,7735,1
69920082,"Rua do Cajú, até 399/400",Mocinha Magalhães,7735,1
69920084,Travessa da Melancia,Mocinha Magalhães,7735,1
69920086,Beco do Maracujá,Mocinha Magalhães,7735,1
69920088,Rua Carambola,Mocinha Magalhães,7735,1
69920090,Rua Manga,Mocinha Magalhães,7735,1
69920092,Travessa Cajá,Mocinha Magalhães,7735,1
69920160,Rua Major Jenor,Distrito Industrial,7735,1
69920163,Travessa Lisboa,Distrito Industrial,7735,1
69920166,Rua Edmundo Pinto,Distrito Industrial,7735,1
69920169,Travessa Catalúnia,Distrito Industrial,7735,1
69920172,Rua Major Gesner,Distrito Industrial,7735,1
69920175,"Rua das Acácias, até 399/400",Distrito Industrial,7735,1
69920178,Travessa São José,Distrito Industrial,7735,1
69920181,Rua São Marcos,Distrito Industrial,7735,1
69920184,Travessa Isaac Benchimol,Distrito Industrial,7735,1
69920187,Travessa Café,Distrito Industrial,7735,1
69920190,Travessa do Café,Distrito Industrial,7735,1
69920193,"Rodovia BR-364 (Rio Branco-Cruzeiro do Sul), de 5101/5102 a 7999/8000",Distrito Industrial,7735,1
69920196,Travessa Dias Martins,Distrito Industrial,7735,1
69920199,Travessa do Canal,Distrito Industrial,7735,1
69920202,"Rua das Acácias, de 401/402 ao fim",Distrito Industrial,7735,1
69920205,Rua 12,Distrito Industrial,7735,1
69920208,Rua Cerâmica,Distrito Industrial,7735,1
69920211,Rua 13,Distrito Industrial,7735,1
69920214,Rua Ademar Ferreira,Distrito Industrial,7735,1
69920217,Rua São José,Distrito Industrial,7735,1
69920220,Travessa das Acácias,Distrito Industrial,7735,1
69920223,"Rodovia BR-364 (Rio Branco-Cruzeiro do Sul), de 8001/8002 a 11999/12000",Distrito Industrial,7735,1
69920310,"Rodovia BR-364 (Rio Branco-Cruzeiro do Sul), de 12001/12002 ao fim",Loteamento Vila Maria,7735,1
69920313,Avenida C,Loteamento Vila Maria,7735,1
69920316,Avenida B,Loteamento Vila Maria,7735,1
69920319,Rua Gabrielly,Loteamento Vila Maria,7735,1
69920322,Rua B,Loteamento Vila Maria,7735,1
69920325,Avenida E,Loteamento Vila Maria,7735,1
69920900,"Universidade Federal do Acre, Rodovia BR-364, 6000",Distrito Industrial,7735,1
69920970,"AC Luiz Nei de Oliveira, Rodovia BR-364, 6000",Distrito Industrial,7735,1
69921001,Rua 11,Raimundo Melo,7735,1
69921002,Rua 25 de Dezembro,Raimundo Melo,7735,1
69921004,Rua da Paz,Raimundo Melo,7735,1
69921006,Rua Doutor Mário Maia,Raimundo Melo,7735,1
69921008,Rua Professor Ribamar,Raimundo Melo,7735,1
69921010,Rua João Maurício da Cunha,Raimundo Melo,7735,1
69921012,"Avenida Getúlio Vargas, de 3837 ao fim - lado ímpar",Raimundo Melo,7735,1
69921014,Rua José de Melo,Raimundo Melo,7735,1
69921016,Rua Pantanal,Raimundo Melo,7735,1
69921018,"Avenida Getúlio Vargas, de 3836 ao fim - lado par",Raimundo Melo,7735,1
69921020,Rua São Francisco,Raimundo Melo,7735,1
69921022,Rua Francisco Bezerra,Raimundo Melo,7735,1
69921024,Rua Alvorada,Raimundo Melo,7735,1
69921026,Rua Princesa Isabel,Raimundo Melo,7735,1
69921028,Travessa Manoel Julião,Raimundo Melo,7735,1
69921030,Avenida Juscelino Kubitschek,Raimundo Melo,7735,1
69921032,Rua Terra,Raimundo Melo,7735,1
69921034,Rua Edmundo Pinto,Raimundo Melo,7735,1
69921036,Avenida São Pedro,Raimundo Melo,7735,1
69921038,Rua 7 de Setembro,Raimundo Melo,7735,1
69921070,"Avenida Antônio da Rocha Viana, de 4010 ao fim - lado par",Vila Nova,7735,1
69921072,Rua José Bispo,Vila Nova,7735,1
69921074,Rua Adam Smith,Vila Nova,7735,1
69921076,Rua Raul Pompéia,Vila Nova,7735,1
69921078,Rua Santa Maria,Vila Nova,7735,1
69921080,Rua Otávio Braga,Vila Nova,7735,1
69921082,Rua 12 de Abril,Vila Nova,7735,1
69921084,"Avenida Antônio da Rocha Viana, de 4011 ao fim - lado ímpar",Vila Nova,7735,1
69921086,Rua do Manoelito,Vila Nova,7735,1
69921088,Travessa da Zeli,Vila Nova,7735,1
69921090,Rua da Zeli,Vila Nova,7735,1
69921092,Rua do Centro,Vila Nova,7735,1
69921094,Rua Copaíba,Vila Nova,7735,1
69921110,Rua Mogno,Loteamento Novo Horizonte,7735,1
69921112,Rua Bálsamo,Loteamento Novo Horizonte,7735,1
69921114,Rua Guariúba,Loteamento Novo Horizonte,7735,1
69921116,Rua Jacarandá,Loteamento Novo Horizonte,7735,1
69921118,Rua Jatobá,Loteamento Novo Horizonte,7735,1
69921120,Rua Cedro,Loteamento Novo Horizonte,7735,1
69921122,Avenida Cerejeira,Loteamento Novo Horizonte,7735,1
69921124,Rua Aroeira,Loteamento Novo Horizonte,7735,1
69921126,Rua Angelim,Loteamento Novo Horizonte,7735,1
69921128,Rua Itaúba,Loteamento Novo Horizonte,7735,1
69921130,Rua Quariquara,Loteamento Novo Horizonte,7735,1
69921132,Rua Castanheira,Loteamento Novo Horizonte,7735,1
69921134,"Estrada Raimundo Irineu Serra, até 999/1000",Loteamento Novo Horizonte,7735,1
69921136,Rua Sucupira,Loteamento Novo Horizonte,7735,1
69921150,Rua Mara,Conjunto Adalberto Sena,7735,1
69921152,Rua Jaçanã,Conjunto Adalberto Sena,7735,1
69921154,Rua Gaivota,Conjunto Adalberto Sena,7735,1
69921156,Rua Bem-te-vi,Conjunto Adalberto Sena,7735,1
69921158,Rua João Costa,Conjunto Adalberto Sena,7735,1
69921160,Rua Sabiá,Conjunto Adalberto Sena,7735,1
69921162,Rua João Nascimento,Conjunto Adalberto Sena,7735,1
69921164,Rua Uirapuru,Conjunto Adalberto Sena,7735,1
69921166,Rua Buriti,Conjunto Adalberto Sena,7735,1
69921168,Rua Limoeiro,Conjunto Adalberto Sena,7735,1
69921170,Rua do Coqueiro,Conjunto Adalberto Sena,7735,1
69921172,Rua Laranjeira,Conjunto Adalberto Sena,7735,1
69921174,Rua Castanheira,Conjunto Adalberto Sena,7735,1
69921176,Travessa Jambú,Conjunto Adalberto Sena,7735,1
69921178,Rua Beija-flor,Conjunto Adalberto Sena,7735,1
69921180,Rua Japim,Conjunto Adalberto Sena,7735,1
69921182,Travessa Araçá,Conjunto Adalberto Sena,7735,1
69921184,Travessa Glicério Gomes,Conjunto Adalberto Sena,7735,1
69921186,Rua Padre Casa Vecchia,Conjunto Adalberto Sena,7735,1
69921188,Rua Mamoeiro,Conjunto Adalberto Sena,7735,1
69921190,Rua Orquídeas,Conjunto Adalberto Sena,7735,1
69921192,Rua Cajueiro,Conjunto Adalberto Sena,7735,1
69921194,Rua Mangueira,Conjunto Adalberto Sena,7735,1
69921196,Rua Bananeira,Conjunto Adalberto Sena,7735,1
69921198,Rua Gavião,Conjunto Adalberto Sena,7735,1
69921230,"Rodovia AC-10, até 999/1000",Alto Alegre,7735,1
69921232,Rua Padre Eustáquio,Alto Alegre,7735,1
69921234,Rua Marte,Alto Alegre,7735,1
69921236,Rua 2 de Abril,Alto Alegre,7735,1
69921238,Rua Flamengo,Alto Alegre,7735,1
69921240,Rua 1º de Março,Alto Alegre,7735,1
69921242,Rua Projetada 1204,Alto Alegre,7735,1
69921244,Rua 19 de Novembro,Alto Alegre,7735,1
69921246,Rua Itumbiara,Alto Alegre,7735,1
69921248,"Estrada Juarez Távora, até 547/548",Alto Alegre,7735,1
69921272,Travessa São Pedro,Alto Alegre,7735,1
69921274,Travessa Paraíba,Alto Alegre,7735,1
69921276,Rua Baixa Verde,Alto Alegre,7735,1
69921278,Travessa Santarém,Alto Alegre,7735,1
69921280,Travessa do Beijo,Alto Alegre,7735,1
69921282,"Rodovia AC-10, de 1001/1002 ao fim",Alto Alegre,7735,1
69921284,Rua do Brejo,Alto Alegre,7735,1
69921286,Rua Maria do Socorro,Alto Alegre,7735,1
69921288,Rua Maceió,Alto Alegre,7735,1
69921290,Travessa 3 de Julho,Alto Alegre,7735,1
69921292,Rua Paulistana,Alto Alegre,7735,1
69921294,Beco Bacural,Alto Alegre,7735,1
69921296,Travessa Cerâmica,Alto Alegre,7735,1
69921298,Travessa 3 de Junho,Alto Alegre,7735,1
69921300,Travessa Jaciara,Alto Alegre,7735,1
69921302,Rua 7 de Setembro,Alto Alegre,7735,1
69921380,Rua Raimundo Farias,Montanhês,7735,1
69921383,Travessa Mercúrio,Montanhês,7735,1
69921386,Travessa Rei Pelé,Montanhês,7735,1
69921389,Rua São Paulo,Montanhês,7735,1
69921392,Rua da Uva,Montanhês,7735,1
69921395,Rua São Francisco,Montanhês,7735,1
69921398,Rua Projetada 761,Montanhês,7735,1
69921401,Travessa Paraíba,Montanhês,7735,1
69921404,Travessa Jacaré Canga,Montanhês,7735,1
69921407,Travessa Cacau,Montanhês,7735,1
69921410,Travessa Pêra,Montanhês,7735,1
69921413,Rua da Carambola,Montanhês,7735,1
69921416,Travessa Jasmim,Montanhês,7735,1
69921419,Travessa 3 Meninas,Montanhês,7735,1
69921422,Travessa Botafogo,Montanhês,7735,1
69921425,Travessa Brasil,Montanhês,7735,1
69921428,Travessa Princesinha,Montanhês,7735,1
69921431,Travessa Melancia,Montanhês,7735,1
69921434,Avenida Jorge Amado,Montanhês,7735,1
69921437,"Alameda Antonio Pessoa Jucá, de 3125/3126 a 3525/3526",Montanhês,7735,1
69921440,"Alameda Antonio Pessoa Jucá, de 3527/3528 ao fim",Montanhês,7735,1
69921443,Avenida da Fazenda,Montanhês,7735,1
69921446,Rua da Paz,Montanhês,7735,1
69921449,Rua da Amizade,Montanhês,7735,1
69921452,Rua Bom Jesus,Montanhês,7735,1
69921455,Rua Flamengo,Montanhês,7735,1
69921458,Rua Manaus,Montanhês,7735,1
69921461,Rua da Imbaúba,Montanhês,7735,1
69921464,Rua Raimundo Melo,Montanhês,7735,1
69921467,Travessa da Reserva,Montanhês,7735,1
69921470,Rua da Reserva,Montanhês,7735,1
69921473,Travessa Benjamin,Montanhês,7735,1
69921476,Rua Poder Pentecostal,Montanhês,7735,1
69921479,Travessa Acre,Montanhês,7735,1
69921482,Rua Projetada 769,Montanhês,7735,1
69921485,Rua Tropical,Montanhês,7735,1
69921488,Rua Princesa Isabel,Montanhês,7735,1
69921491,Travessa da Alegria,Montanhês,7735,1
69921494,Travessa Rio Branco,Montanhês,7735,1
69921497,Travessa Piauí,Montanhês,7735,1
69921500,Travessa Antares,Montanhês,7735,1
69921503,Travessa União,Montanhês,7735,1
69921506,Travessa Dourado,Montanhês,7735,1
69921509,Travessa Marte,Montanhês,7735,1
69921512,Rua Projetada 995,Montanhês,7735,1
69921515,Travessa dos Diretores,Montanhês,7735,1
69921518,Rua Pôr-do-sol,Montanhês,7735,1
69921521,Travessa Tambuatá,Montanhês,7735,1
69921524,Rua 21,Montanhês,7735,1
69921527,Travessa Vasco da Gama,Montanhês,7735,1
69921530,Travessa do Cajueiro,Montanhês,7735,1
69921533,"Rua 25 de Dezembro, de 1101/1102 ao fim",Montanhês,7735,1
69921536,Rua Porto Velho,Montanhês,7735,1
69921539,Rua da Esperança,Montanhês,7735,1
69921542,Rua 32,Montanhês,7735,1
69921545,Rua Senador Mário Maia,Montanhês,7735,1
69921548,Rua Nassau,Montanhês,7735,1
69921551,Rua Antonio Pereira da Silva,Montanhês,7735,1
69921554,Travessa da Vitória,Montanhês,7735,1
69921557,Rua João Minas Coelho,Montanhês,7735,1
69921560,Rua Senador,Montanhês,7735,1
69921680,Rua das Palmeiras,Tancredo Neves,7735,1
69921683,Rua Bandeirantes,Tancredo Neves,7735,1
69921686,Rua Anhandui,Tancredo Neves,7735,1
69921689,Rua Deodápolis,Tancredo Neves,7735,1
69921692,Rua Coxim,Tancredo Neves,7735,1
69921695,Rua Família,Tancredo Neves,7735,1
69921698,Rua Flamengo,Tancredo Neves,7735,1
69921701,Rua Beija-flor,Tancredo Neves,7735,1
69921704,Rua da Paz,Tancredo Neves,7735,1
69921707,Travessa Guanabara,Tancredo Neves,7735,1
69921710,Travessa da Abelha,Tancredo Neves,7735,1
69921713,"Rua 25 de Dezembro, de 513/514 a 1099/1100",Tancredo Neves,7735,1
69921716,Rua Nossa Senhora Aparecida,Tancredo Neves,7735,1
69921719,Rua Plácido de Castro,Tancredo Neves,7735,1
69921722,Rua Rio Branco,Tancredo Neves,7735,1
69921725,"Alameda Antonio Pessoa Jucá, de 1501/1502 a 3123/3124",Tancredo Neves,7735,1
69921728,Rua São Francisco,Tancredo Neves,7735,1
69921731,Beco São Jorge,Tancredo Neves,7735,1
69921734,Rua da Olaria,Tancredo Neves,7735,1
69921737,Travessa Maracanã,Tancredo Neves,7735,1
69921740,Travessa Rei Pelé,Tancredo Neves,7735,1
69921743,Travessa Monte Alegre,Tancredo Neves,7735,1
69921746,Travessa 25 de dezembro,Tancredo Neves,7735,1
69921749,Rua Rio de Janeiro,Tancredo Neves,7735,1
69921752,Rua Luiz Moraes,Tancredo Neves,7735,1
69921755,Rua São Caetano,Tancredo Neves,7735,1
69921758,Rua 8 de Março,Tancredo Neves,7735,1
69921761,Rua Ayrton Senna,Tancredo Neves,7735,1
69921764,Rua Meire Alves da Silva,Tancredo Neves,7735,1
69921767,Travessa Ayrton Senna,Tancredo Neves,7735,1
69921770,Travessa Beija-flor,Tancredo Neves,7735,1
69921773,Travessa Vitória,Tancredo Neves,7735,1
69921776,Travessa Ceará,Tancredo Neves,7735,1
69921779,Travessa Fortaleza,Tancredo Neves,7735,1
69921782,Rua Dona Ideuzuite Alves,Tancredo Neves,7735,1
69921785,Rua São José,Tancredo Neves,7735,1
69921791,Travessa São Pedro,Tancredo Neves,7735,1
69921794,"Alameda Antonio Pessoa Jucá, até 1499/1500",Tancredo Neves,7735,1
69921797,Travessa da Silva,Tancredo Neves,7735,1
69921800,Rua 1º de Maio,Tancredo Neves,7735,1
69921803,Rua 12 de Junho,Tancredo Neves,7735,1
69921806,"Rua 25 de Dezembro, até 511/512",Tancredo Neves,7735,1
69921830,Rua Vasco da Gama,Defesa Civil,7735,1
69921833,Avenida Mário Maia,Defesa Civil,7735,1
69921836,Rua Corinthians,Defesa Civil,7735,1
69921839,Travessa Santos,Defesa Civil,7735,1
69921842,Rua Flamengo,Defesa Civil,7735,1
69921845,Travessa Palmeiras,Defesa Civil,7735,1
69921848,Rua Botafogo,Defesa Civil,7735,1
69921851,Rua Independência,Defesa Civil,7735,1
69921854,Rua Marcelino Champagnat,Defesa Civil,7735,1
69921857,Rua São Paulo,Defesa Civil,7735,1
69921860,Rua Juventus,Defesa Civil,7735,1
69921863,Rua Rio Branco,Defesa Civil,7735,1
69921866,Rua Brasil,Defesa Civil,7735,1
69921869,Rua Projetada 1011,Defesa Civil,7735,1
69921872,Rua Fluminense,Defesa Civil,7735,1
69922002,Travessa Botaboram,Jorge Lavocat,7735,1
69922004,Rua Zaire,Jorge Lavocat,7735,1
69922006,Rua Aparecida do Taboada,Jorge Lavocat,7735,1
69922008,Rua João Antônio,Jorge Lavocat,7735,1
69922010,Rua Bela Vista,Jorge Lavocat,7735,1
69922012,Rua Bons Amigos,Jorge Lavocat,7735,1
69922014,Rua Eldorado,Jorge Lavocat,7735,1
69922016,Rua Xangai,Jorge Lavocat,7735,1
69922018,Rua Jerusalém II,Jorge Lavocat,7735,1
69922020,Rua Jorge Amado II,Jorge Lavocat,7735,1
69922022,Rua Vitória II,Jorge Lavocat,7735,1
69922024,Rua Xingu,Jorge Lavocat,7735,1
69922026,Rua Primavera,Jorge Lavocat,7735,1
69922028,Rua Savana,Jorge Lavocat,7735,1
69922030,Travessa da Paz,Jorge Lavocat,7735,1
69922034,Rua São Jorge,Jorge Lavocat,7735,1
69922036,Rua Maracajá,Jorge Lavocat,7735,1
69922038,Avenida Caracas,Jorge Lavocat,7735,1
69922040,Rua Nioaque,Jorge Lavocat,7735,1
69922042,Rua Maria Mercedes,Jorge Lavocat,7735,1
69922044,Rua João Porfírio,Jorge Lavocat,7735,1
69922046,Rua 12 de Junho,Jorge Lavocat,7735,1
69922048,Rua Rio Branco,Jorge Lavocat,7735,1
69922050,Avenida Trípole,Jorge Lavocat,7735,1
69922052,Rua Fátima do Sul II,Jorge Lavocat,7735,1
69922054,Rua São José,Jorge Lavocat,7735,1
69922056,Rua Figueiredo,Jorge Lavocat,7735,1
69922058,Travessa Jaime de Lima,Jorge Lavocat,7735,1
69922060,Rua Nova Alvorada,Jorge Lavocat,7735,1
69922200,"Estrada Raimundo Irineu Serra, de 1001/1002 ao fim",Irineu Serra,7735,1
69922203,Rua Antonio Gomes,Irineu Serra,7735,1
69922206,Rua Percilia Matos da Silva,Irineu Serra,7735,1
69922209,Rua José das Neves,Irineu Serra,7735,1
69922212,Rua Germano Guilherme,Irineu Serra,7735,1
69922215,Rua Maria Damião,Irineu Serra,7735,1
69922218,Rua João Pereira,Irineu Serra,7735,1
69922221,Rua Leoncio Gomes,Irineu Serra,7735,1
69922224,Ramal Doutora Fátima,Irineu Serra,7735,1
69922227,Rua Dilmo,Irineu Serra,7735,1
69922250,Rua Tufi,Irineu Serra,7735,1
69922253,Rua Flor de Jardim,Irineu Serra,7735,1
69922256,Rua Raimundo Gomes,Irineu Serra,7735,1
69922259,Rua Aquiles Peret,Irineu Serra,7735,1
69923000,Avenida Plácido de Castro,Vila Aeroporto,7735,1
69923900,"Aeroporto Plácido de Castro, Avenida Plácido de Castro",Vila Aeroporto,7735,1
69925000,Senador Guiomard,,9233,1
69925970,"AC Senador Guiomard, Avenida Castelo Branco 1750",Centro,9233,1
69926000,Bujari,,1516,1
69926970,"AC Bujari, Rua Expedito Pereira de Souza 971",Centro,1516,1
69927000,Porto Acre,,7279,1
69927970,"AC Porto Acre, Rua Margaridas 131",Centro,7279,1
69928000,Plácido de Castro,,7135,1
69928970,"AC Plácido de Castro, Avenida Diamantino Augusto de Macedo 580",Centro,7135,1
69929000,Campinas (Plácido de Castro),,1813,1
69930000,Xapuri,,10382,1
69930970,"AC Xapuri, Rua 24 de Janeiro 270",Centro,10382,1
69931000,Capixaba,,2051,1
69931970,"AC Capixaba, Rua Ocimar Tessinari 07",Conquista,2051,1
69932000,Brasiléia,,1446,1
69932970,"AC Brasiléia, Avenida Prefeito Rolando Moreira 170",Centro,1446,1
69934000,Epitaciolândia,,3184,1
69934970,"AC Epitaciolândia, Avenida Santos Dumont 160",Centro,3184,1
69935970,"AC Assis Brasil, Rua Dom Giocondo Maria Grotte 230",Centro,723,1
69940000,Sena Madureira,,9243,1
69940970,"AC Sena Madureira, Rua Dom Júlio Matiolli 290",Centro,9243,1
69945000,Acrelândia,,40,1
69945970,"AC Acrelândia, Avenida Paraná 296",Centro,40,1
69950000,Manoel Urbano,,5371,1
69950970,"AC Manoel Urbano, Rua Valério Caldas Magalhães 92",Centro,5371,1
69955000,Santa Rosa do Purus,,8290,1
69955970,"AC Santa Rosa do Purus, Rua Coronel José Ferreira 1498",Centro,8290,1
69960000,Feijó,,3354,1
69960970,"AC Feijó, Avenida Plácido de Castro 871",Centro,3354,1
69970000,Tarauacá,,9630,1
69970970,"AC Tarauacá, Rua Coronel Juvêncio de Menezes 158",Centro,9630,1
69975000,Jordão,,4809,1
69975970,"AC Jordão, Rua Romildo Magalhães s/n",Centro,4809,1
69980000,Cruzeiro do Sul,,2821,1
69980970,"AC Cruzeiro do Sul, Rua Rego Barros 73",Centro,2821,1
69980971,"AC Santa Luzia, Rodovia BR-364 km 79",Comunidade Santa Luzia,2821,1
69982000,Porto Walter,,7336,1
69982970,"AC Porto Walter, Rua Projetada s/n",Centro,7336,1
69983000,Marechal Thaumaturgo,,5444,1
69983970,"AC Marechal Thaumaturgo, Rua 5 de Novembro 125",Centro,5444,1
69985000,Rodrigues Alves,,7863,1
69985970,"AC Rodrigues Alves, Avenida Presidente Vargas s/n",Centro,7863,1
69990000,Mâncio Lima,,5339,1
69990970,"AC Mâncio Lima, Rua Alberto Gadelha 333",Centro,5339,1
69929970,"AC Campinas, Rua Kaxinawás",Centro,1813,1
69935000,Assis Brasil,,723,1
69901145,Rua Terra,Morada do Sol,7735,1
69901179,Travessa Castanheira,Adalberto Aragão,7735,1
69901272,Beco José Sampaio,Casa Nova,7735,1
69901273,Beco Arquimedes,Casa Nova,7735,1
69902673,Rua Canamaris,Chico Mendes,7735,1
69902877,Rua Ametista,Wanderley Dantas,7735,1
69903007,Rua Edmundo Pinto,Xavier Maia,7735,1
69903194,"Rua Edmundo Pinto, de 170/171 ao fim",Parque dos Sabiás,7735,1
69905106,"Rua Peru, de 300/301 ao fim",Habitasa,7735,1
69906084,Rua Principal do Areal,Areal,7735,1
69906085,Rua José Ferraz,Areal,7735,1
69907855,Travessa Manancial,Belo Jardim I,7735,1
69909042,Rua Dos Amonitas,Residencial Rosa Linda,7735,1
69909052,Rua Lua Azul,Residencial Rosa Linda,7735,1
69909058,Rua Flor Do Campo,Residencial Rosa Linda,7735,1
69909072,Rua Raimundo Herculano,Residencial Rosa Linda,7735,1
69911142,"Estrada Deputado José Rui da Silveira Lino, de 1626 a 2374 - lado par",Glória,7735,1
69911724,Rua Romã,Bahia Nova,7735,1
69911726,Rua Morango,Bahia Nova,7735,1
69911728,Rua Pêra,Bahia Nova,7735,1
69911730,Rua Avelã,Bahia Nova,7735,1
69912064,Rua Ruanda,João Paulo,7735,1
69912066,Rua Finlandia,João Paulo,7735,1
69912068,Rua Jamaica,João Paulo,7735,1
69912070,Rua El Salvador,João Paulo,7735,1
69912072,Rua Croácia,João Paulo,7735,1
69912074,Rua Costa do Marfim,João Paulo,7735,1
69912076,Rua San Marino,João Paulo,7735,1
69912078,Rua Servia,João Paulo,7735,1
69912080,Rua Indonésia,João Paulo,7735,1
69912082,Rua Jordânia,João Paulo,7735,1
69912084,Rua Letônia,João Paulo,7735,1
69912088,Rua Noruega,João Paulo,7735,1
69912090,Rua 02 de Dezembro,João Paulo,7735,1
69912092,Rua 1,João Paulo,7735,1
69912094,Rua 2,João Paulo,7735,1
69912096,Rua 3,João Paulo,7735,1
69912098,Rua 4,João Paulo,7735,1
69912100,Rua 5,João Paulo,7735,1
69912102,Rua 6,João Paulo,7735,1
69912104,Rua 7,João Paulo,7735,1
69912106,Rua 8,João Paulo,7735,1
69912108,Rua 9,João Paulo,7735,1
69914568,Rua Arara,Ilson Ribeiro,7735,1
69914571,Rua Tatu,Ilson Ribeiro,7735,1
69915575,Rua Barão de Diamantina,Jardim de Alah,7735,1
69915576,Rua Conde de Bobadela,Jardim de Alah,7735,1
69915577,Rua Marquês de Pombal,Jardim de Alah,7735,1
69915578,Rua Duque de Bragança,Jardim de Alah,7735,1
69915631,Rua Tribunal de Justiça,Portal da Amazônia,7735,1
69915781,Rua Doutor Sérgio Bruno,Portal da Amazônia,7735,1
69915880,Rua Copaiba,Portal da Amazônia,7735,1
69918495,Rua Araponga,Vilage Wilde Maciel,7735,1
69919346,Rua Edmundo Pinto,Loteamento Joafra,7735,1
69919652,Rua Tião Natureza,Jardim Primavera,7735,1
69923899,Área Rural,Área Rural de Rio Branco,7735,1
69906970,"CLI Rio Branco, Via Verde, 2434",Praia do Amapá,7735,1
