49043703,Rua Três (Lot Sta Maria),Santa Maria,521,25
49043706,Rua Quatro (Lot Sta Maria),Santa Maria,521,25
49043709,Rua Sete (Lot Sta Maria),Santa Maria,521,25
49043712,Rua Oito (Lot Sta Maria),Santa Maria,521,25
49043715,Rua Nove (Lot Sta Maria),Santa Maria,521,25
49043718,Rua Dez (Lot Sta Maria),Santa Maria,521,25
49043721,Rua Onze (Lot Sta Maria),Santa Maria,521,25
49043724,Rua Doze (Lot Sta Maria),Santa Maria,521,25
49043727,Rua Treze (Lot Sta Maria),Santa Maria,521,25
49043730,Rua Quatorze (Lot Sta Maria),Santa Maria,521,25
49043733,Rua Quinze (Lot Sta Maria),Santa Maria,521,25
49043736,Rua Dezesseis (Lot Sta Maria),Santa Maria,521,25
49043739,Rua Dezessete (Lot Sta Maria),Santa Maria,521,25
49043742,Rua Dezoito (Lot Sta Maria),Santa Maria,521,25
49043745,Rua Dezenove (Lot Sta Maria),Santa Maria,521,25
49043748,Rua Vinte (Lot Sta Maria),Santa Maria,521,25
49043751,Rua Vinte e Um (Lot Sta Maria),Santa Maria,521,25
49043754,Rua Vinte e Dois (Lot Sta Maria),Santa Maria,521,25
49043757,Rua Vinte e Três (Lot Sta Maria),Santa Maria,521,25
49043760,Rua Vinte e Quatro (Lot Sta Maria),Santa Maria,521,25
49043763,Rua Vinte e Cinco (Lot Sta Maria),Santa Maria,521,25
49043766,Rua Vinte e Seis (Lot Sta Maria),Santa Maria,521,25
49043769,Rua Vinte e Sete (Lot Sta Maria),Santa Maria,521,25
49043772,Rua Vinte e Oito (Lot Sta Maria),Santa Maria,521,25
49043775,Rua Vinte e Nove (Lot Sta Maria),Santa Maria,521,25
49043778,Rua Trinta (Lot Sta Maria),Santa Maria,521,25
49043781,Rua Trinta e Um (Lot Sta Maria),Santa Maria,521,25
49043784,Rua Trinta e Dois (Lot Sta Maria),Santa Maria,521,25
49043787,Rua Maria do Carmo Batista Santos,Santa Maria,521,25
49043800,Avenida Rosa Azul,Santa Maria,521,25
49043803,Rua Aguinaldo Dantas,Santa Maria,521,25
49043806,Travessa do Rosa Azul,Santa Maria,521,25
49043809,Rua Mangabeiras (Lot Mangabeiras),Santa Maria,521,25
49043812,Rua Novo Paraiso,Santa Maria,521,25
49043815,Rua Nova Esperança,Santa Maria,521,25
49043818,Travessa Um,Santa Maria,521,25
49043821,Travessa Dois,Santa Maria,521,25
49043824,Rua Vale do Amanhecer (Lot Vle Amanhecer),Santa Maria,521,25
49043827,Rua D (Lot Novo Paraiso),Santa Maria,521,25
49043830,Rua B (Lot Novo Paraiso),Santa Maria,521,25
49043833,Rua C (Lot Novo Paraiso),Santa Maria,521,25
49043835,Rua Jequitibá (Res Jd Sta Maria),Santa Maria,521,25
49043837,Rua Ipê Rosa (Res Jd Sta Maria),Santa Maria,521,25
49043839,Rua José Luciano Cruz (Res Jd Sta Maria),Santa Maria,521,25
49043841,Rua Ipê Amarelo (Res Jd Sta Maria),Santa Maria,521,25
49043844,Rua Flor de Lis (Res Jd Sta Maria),Santa Maria,521,25
49043847,Rua dos Eucaliptos (Res Jd Sta Maria),Santa Maria,521,25
49044000,Avenida Valter Barreto,Santa Maria,521,25
49044010,Rua Manoel Gratuliano dos Santos,Santa Maria,521,25
49044020,Rua Coelho Neto,Santa Maria,521,25
49044060,Estrada Terra Dura,Santa Maria,521,25
49044070,Avenida Amarela,Santa Maria,521,25
49044080,Avenida Canal de Santa Maria,Santa Maria,521,25
49044093,"Avenida Alexandre Alcino, de 1/2 ao fim",Santa Maria,521,25
49044100,Avenida Auxiliar I,Santa Maria,521,25
49044110,Rua Santelmo Duarte Novaes,Santa Maria,521,25
49044115,Avenida Auxiliar VII,Santa Maria,521,25
49044120,Rua Pero Vaz de Caminha,Santa Maria,521,25
49044123,Rua Seis (Cj Pe Pedro),Santa Maria,521,25
49044124,Travessa Seis (Cj Pe Pedro),Santa Maria,521,25
49044126,Rua Sete (Cj Pe Pedro),Santa Maria,521,25
49044127,Travessa Sete (Cj Pe Pedro),Santa Maria,521,25
49044129,Rua Oito (Cj Pe Pedro),Santa Maria,521,25
49044130,Rua Pau-Brasil (Cj Pe Pedro),Santa Maria,521,25
49044132,Travessa Oito (Cj Pe Pedro),Santa Maria,521,25
49044133,Rua L2,Santa Maria,521,25
49044136,Rua Maria Francisca Santos,Santa Maria,521,25
49044138,Travessa Nove (Cj Pe Pedro),Santa Maria,521,25
49044140,Rua Lei Áurea,Santa Maria,521,25
49044142,Travessa Trinta e Um (Cj Pe Pedro),Santa Maria,521,25
49044144,Travessa Trinta e Dois (Cj Pe Pedro),Santa Maria,521,25
49044146,Rua Trinta e Seis (Cj Pe Pedro),Santa Maria,521,25
49044148,Rua Contorno I,Santa Maria,521,25
49044150,Rua Lei do Ventre Livre,Santa Maria,521,25
49044153,Travessa Trinta e Cinco (Cj Pe Pedro),Santa Maria,521,25
49044156,Travessa Vinte e Um (Cj Pe Pedro),Santa Maria,521,25
49044158,Travessa Dez (Cj Pe Pedro),Santa Maria,521,25
49044160,Rua Tratado de Tordesilhas,Santa Maria,521,25
49044161,Travessa Quatorze (Cj Pe Pedro),Santa Maria,521,25
49044163,Rua Treze (Cj Pe Pedro),Santa Maria,521,25
49044165,Travessa Onze (Cj Pe Pedro),Santa Maria,521,25
49044166,Rua Doze (Cj Pe Pedro),Santa Maria,521,25
49044168,Travessa Doze (Cj Pe Pedro),Santa Maria,521,25
49044169,Rua Dezenove (Cj Pe Pedro),Santa Maria,521,25
49044170,Rua Pedro Álvares Cabral,Santa Maria,521,25
49044171,Travessa Quinze (Cj Pe Pedro),Santa Maria,521,25
49044174,Travessa Treze (Cj Pe Pedro),Santa Maria,521,25
49044176,Rua Dezessete (Cj Pe Pedro),Santa Maria,521,25
49044179,Rua Dezoito (Cj Pe Pedro),Santa Maria,521,25
49044180,Rua Irmã Dulce,Santa Maria,521,25
49044183,Rua Vinte (Cj Pe Pedro),Santa Maria,521,25
49044184,Travessa Vinte (Cj Pe Pedro),Santa Maria,521,25
49044186,Rua Vinte e Um (Cj Pe Pedro),Santa Maria,521,25
49044189,Rua Vinte e Dois (Cj Pe Pedro),Santa Maria,521,25
49044190,Rua Madre Tereza de Calcutá,Santa Maria,521,25
49044193,Rua Vinte e Cinco (Cj Pe Pedro),Santa Maria,521,25
49044196,Rua Vinte e Seis (Cj Pe Pedro),Santa Maria,521,25
49044199,Rua Vinte e Sete (Cj Pe Pedro),Santa Maria,521,25
49044200,Rua Capitanias Hereditárias,Santa Maria,521,25
49044203,Rua Trinta e Dois (Cj Pe Pedro),Santa Maria,521,25
49044204,Travessa Trinta e Dois 1 (Cj Pe Pedro),Santa Maria,521,25
49044206,Rua Trinta e Cinco (Cj Pe Pedro),Santa Maria,521,25
49044209,Rua Trinta e Um (Cj Pe Pedro),Santa Maria,521,25
49044210,Rua Escola de Sagres,Santa Maria,521,25
49044212,Travessa Dezoito (Cj Pe Pedro),Santa Maria,521,25
49044214,Travessa Dezenove (Cj Pe Pedro),Santa Maria,521,25
49044218,Travessa Vinte e Três (Cj Pe Pedro),Santa Maria,521,25
49044220,Rua Padre Manoel da Nóbrega,Santa Maria,521,25
49044222,Travessa Vinte e Quatro (Cj Pe Pedro),Santa Maria,521,25
49044224,Travessa Vinte e Cinco (Cj Pe Pedro),Santa Maria,521,25
49044226,Travessa Vinte e Seis (Cj Pe Pedro),Santa Maria,521,25
49044228,Travessa Vinte e Sete (Cj Pe Pedro),Santa Maria,521,25
49044230,Praça Dom Helder Câmara,Santa Maria,521,25
49044231,Travessa Vinte e Oito (Cj Pe Pedro),Santa Maria,521,25
49044233,Rua Trinta (Cj Pe Pedro),Santa Maria,521,25
49044234,Travessa Trinta (Cj Pe Pedro),Santa Maria,521,25
49044236,Rua Vinte e Nove (Cj Pe Pedro),Santa Maria,521,25
49044237,Travessa Vinte e Nove (Cj Pe Pedro),Santa Maria,521,25
49044239,Rua Vinte e Oito (Cj Pe Pedro),Santa Maria,521,25
49044240,Avenida Vasco da Gama,Santa Maria,521,25
49044250,Rua Quatro (Cj Mª do Carmo),Santa Maria,521,25
49044251,Travessa Quatro (Cj Mª do Carmo),Santa Maria,521,25
49044253,Rua Manuel Caetano de Oliveira,Santa Maria,521,25
49044254,Travessa Três (Cj Mª do Carmo),Santa Maria,521,25
49044256,Rua Dois (Cj Mª do Carmo),Santa Maria,521,25
49044257,Travessa Dois (Cj Mª do Carmo),Santa Maria,521,25
49044259,Rua Um (Cj Mª do Carmo),Santa Maria,521,25
49044260,Travessa Um (Cj Mª do Carmo),Santa Maria,521,25
49044262,Rua B1 (Cj A C Valadares),Santa Maria,521,25
49044263,Rua B2 (Cj A C Valadares),Santa Maria,521,25
49044266,Rua Contorno (Cj A C Valadares),Santa Maria,521,25
49044271,Rua B4 (Cj A C Valadares),Santa Maria,521,25
49044274,Rua B5 (Cj A C Valadares),Santa Maria,521,25
49044277,Rua B6 (Cj A C Valadares),Santa Maria,521,25
49044278,Travessa B6 (Cj A C Valadares),Santa Maria,521,25
49044280,Rua B7 (Cj A C Valadares),Santa Maria,521,25
49044283,Rua B8 (Cj A C Valadares),Santa Maria,521,25
49044284,Travessa B8 (Cj A C Valadares),Santa Maria,521,25
49044286,Rua B9 (Cj A C Valadares),Santa Maria,521,25
49044289,Rua Laércio Morais de Miranda,Santa Maria,521,25
49044291,Travessa B10 (Cj A C Valadares),Santa Maria,521,25
49044293,Rua Contorno 2 (Cj A C Valadares),Santa Maria,521,25
49044295,Rua B12 (Cj A C Valadares),Santa Maria,521,25
49044298,Rua B13 (Cj A C Valadares),Santa Maria,521,25
49044301,Rua B14 (Cj A C Valadares),Santa Maria,521,25
49044302,Travessa B14 (Cj A C Valadares),Santa Maria,521,25
49044304,Rua B15 (Cj A C Valadares),Santa Maria,521,25
49044305,Travessa B15 (Cj A C Valadares),Santa Maria,521,25
49044307,Rua B16 (Cj A C Valadares),Santa Maria,521,25
49044308,Travessa B16 (Cj A C Valadares),Santa Maria,521,25
49044310,Rua B17 (Cj A C Valadares),Santa Maria,521,25
49044311,Travessa B17 (Cj A C Valadares),Santa Maria,521,25
49044313,Rua B18 (Cj A C Valadares),Santa Maria,521,25
49044316,Rua B19 (Cj A C Valadares),Santa Maria,521,25
49044319,Rua B20 (Cj A C Valadares),Santa Maria,521,25
49044322,Rua Eurico Luiz dos Santos,Santa Maria,521,25
49044325,Rua Edth Gomes de Oliveira,Santa Maria,521,25
49044328,Rua Luiz Nunes Góis,Santa Maria,521,25
49044331,Rua B24 (Cj A C Valadares),Santa Maria,521,25
49044334,Rua B25 (Cj A C Valadares),Santa Maria,521,25
49044337,Rua B26 (Cj A C Valadares),Santa Maria,521,25
49044340,Rua Auxiliar II (Cj A C Valadares),Santa Maria,521,25
49044343,Rua B 27 (Cj A C Valadares),Santa Maria,521,25
49044346,Rua Trinta e Sete (Lot P do Sul),Santa Maria,521,25
49044348,Rua Novo Horizonte (Lot P do Sul),Santa Maria,521,25
49044353,Rua Colômbia (Lot P do Sul),Santa Maria,521,25
49044356,Rua A1 (Lot P do Sul),Santa Maria,521,25
49044359,Travessa A1 (Lot P do Sul),Santa Maria,521,25
49044362,Rua Cinquenta e Sete (Lot P do Sul),Santa Maria,521,25
49044365,Rua Cinquenta e Oito (Lot P do Sul),Santa Maria,521,25
49044368,Rua Cinquenta e Nove (Lot P do Sul),Santa Maria,521,25
49044412,Rua A (Lot P do Sul),Santa Maria,521,25
49044415,Rua B (Lot P do Sul),Santa Maria,521,25
49044418,Rua C (Lot P do Sul),Santa Maria,521,25
49044421,Rua D (Lot P do Sul),Santa Maria,521,25
49044424,Rua E (Lot P do Sul),Santa Maria,521,25
49044427,Rua F (Lot P do Sul),Santa Maria,521,25
49044430,Rua Padre Marcelo Rossi (Lot P do Sul),Santa Maria,521,25
49044433,Rua Quarenta e Oito (Lot P do Sul),Santa Maria,521,25
49044436,Rua Trinta e Nove (Lot P do Sul),Santa Maria,521,25
49044439,Rua Quarenta e Sete (Lot P do sul),Santa Maria,521,25
49044442,Rua Quarenta e Três (Lot P do Sul),Santa Maria,521,25
49044443,Travessa Quarenta e Três (Lot P do Sul),Santa Maria,521,25
49044445,Rua Quarenta e Dois (Lot P do Sul),Santa Maria,521,25
49044448,Rua Quarenta e Cinco (Lot P do Sul),Santa Maria,521,25
49044451,Rua Trinta e Oito (Lot P do Sul),Santa Maria,521,25
49044454,Rua Trinta e Um (Lot P do sul),Santa Maria,521,25
49044456,Travessa Santo Antônio (Lot P do Sul),Santa Maria,521,25
49044457,Rua Quarenta (Lot P do Sul),Santa Maria,521,25
49044460,Rua Quarenta e Um (Lot P do sul),Santa Maria,521,25
49044463,Rua Quarenta e Quatro-0 (Lot P do Sul),Santa Maria,521,25
49044465,"Rua Quarenta e Quatro, 5 (Lot P do Sul)",Santa Maria,521,25
49044467,"Rua Quarenta e Quatro, 6 (Lot P do Sul)",Santa Maria,521,25
49044469,Rua Quarenta e Quatro-1 (Lot P do Sul),Santa Maria,521,25
49044470,Rua Quarenta e Quatro -7 (Lot P do Sul),Santa Maria,521,25
49044472,Rua Quarenta e Quatro-2 (Lot P do Sul),Santa Maria,521,25
49044474,"Rua Quarenta e Quatro, 4 (Lot P do Sul)",Santa Maria,521,25
49044475,Rua Quarenta e Quatro-3 (Lot P do Sul),Santa Maria,521,25
49044478,Rua A2 (Lot P do Sul),Santa Maria,521,25
49044482,Rua Cinquenta e Cinco (Lot P do Sul),Santa Maria,521,25
49044484,Rua Cinqüenta (Lot P do Sul),Santa Maria,521,25
49044486,Rua Cinquenta e Seis (Lot P do Sul),Santa Maria,521,25
49044487,Rua Cinqüenta e Um (Lot P do Sul),Santa Maria,521,25
49044490,Rua Cinqüenta e Dois (Lot P do Sul),Santa Maria,521,25
49044491,Rua Cinquenta e Três (Lot P do Sul),Santa Maria,521,25
49044493,Rua Manoel Francisco Santos,Santa Maria,521,25
49044495,Rua Cinquenta e Quatro (Lot P do Sul),Santa Maria,521,25
49044496,Rua A6 (Lot P do Sul),Santa Maria,521,25
49044499,Rua A7 (Lot P do Sul),Santa Maria,521,25
49044502,Rua A8 (Lot P do Sul),Santa Maria,521,25
49044505,Rua A9 (Lot P do Sul),Santa Maria,521,25
49044508,Rua A10 (Lot P do Sul),Santa Maria,521,25
49044511,Rua A11 (Lot P do Sul),Santa Maria,521,25
49044514,Rua A12 (Lot P do Sul),Santa Maria,521,25
49044517,Rua A13 (Lot P do Sul),Santa Maria,521,25
49044520,Rua A14 (Lot P do Sul),Santa Maria,521,25
49044523,Avenida Arrozal,Santa Maria,521,25
49044526,Rua Arrozal,Santa Maria,521,25
49044529,Travessa Arrozal,Santa Maria,521,25
49044535,Rua B (Rec Cajueiros),Santa Maria,521,25
49044538,Rua C (Rec Cajueiros),Santa Maria,521,25
49044541,Rua E (Rec Cajueiros),Santa Maria,521,25
49044543,Rua F (Rec Cajueiros),Santa Maria,521,25
49044544,Rua G (Rec Cajueiros),Santa Maria,521,25
49044547,Rua M (Rec Cajueiros),Santa Maria,521,25
49044560,Rua A (Lot Prainha),Santa Maria,521,25
49044563,Rua B (Lot Prainha),Santa Maria,521,25
49044569,Rua D (Lot Prainha),Santa Maria,521,25
49044572,Rua E (Lot Prainha),Santa Maria,521,25
49044575,Rua Corretor Manoel Gregório Santos,Santa Maria,521,25
49045000,"Rua Padre Nestor Sampaio, de 1/2 ao fim",Ponto Novo,521,25
49045010,"Avenida Adelbrando Franco Menezes, lado par",Luzia,521,25
49045015,"Rua Padre Nestor Sampaio, até 99997/99998",Luzia,521,25
49045020,Rua Adelermo Brito Bomfim,Luzia,521,25
49045030,Rua Maye Bell Taylor,Luzia,521,25
49045033,Rua X (Res Rec dos Bosques),Luzia,521,25
49045060,Rua Isaías Amâncio de Jesus,Luzia,521,25
49045070,Rua Antônio Teles da Costa,Luzia,521,25
49045080,Rua Armando Barros,Luzia,521,25
49045083,Rua Matilde Silva Lima,Luzia,521,25
49045090,Rua Trabalhador Ailton Marques dos Santos,Luzia,521,25
49045100,Rua Aldjebran Garcia Moreno,Luzia,521,25
49045110,Rua Benjamin Fontes,Luzia,521,25
49045120,Rua Cândido Portinari,Luzia,521,25
49045130,Praça Carlos Hardman,Luzia,521,25
49045133,Rua Terezinha da Costa Santos,Luzia,521,25
49045136,Rua C (Cj Alvorada),Luzia,521,25
49045139,Rua Edivaldo Simões Cruz,Luzia,521,25
49045190,Rua Doutor Márcio Rollemberg Leite,Luzia,521,25
49045200,Rua Heráclito Muniz Barreto,Luzia,521,25
49045210,Rua Treze de Maio,Luzia,521,25
49045230,Rua Doutor Thieres Gonçalves Santana,Luzia,521,25
49045240,Rua Edgar Leite,Luzia,521,25
49045250,Rua Engenheiro Antônio Gonçalves Soares,Luzia,521,25
49045253,Rua Jornalista João de Menezes Barros Filho,Luzia,521,25
49045260,Rua Erundina Nobre Santos,Luzia,521,25
49045270,Rua Frederico Ozanam,Luzia,521,25
49045280,"Avenida Gonçalo Rolemberg Leite, até 2063 - lado ímpar",Luzia,521,25
49045285,"Avenida Doutor Francisco Moreira, lado ímpar",Luzia,521,25
49045290,Rua Hélio Maranhão,Luzia,521,25
49045300,Rua da Integração,Luzia,521,25
49045310,Rua Moisés Costa,Luzia,521,25
49045330,Rua João do Sacramento,Luzia,521,25
49045360,Rua Jornalista Deolindo Nascimento,Luzia,521,25
49045370,Rua Jornalista Evandro Barros,Luzia,521,25
49045373,Rua F (Lot S José),Luzia,521,25
49045376,Rua Ananias Ferreira,Luzia,521,25
49045380,Rua José Alves das Neves,Luzia,521,25
49045390,Rua Humberto Peixoto,Luzia,521,25
49045400,Rua José Elson Fontes,Luzia,521,25
49045410,Rua Jovino Silva,Luzia,521,25
49045420,Rua Luiz Cordeiro Morais,Luzia,521,25
49045423,Avenida General Djenal Tavares de Queroz,Luzia,521,25
49045430,Rua Luiz Dias Mota,Luzia,521,25
49045440,Rua Antônio José de Souza,Luzia,521,25
49045460,Rua Manoel Donizetti Vieira,Luzia,521,25
49045480,Rua Manoel Gomes da Rocha,Luzia,521,25
49045490,Rua Marina Maciel,Luzia,521,25
49045500,Rua Marise Almeida Santos,Luzia,521,25
49045510,Rua Ministro Nelson Hungria,Luzia,521,25
49045520,Rua Moacyr Lopes Poconé,Luzia,521,25
49045540,Rua Osvaldina Rocha Rosa,Luzia,521,25
49045550,Rua Padre Caldas,Luzia,521,25
49045580,Rua Perolina Silva Lima,Luzia,521,25
49045620,Praça Professor Genaro Plech,Luzia,521,25
49045630,Praça Raul Batista,Luzia,521,25
49045650,Rua Tenente Eduardo Dantas,Luzia,521,25
49045670,Rua João Melo,Luzia,521,25
49045680,Praça Vereador Nivaldo Teles de Menezes,Luzia,521,25
49045690,Rua Wilson Almeida Santana,Luzia,521,25
49045700,Estrada da Luzia,Luzia,521,25
49045710,Rua Doutor Manoel Cândido Pereira,Luzia,521,25
49045730,Rua Renato Santos Teixeira,Luzia,521,25
49045733,Rua B (Conol II),Luzia,521,25
49045736,Rua C (Conol II),Luzia,521,25
49045740,Rua Manoel Dias da Costa,Luzia,521,25
49045750,Rua Alessandro Oliveira Porto,Luzia,521,25
49045760,"Avenida Hermes Fontes, de 1384 ao fim - lado par",Luzia,521,25
49045763,Rua F (Lot Júlio P Vasconcelos),Luzia,521,25
49045770,Rua Anália Pinha de Assis,Luzia,521,25
49045773,Rua José Pereira da Silva,Luzia,521,25
49045780,Rua Diácono Atanázio Alves dos Reis,Luzia,521,25
49045790,Rua Josafá Simões Mariu,Luzia,521,25
49045800,Rua Alcino Oliveira Neto,Luzia,521,25
49045810,Rua Artur Porfírio de Farias,Luzia,521,25
49045830,Rua Manoel Avelar Correia,Luzia,521,25
49045840,Rua Soldado Petrônio José dos Santos,Luzia,521,25
49045843,Rua Hamilton Monteiro Freire,Luzia,521,25
49045970,"AGF Ponto Novo, Rua Padre Nestor Sampaio, 598",Ponto Novo,521,25
49046000,Rua João Bispo Menezes,Luzia,521,25
49046010,Rua José Ferreira Silva,Ponto Novo,521,25
49046020,Rua José David Menezes,Luzia,521,25
49046030,Rua Francisco Ferreira de Oliveira,Luzia,521,25
49046050,Rua Abdias Nascimento,Luzia,521,25
49046070,Rua Juarez Gomes da Rocha,Luzia,521,25
49046080,Rua Pedro José do Nascimento,Luzia,521,25
49046090,Rua Pastor Jason Oliveira dos Anjos,Ponto Novo,521,25
49046100,Rua Iolanda Leite Moura,Luzia,521,25
49046970,"AC Distrito Industrial, Avenida Adélia Franco, 3138",Luzia,521,25
49047003,Rua José Vicente dos Santos Filho,Ponto Novo,521,25
49047006,Rua Arnaldo Pereira de Souza,Ponto Novo,521,25
49047009,Rua Cícero Monteiro Filho,Ponto Novo,521,25
49047010,Rua Alda Aguiar Lima,Ponto Novo,521,25
49047023,Rua AD,Ponto Novo,521,25
49047026,Rua A (Prq Diamante),Ponto Novo,521,25
49047029,Rua B (Prq Diamante),Ponto Novo,521,25
49047033,Rua Laerte da Fonseca Hora,Ponto Novo,521,25
49047036,Rua Maria Natalia da Silva,Ponto Novo,521,25
49047040,"Avenida Augusto Franco, de 2685 ao fim - lado ímpar",Ponto Novo,521,25
49047060,Rua Bom Jesus dos Navegantes,Ponto Novo,521,25
49047063,Rua Capitão Antônio de Aquino,Ponto Novo,521,25
49047070,Rua Carlos Gomes,Ponto Novo,521,25
49047080,Rua Carlos Marques,Ponto Novo,521,25
49047090,Rua Castro Alves,Ponto Novo,521,25
49047100,Rua Diamante Negro,Ponto Novo,521,25
49047130,Rua Doutor Manoel Barbosa,Ponto Novo,521,25
49047140,Rua H (Lot Cabeludas),Ponto Novo,521,25
49047150,Rua Doutor Toledo de Moraes,Ponto Novo,521,25
49047180,Rua Filemon Franco Freire,Ponto Novo,521,25
49047190,Rua Francisco Ferreira de Oliveira,Ponto Novo,521,25
49047210,Rua Josino Menezes,Ponto Novo,521,25
49047220,Rua Juscelino Kubitschek,Ponto Novo,521,25
49047230,Rua Santa Bernadete,Ponto Novo,521,25
49047250,Praça Emi Leon Rodrigues Schuster,Ponto Novo,521,25
49047260,Rua Nossa Senhora de Fátima,Ponto Novo,521,25
49047280,Travessa Claudionor Almeida de Santana,Ponto Novo,521,25
49047290,Rua Oliveira Barros,Ponto Novo,521,25
49047320,"Rua Rafael de Aguiar, de 1501/1502 ao fim",Ponto Novo,521,25
49047325,"Avenida Gonçalo Rolemberg Leite, de 2365 ao fim - lado ímpar",Ponto Novo,521,25
49047335,"Avenida Doutor Francisco Moreira, lado par",Ponto Novo,521,25
49047340,Rua Rodrigues Dórea,Ponto Novo,521,25
49047343,Travessa Rodrigues Dórea,Ponto Novo,521,25
49047350,Praça Rúbens Paiva,Ponto Novo,521,25
49047360,Travessa São Benedito,Ponto Novo,521,25
49047370,Praça Senador Teotônio Vilela,Ponto Novo,521,25
49047380,Rua Senhor dos Passos,Ponto Novo,521,25
49047410,Rua Inês Etienne Romeu,Ponto Novo,521,25
49047430,Travessa Parapitinga,Ponto Novo,521,25
49047433,Rua I (Lot Cabeludas),Ponto Novo,521,25
49047453,Rua E,Ponto Novo,521,25
49047456,Rua Lindalva Silva Dantas,Ponto Novo,521,25
49047460,Rua Santa Terezinha,Ponto Novo,521,25
49048000,Avenida Luciano Monteiro Sobral,Luzia,521,25
49048010,"Avenida Adélia Franco, até 9998 - lado par",Luzia,521,25
49048020,Rua Antônio Alexandre Menezes,Luzia,521,25
49048040,Rua Cesário de Gois Pessoa,Luzia,521,25
49048050,Rua Cônego José Ferreira Machado,Luzia,521,25
49048060,Rua Coronel Armando Mendes,Luzia,521,25
49048070,Rua Deputado Matos Teles,Luzia,521,25
49048080,Rua José Ramos Figueiredo,Luzia,521,25
49048090,Rua Doutor Álvaro da Silva Brito,Luzia,521,25
49048100,Rua Doutor Canuto Garcia Moreno,Luzia,521,25
49048110,Rua Doutor Carlos Alberto Rolla,Luzia,521,25
49048120,Rua Doutor Carlos Henrique de Carvalho,Luzia,521,25
49048130,Rua Doutor Luiz Antônio de Farias,Luzia,521,25
49048140,Rua Durval Madureira Freire,Luzia,521,25
49048150,Rua Estêvão Pereira Coelho,Luzia,521,25
49048160,Rua Guilherme José Vieira,Luzia,521,25
49048170,Rua Humberto Porto Dória,Luzia,521,25
49048173,Rua F (Jd Baiano),Luzia,521,25
49048176,Rua Desembargador José Rodrigues Nou,Luzia,521,25
49048180,Rua Doutor João Santana,Luzia,521,25
49048190,Rua João Mascarenhas,Luzia,521,25
49048200,Rua João Gomes,Luzia,521,25
49048220,Rua Laurindo Cerqueira,Luzia,521,25
49048240,Rua Manoel Pereira Guimarães,Luzia,521,25
49048250,Rua Martinho de Melo Cardoso,Luzia,521,25
49048260,Rua Antônio Vieira de Menezes,Luzia,521,25
49048263,Travessa Robson Pereira Santos,Luzia,521,25
49048270,Rua Paulino Fernandes de Barros,Luzia,521,25
49048280,Rua Pedro Diniz Leite de Oliveira,Luzia,521,25
49048290,Rua Pedro Teixeira Guimarães,Luzia,521,25
49048300,Rua Policarpo Diniz Rezende,Luzia,521,25
49048303,Rua Pedro Ferreira da Silva,Luzia,521,25
49048306,Rua H1 (Cj Médice II),Luzia,521,25
49048309,Rua Napoleão Teles de Oliveira,Luzia,521,25
49048310,Rua Professor Humberto da Silva Moura,Luzia,521,25
49048320,Rua Radialista Wolney Silva,Luzia,521,25
49048330,Rua Rodolfo Ramos Fontes,Luzia,521,25
49048340,Rua São Pedro,Luzia,521,25
49048350,Rua Sílvio Fontes,Luzia,521,25
49048360,Rua Theodomiro de Mello Barreto,Luzia,521,25
49048370,Rua Vereador Etelvino Barreto,Luzia,521,25
49048380,Rua Lourival do Prado Barreto,Luzia,521,25
49048383,Rua Luciano Monteiro Sobral,Luzia,521,25
49048390,Rua José Deodoro Santos,Luzia,521,25
49048400,Rua Jessé Pereira Nunes,Luzia,521,25
49048406,Rua Pina Ramos,Luzia,521,25
49048410,Rua João Rodrigues de Miranda,Luzia,521,25
49048420,Praça Anival Dantas,Luzia,521,25
49048430,Avenida Dulce Diniz,Luzia,521,25
49048440,Rua Ascendino Ângelo dos Reis,Luzia,521,25
49048450,Rua Radialista Cadmo Nascimento,Luzia,521,25
49048500,Rua Doutor Sancho de Barros Pimentel,Luzia,521,25
49048510,Rua Maria Dantas de Mendonça,Luzia,521,25
49048520,Rua João Carlos de Oliveira,Luzia,521,25
49048523,Rua B (Jd Gravatá),Luzia,521,25
49048526,Rua Trinta e Dois (Jd Gravatá),Luzia,521,25
49048530,"Avenida Presidente Tancredo Neves, de 2202 a 3270 - lado par",Luzia,521,25
49050000,"Avenida Hermes Fontes, de 0472 a 1382 - lado par",Suíssa,521,25
49050010,Travessa Alberto Azevedo,Pereira Lobo,521,25
49050020,Rua Doutor José Calumby,Suíssa,521,25
49050030,"Rua José de Faro Rolemberg, de 792/793 ao fim",Suíssa,521,25
49050040,Travessa Antônio José Silveira Costa,Suíssa,521,25
49050050,Rua Aloísio Braga,Suíssa,521,25
49050070,"Rua Aquidabã, de 34/35 ao fim",Suíssa,521,25
49050080,Rua Doutor Lauro Dantas Hora,Suíssa,521,25
49050100,Rua Augusto Luz,Suíssa,521,25
49050140,Rua Cândido Almeida,Pereira Lobo,521,25
49050170,Rua Clara Almeida,Suíssa,521,25
49050173,Vila Esperança,Suíssa,521,25
49050290,Rua Elísio Azevedo,Suíssa,521,25
49050300,Avenida Enos Sadock de Sá,Suíssa,521,25
49050320,Rua Francisco Félix Silva,Suíssa,521,25
49050350,Travessa Genésia Fontes,Suíssa,521,25
49050360,Rua Geraldo Menezes Carvalho,Suíssa,521,25
49050370,"Avenida Gonçalo Rolemberg Leite, até 1960 - lado par",Suíssa,521,25
49050380,Travessa Império,Suíssa,521,25
49050390,Rua Japoatã,Suíssa,521,25
49050420,Rua João Rocha Sobrinho,Pereira Lobo,521,25
49050430,Avenida Jorge Campos Maynard,Suíssa,521,25
49050440,Rua Jornalista Raimundo Almeida,Pereira Lobo,521,25
49050443,Rua A (Cj Miguel Cacho),Pereira Lobo,521,25
49050446,Rua B (Cj Miguel Cacho),Pereira Lobo,521,25
49050449,Rua C (Cj Miguel Cacho),Pereira Lobo,521,25
49050470,Rua José Vernior,Pereira Lobo,521,25
49050485,"Rua Leonel Curvelo, até 99998/99999",Suíssa,521,25
49050500,Vila Militar,Suíssa,521,25
49050510,"Rua Nossa Senhora das Dores, de 952/953 ao fim",Suíssa,521,25
49050525,"Rua Ribeirópolis, de 926/927 ao fim",Pereira Lobo,521,25
49050550,Rua Osvanda Oliveira Vieira,Pereira Lobo,521,25
49050563,Travessa Doutor José Luciano Siqueira,Suíssa,521,25
49050566,Rua Doutor José Luciano Siqueira,Suíssa,521,25
49050600,Rua Poço Verde,Suíssa,521,25
49050610,"Rua Porto da Folha, de 1695/1696 ao fim",Suíssa,521,25
49050650,Rua Promotor Arquibaldo Mendonça,Suíssa,521,25
49050660,"Rua Rafael de Aguiar, de 1000/1001 a 1499/1500",Pereira Lobo,521,25
49050665,"Avenida Doutor Edésio Vieira de Melo, de 1358 ao fim - lado par",Pereira Lobo,521,25
49050670,"Rua de Riachão, de 1835/1836 ao fim",Suíssa,521,25
49050673,Travessa Didi Costa,Suíssa,521,25
49050700,Travessa Sálvio Oliveira,Suíssa,521,25
49050710,Rua São Judas Tadeu,Pereira Lobo,521,25
49050720,Rua Teodomiro Andrade,Suíssa,521,25
49050730,Rua Ulisses Maynard,Suíssa,521,25
49050740,Praça Valdemar Fontes Cardoso,Suíssa,521,25
49050750,Rua Vereador Deocleciano Ramos,Suíssa,521,25
49050760,Rua Vereador Oscar Leal,Pereira Lobo,521,25
49050790,Rua Wilton Melo,Suíssa,521,25
49050820,Travessa Aquidabã,Suíssa,521,25
49050840,Travessa São Francisco,Pereira Lobo,521,25
49051010,Travessa Ione de Souza Melo,Suíssa,521,25
49051020,Praça Horácio Martins dos Santos,Pereira Lobo,521,25
49051030,Rua Sargento Zacarias,Suíssa,521,25
49051040,Rua Pedro Paes Mendonça,Suíssa,521,25
49051050,Rua Professora Maria do Carmo Dias,Pereira Lobo,521,25
49051060,Rua Manoel Inácio Teixeira,Suíssa,521,25
49051240,Rua Maria Alice Batista Conceição,Suíssa,521,25
49052000,"Avenida Hermes Fontes, até 470 - lado par",Suíssa,521,25
49052010,"Avenida Alan Kardec, de 574/575 ao fim",Pereira Lobo,521,25
49052020,Rua José Apóstolo de Oliveira Neto,Pereira Lobo,521,25
49052040,Rua Aldon Figueiredo,Pereira Lobo,521,25
49052050,"Rua Deputado Antônio Torres, de 541/542 ao fim",Pereira Lobo,521,25
49052060,Rua Alberto Azevedo,Pereira Lobo,521,25
49052070,Rua Doutor Bráulio Cabral Vieira,Pereira Lobo,521,25
49052080,Rua Armando Prado Smith,Pereira Lobo,521,25
49052090,"Rua Doutor Silvério Fontes, de 521/522 ao fim",Pereira Lobo,521,25
49052110,Rua Eládio Modesto,Pereira Lobo,521,25
49052120,"Rua Bittencourt Sampaio, de 159/160 ao fim",Pereira Lobo,521,25
49052125,"Rua Leonel Curvelo, de 1/2 ao fim",Pereira Lobo,521,25
49052130,Travessa Canaã,Pereira Lobo,521,25
49052140,"Rua Dom Bosco, de 441/442 a 930/931",Suíssa,521,25
49052150,Rua Carlos Cabral,Pereira Lobo,521,25
49052160,Rua Cícero Bezerra Lemos,Pereira Lobo,521,25
49052170,"Rua Nossa Senhora das Dores, de 437/438 a 950/951",Suíssa,521,25
49052180,"Rua de Riachão, de 1311/1312 a 1832/1833",Suíssa,521,25
49052190,"Rua Porto da Folha, de 1186/1187 a 1693/1694",Suíssa,521,25
49052200,"Rua Aquidabã, até 32/33",Suíssa,521,25
49052210,"Avenida Desembargador Maynard, até 739 - lado ímpar",Suíssa,521,25
49052220,"Rua Rafael de Aguiar, de 319/320 a 998/999",Pereira Lobo,521,25
49052225,"Avenida Gonçalo Rolemberg Leite, de 1962 ao fim - lado par",Pereira Lobo,521,25
49052230,"Avenida Augusto Franco, de 1321 a 1947 - lado ímpar",Pereira Lobo,521,25
49052240,"Avenida Doutor Edésio Vieira de Melo, de 237 a 1357 - lado ímpar",Suíssa,521,25
49052260,Rua Tenente Wendel Quaranta,Suíssa,521,25
49052263,Travessa Eulina,Suíssa,521,25
49052270,"Rua Frei Paulo, de 265/266 ao fim",Suíssa,521,25
49052290,Rua José Pires Winne,Suíssa,521,25
49052300,Rua José Ribeiro Bonfim,Pereira Lobo,521,25
49052310,Rua Orlando Bezerra Lemos,Pereira Lobo,521,25
49052320,Rua Osvaldo Torres,Pereira Lobo,521,25
49052330,"Rua Pastor Euclides Arlindo, de 516/517 ao fim",Pereira Lobo,521,25
49052335,"Avenida Desembargador Maynard, de 741 ao fim - lado ímpar",Pereira Lobo,521,25
49052340,Rua Péricles Hora,Pereira Lobo,521,25
49052360,"Rua Ribeirópolis, de 229/230 a 924/925",Suíssa,521,25
49052370,Rua Vicente Celestino,Pereira Lobo,521,25
49052375,"Avenida Doutor Edésio Vieira de Melo, de 1359 ao fim - lado ímpar",Pereira Lobo,521,25
49052380,Rua Zózimo Lima,Suíssa,521,25
49052390,Travessa Nossa Senhora da Conceição,Suíssa,521,25
49052400,Travessa José Vieira de Andrade,Suíssa,521,25
49052410,Rua Sílvio Teófilo Guimarães,Pereira Lobo,521,25
49052420,Travessa Jardiel Benevides,Suíssa,521,25
49052430,"Rua Gararu, de 767/768 ao fim",Suíssa,521,25
49055000,"Rua Estância, de 1055/1056 ao fim",Cirurgia,521,25
49055010,Praça Accioly Porto,Getúlio Vargas,521,25
49055020,Travessa Adalto Botelho,Getúlio Vargas,521,25
49055030,"Avenida Alan Kardec, até 572/573",Cirurgia,521,25
49055045,Travessa Almirante Tamandaré,Getúlio Vargas,521,25
49055050,Travessa Antonina,Cirurgia,521,25
49055060,"Avenida Engenheiro Gentil Tavares, de 1/2 ao fim",Cirurgia,521,25
49055070,Rua Aristides Bispo,Getúlio Vargas,521,25
49055080,"Avenida Augusto Franco, até 885 - lado ímpar",Getúlio Vargas,521,25
49055090,"Praça da Bandeira, de 137 a 289 - lado ímpar",Cirurgia,521,25
49055100,Travessa Basílio Rocha,Getúlio Vargas,521,25
49055110,Rua Basílio Rocha,Getúlio Vargas,521,25
49055120,"Rua Bittencourt Sampaio, até 157/158",Cirurgia,521,25
49055140,Travessa Cano Dez,Getúlio Vargas,521,25
49055150,"Avenida Carlos Burlamarqui, de 661/662 ao fim",Getúlio Vargas,521,25
49055160,Travessa Clodomir Silva,Getúlio Vargas,521,25
49055170,Travessa Coelho e Campos,Getúlio Vargas,521,25
49055180,"Avenida Coelho e Campos, de 903 ao fim - lado ímpar",Getúlio Vargas,521,25
49055190,Praça Coronel Antero José de Almeida,Cirurgia,521,25
49055200,"Rua Deputado Antônio Torres, até 539/540",Cirurgia,521,25
49055210,"Avenida Desembargador Maynard, até 672 - lado par",Cirurgia,521,25
49055220,"Rua Divina Pastora, de 901/902 ao fim",Getúlio Vargas,521,25
49055223,Travessa Lobo,Getúlio Vargas,521,25
49055230,"Rua Dom Bosco, até 439/440",Cirurgia,521,25
49055235,"Rua Gararu, de 150/151 a 765/766",Cirurgia,521,25
49055240,Praça Doutor Ranulfo Prata,Getúlio Vargas,521,25
49055250,"Rua Doutor Silvério Fontes, até 519/520",Cirurgia,521,25
49055255,"Rua de Riachão, de 930/931 a 1269/1270",Cirurgia,521,25
49055260,"Avenida Engenheiro Gentil Tavares, de 1/2 a 99998/99999",Getúlio Vargas,521,25
49055270,Rua dos Estudantes,Getúlio Vargas,521,25
49055280,Praça dos Expedicionários,Getúlio Vargas,521,25
49055290,Travessa Gararu,Getúlio Vargas,521,25
49055300,"Rua Gararu, até 148/149",Getúlio Vargas,521,25
49055310,Rua Geruzinho,Getúlio Vargas,521,25
49055330,"Rua Itaporanga, de 511/512 ao fim",Getúlio Vargas,521,25
49055350,Travessa José de Barros,Getúlio Vargas,521,25
49055365,"Rua Porto da Folha, de 227/228 a 1184/1185",Cirurgia,521,25
49055380,"Rua Laranjeiras, de 1024/1025 ao fim",Getúlio Vargas,521,25
49055383,Travessa Elialine,Getúlio Vargas,521,25
49055385,Travessa Maria da Conceição,Getúlio Vargas,521,25
49055390,Travessa Manoel Sandes,Getúlio Vargas,521,25
49055400,Rua Marechal Deodoro,Getúlio Vargas,521,25
49055410,Travessa Marechal Floriano Peixoto,Getúlio Vargas,521,25
49055420,Rua Marechal Floriano Peixoto,Getúlio Vargas,521,25
49055430,Travessa Maria Alves Pereira,Getúlio Vargas,521,25
49055440,"Rua Maruim, de 1035/1036 ao fim",Cirurgia,521,25
49055443,Rua Andréia Oliveira Passos,Cirurgia,521,25
49055450,Travessa Melício Machado,Cirurgia,521,25
49055460,Vila Mendonça,Getúlio Vargas,521,25
49055480,"Rua Nossa Senhora das Dores, até 435/436",Cirurgia,521,25
49055490,Rua Rejane Maria Pureza do Rosário,Getúlio Vargas,521,25
49055500,"Rua Pastor Euclides Arlindo, até 514/515",Cirurgia,521,25
49055515,"Avenida Desembargador Maynard, de 674 ao fim - lado par",Cirurgia,521,25
49055520,"Avenida Pedro Calazans, de 74 ao fim - lado par",Getúlio Vargas,521,25
49055530,Rua Permínio de Souza,Cirurgia,521,25
49055535,Vila Dona Berenice,Cirurgia,521,25
49055540,"Rua Porto da Folha, até 225/226",Getúlio Vargas,521,25
49055550,Rua Professor Nunes Mendonça,Cirurgia,521,25
49055555,"Avenida Augusto Franco, de 887 a 1319 - lado ímpar",Cirurgia,521,25
49055560,"Rua Propriá, de 511/512 ao fim",Getúlio Vargas,521,25
49055570,Travessa Propriazinho,Getúlio Vargas,521,25
49055590,"Rua Rafael de Aguiar, até 317/318",Cirurgia,521,25
49055610,Rua Salgado,Getúlio Vargas,521,25
49055620,"Rua São Cristóvão, de 1021/1022 ao fim",Getúlio Vargas,521,25
49055630,Travessa São Cristóvão Velho,Getúlio Vargas,521,25
49055640,Travessa São Miguel,Getúlio Vargas,521,25
49055650,Travessa São Pedro,Getúlio Vargas,521,25
49055660,Praça Saturnino de Brito,Getúlio Vargas,521,25
49055670,"Avenida Mamede Paes Mendonça, de 683/684 ao fim",Getúlio Vargas,521,25
49055680,Rua Torquato Fontes,Cirurgia,521,25
49055690,Travessa Noé Bernardo Bastos,Getúlio Vargas,521,25
49055710,Travessa Cruzeiro,Getúlio Vargas,521,25
49055730,Travessa Mestre Pedro Geraldo dos Santos,Cirurgia,521,25
49055740,Rua Amintas de Souza Bonfim,Getúlio Vargas,521,25
49055750,Travessa Manoel Aguiar Menezes,Getúlio Vargas,521,25
49055770,Rua José Jesus Lima,Getúlio Vargas,521,25
49055970,"AGF Desembargador Maynard, Avenida Desembargador Maynard, 1082",Cirurgia,521,25
49060000,"Avenida Coelho e Campos, de 112 a 1430 - lado par",Santo Antônio,521,25
49060010,Rua Abdias Bezerra,Palestina,521,25
49060020,Avenida Álvaro Maciel,Palestina,521,25
49060025,"Rua Cláudio Batista, de 1 ao fim - lado ímpar",Palestina,521,25
49060030,Rua Armindo Guaraná,Santo Antônio,521,25
49060040,Rua Arnaldo Dantas,Santo Antônio,521,25
49060050,Travessa Belas Artes,Santo Antônio,521,25
49060053,Travessa Manoel Preto 1,Santo Antônio,521,25
49060056,Travessa Manoel Preto 2,Santo Antônio,521,25
49060065,"Rua Cabo Costa, até 99998/99999",Santo Antônio,521,25
49060080,Rua do Carmo,Santo Antônio,521,25
49060090,"Rua Cinco de Julho, de 501/502 ao fim",Palestina,521,25
49060102,"Rua Cláudio Batista, lado par",Santo Antônio,521,25
49060105,Rua José Andrade Filho,Santo Antônio,521,25
49060108,"Rua Cláudio Batista, até 99999 - lado ímpar",Santo Antônio,521,25
49060110,Travessa Deputado Airton Teles,Santo Antônio,521,25
49060120,"Avenida Deputado Airton Teles, de 285/286 ao fim",Santo Antônio,521,25
49060130,Travessa Dezesseis de Julho,Palestina,521,25
49060140,Rua Dezesseis de Julho,Palestina,521,25
49060150,Rua Dom Quirino,Santo Antônio,521,25
49060160,"Avenida Doutor Carlos Firpo, de 391 ao fim - lado ímpar",Santo Antônio,521,25
49060170,Praça Doutor Juliano Simões,Santo Antônio,521,25
49060180,Rua Doutor Manoel Ferreira da Silva Neto,Santo Antônio,521,25
49060183,"Rua Santa Terezinha, até 99998 - lado par",Santo Antônio,521,25
49060186,"Rua Granja Altamira, até 99997/99998",Santo Antônio,521,25
49060190,Rua Edmilson Souza,Santo Antônio,521,25
49060200,Rua Edson Costa,Santo Antônio,521,25
49060210,"Avenida Pedro Calazans, até 90/91",Santo Antônio,521,25
49060220,Travessa Eládio Souza,Santo Antônio,521,25
49060230,Rua Engenheiro Pirro,Santo Antônio,521,25
49060240,"Estrada Lauro de Brito Porto, lado ímpar",Santo Antônio,521,25
49060260,Rua Garcia Moreno,Palestina,521,25
49060270,"Avenida Presidente Juscelino Kubitschek, de 2 a 99998 - lado par",Palestina,521,25
49060280,Rua Gumercindo Bessa,Santo Antônio,521,25
49060290,Rua Heribaldo José de Barros,Santo Antônio,521,25
49060300,Rua Japaratuba,Santo Antônio,521,25
49060310,"Rua João Andrade, até 364/365",Santo Antônio,521,25
49060320,"Rua João Andrade, de 366 ao fim - lado par",Santo Antônio,521,25
49060330,"Avenida João Ribeiro, lado ímpar",Santo Antônio,521,25
49060340,Rua José Coutinho,Palestina,521,25
49060350,Rua José Henrique dos Santos,Palestina,521,25
49060360,Rua José Ludovice,Palestina,521,25
49060370,Rua José Manoel dos Santos,Santo Antônio,521,25
49060390,Rua Manoel Teles de Gois,Palestina,521,25
49060400,"Avenida Maranhão, até 161/0162",Santo Antônio,521,25
49060410,Rua Maria Isabel de Oliveira,Santo Antônio,521,25
49060420,Rua Maria São Pedro,Palestina,521,25
49060440,Rua Miron de Oliveira Ribeiro,Santo Antônio,521,25
49060443,Largo Garcia Rosa,Santo Antônio,521,25
49060446,Travessa C (Sanatório),Santo Antônio,521,25
49060450,Rua Monsenhor Carlos Costa,Santo Antônio,521,25
49060460,"Rua de Muribeca, de 127 ao fim - lado ímpar",Santo Antônio,521,25
49060465,Rua José Lisboa dos Santos,Santo Antônio,521,25
49060470,"Rua de Muribeca, lado par",Santo Antônio,521,25
49060480,"Rua Nossa Senhora da Glória, de 702 ao fim - lado par",Santo Antônio,521,25
49060490,"Avenida Novo Paraíso, lado ímpar",Santo Antônio,521,25
49060493,Travessa São Paulo,Santo Antônio,521,25
49060496,Travessa São Pedro,Santo Antônio,521,25
49060500,"Rua Oliveira Ribeiro, de 40/41 ao fim",Santo Antônio,521,25
49060510,Rua Paulo Luduvice de Menezes,Palestina,521,25
49060520,Rua Pedro Edson,Palestina,521,25
49060530,"Avenida Presidente Juscelino Kubitschek, até 99998 - lado par",Santo Antônio,521,25
49060535,"Avenida Presidente Juscelino Kubitschek, até 99999 - lado ímpar",Santo Antônio,521,25
49060560,Praça Princesa Isabel,Santo Antônio,521,25
49060570,Rua Rosário,Santo Antônio,521,25
49060580,Rua Salgado,Santo Antônio,521,25
49060590,Rua Santa Maria,Santo Antônio,521,25
49060600,Rua São Francisco,Santo Antônio,521,25
49060620,Ladeira Sargento Florêncio,Santo Antônio,521,25
49060630,"Rua Sílvio Romero, até 584/585",Santo Antônio,521,25
49060640,"Avenida Simeão Sobral, de 0567/568 a 1239/1240",Santo Antônio,521,25
49060650,Praça Siqueira de Menezes,Santo Antônio,521,25
49060660,"Rua Tenente Cleto Campelo, de 632/633 ao fim",Santo Antônio,521,25
49060670,Rua Vinte e Quatro de Outubro,Palestina,521,25
49060673,Rua A (Lot Isabel Martins),Palestina,521,25
49060676,Rua B (Lot Isabel Martins),Palestina,521,25
49060678,Rua C (Lot Isabel Martins),Palestina,521,25
49060679,Rua D (Lot Isabel Martins),Palestina,521,25
49060680,Rua Zezé Gomes,Palestina,521,25
49060685,"Rua Cabo Costa, de 1/2 ao fim",Palestina,521,25
49060690,Rua Manoel Cristino dos Santos,Palestina,521,25
49060700,Travessa Marcelo da Cruz Santos,Palestina,521,25
49060703,Rua Iago Augusto,Palestina,521,25
49060706,Rua Josefina Fagundes Pereira,Palestina,521,25
49060720,Praça Enedina Nunes Ferreira,Santo Antônio,521,25
49060730,Travessa Santo Antônio,Santo Antônio,521,25
49060750,Rua Pedro Diniz Gonçalves,Palestina,521,25
49060800,Rua Doutor Antônio Correia,Palestina,521,25
49060820,Rua Vereador Emilton Santos,Palestina,521,25
49060900,"Rádio Televisão Atalaia de Sergipe, Rua Cláudio Batista, 122",Santo Antônio,521,25
49060970,"AGF Santo Antônio, Avenida João Ribeiro, 1287",Santo Antônio,521,25
49061030,"Rua Simão Dias, até 18/19",Santo Antônio,521,25
49061035,Rua Siriri,Santo Antônio,521,25
49061040,Rua A (Lot S Sebastião),Santo Antônio,521,25
49061043,Rua B (Lot S Sebastião),Santo Antônio,521,25
49061046,Rua C (Lot S Sebastião),Santo Antônio,521,25
49061052,Rua E (Lot S Sebastião),Santo Antônio,521,25
49061055,Rua Maria Iraci Ramos dos Santos,Santo Antônio,521,25
49061058,Travessa E (Lot S Sebastião),Santo Antônio,521,25
49061061,Travessa G (Lot S Sebastião),Santo Antônio,521,25
49061064,Rua João Francisco de Oliveira,Santo Antônio,521,25
49061067,Rua São Sebastião,Santo Antônio,521,25
49061070,Rua B (Lot Juciara),Santo Antônio,521,25
49061073,Rua C (Lot Juciara),Santo Antônio,521,25
49061076,Rua D (Lot Juciara),Santo Antônio,521,25
49061079,Rua F (Lot Juciara),Santo Antônio,521,25
49061082,Travessa F (Lot Juciara),Santo Antônio,521,25
49061084,Rua G (Lot Juciara),Santo Antônio,521,25
49061085,Rua H (Lot Juciara),Santo Antônio,521,25
49061088,Rua B (Res Engenho Velho),Santo Antônio,521,25
49061091,Rua C (Res Engenho Velho),Santo Antônio,521,25
49061092,Rua A (Res Engenho Velho),Santo Antônio,521,25
49061094,Travessa Engenho Velho,Santo Antônio,521,25
49061097,Rua Joaldo Silva,Santo Antônio,521,25
49061100,Travessa São João,Santo Antônio,521,25
49061103,Travessa B (Lot Sto Antônio),Santo Antônio,521,25
49061106,Rua G (Lot Sto Antônio),Santo Antônio,521,25
49061108,Rua Vinte e Seis (Jd Petrópolis),Santo Antônio,521,25
49061110,Rua Vinte e Sete (Jd Petrópolis),Santo Antônio,521,25
49061112,Rua Vinte e Oito (Jd Petrópolis),Santo Antônio,521,25
49063001,"Rua Santa Terezinha, de 2 ao fim - lado par",Japãozinho,521,25
49063004,"Rua Nossa Senhora da Glória, de 701 ao fim - lado ímpar",Japãozinho,521,25
49063007,Rua Granja Altamira II,Japãozinho,521,25
49063010,"Rua Granja Altamira, de 1/2 ao fim",Japãozinho,521,25
49063013,"Rua Bolívia, de 1/2 ao fim",Japãozinho,521,25
49063016,"Rua Espírito Santo, de 1/2 ao fim",Japãozinho,521,25
49063019,Avenida A (Lot Altamira),Japãozinho,521,25
49063022,Travessa B (Lot Altamira),Japãozinho,521,25
49063025,Rua B (Lot Altamira),Japãozinho,521,25
49063028,Rua C (Lot Altamira),Japãozinho,521,25
49063031,"Avenida Maria Auxiliadora Mendonça Melo, de 1/2 ao fim",Japãozinho,521,25
49063034,Avenida São João,Japãozinho,521,25
49063037,Travessa São João,Japãozinho,521,25
49063040,Travessa São João I,Japãozinho,521,25
49063043,Travessa São João II,Japãozinho,521,25
49063046,Rua São Carlos,Japãozinho,521,25
49063049,Rua São Joaquim,Japãozinho,521,25
49063052,Travessa São Joaquim,Japãozinho,521,25
49063055,"Rua Sete de Setembro, até 99997/99998",Japãozinho,521,25
49063058,Rua Santo Agostinho,Japãozinho,521,25
49063061,Travessa Santo Agostinho I,Japãozinho,521,25
49063064,Travessa Santo Agostinho II,Japãozinho,521,25
49063067,Rua São Francisco,Japãozinho,521,25
49063070,"Rua João Batista Cabral, lado ímpar",Japãozinho,521,25
49063073,Rua Senhor do Bomfim,Japãozinho,521,25
49063076,Travessa São Francisco,Japãozinho,521,25
49063079,Rua D,Japãozinho,521,25
49063082,Rua B,Japãozinho,521,25
49063085,Travessa Maria José,Japãozinho,521,25
49063088,Travessa São Januário,Japãozinho,521,25
49063091,Rua C,Japãozinho,521,25
49063094,Rua São Januário,Japãozinho,521,25
49063097,Rua do Arame,Japãozinho,521,25
49063100,Rua da Praça,Japãozinho,521,25
49063103,Travessa General Euclides Figueiredo,Japãozinho,521,25
49063106,"Avenida General Euclides Figueiredo, de 1 a 99999 - lado ímpar",Japãozinho,521,25
49063109,"Avenida General Euclides Figueiredo, de 2 a 99998 - lado par",Japãozinho,521,25
49063112,Rua B2 (Jetimana),Japãozinho,521,25
49063115,Rua A (Jetimana),Japãozinho,521,25
49063118,Travessa A (Jetimana),Japãozinho,521,25
49063121,Rua Rivaldo Honório dos Santos,Japãozinho,521,25
49063124,Rua D (Jetimana),Japãozinho,521,25
49063127,Travessa Senhor do Bomfim,Japãozinho,521,25
49063130,Rua C (Jetimana),Japãozinho,521,25
49063133,Travessa B (Jetimana),Japãozinho,521,25
49063136,Rua Santa Isabel,Japãozinho,521,25
49063139,Rua Goré,Japãozinho,521,25
49063142,Travessa do Campo,Japãozinho,521,25
49063145,"Avenida Frei Augusto de Santana, de 2 ao fim - lado par",Japãozinho,521,25
49063148,Rua Nossa Senhora da Conceição,Japãozinho,521,25
49063151,Rua Invasão da Jetimana,Japãozinho,521,25
49063154,Rua Daniel Maia,Japãozinho,521,25
49063157,Rua X (Jetimana),Japãozinho,521,25
49063160,Travessa Eutimia Morais,Japãozinho,521,25
49063163,Rua Eduardo Bonfim,Japãozinho,521,25
49063166,Rua G (Lot Pnt da Asa),Japãozinho,521,25
49063169,Rua A2 (Lot Pnt da Asa),Japãozinho,521,25
49063172,Rua E (Lot Pnt da Asa),Japãozinho,521,25
49063175,Rua D (Lot Pnt da Asa),Japãozinho,521,25
49063178,Rua C (Lot Pnt da Asa),Japãozinho,521,25
49063181,Rua B1 (Lot Pnt da Asa),Japãozinho,521,25
49063184,Rua Maria Angélica,Japãozinho,521,25
49063187,Travessa Hans Cristians,Japãozinho,521,25
49063190,Travessa Eládio Lobo,Japãozinho,521,25
49063193,"Rua Olaria, lado par",Japãozinho,521,25
49063196,Rua K (Jd Sto Antônio),Japãozinho,521,25
49063199,Rua G (Jd Sto Antônio),Japãozinho,521,25
49063202,Travessa G (Jd Sto Antônio),Japãozinho,521,25
49063205,Rua Y (Jd Sto Antônio),Japãozinho,521,25
49063208,Rua B (Jd Sto Antônio),Japãozinho,521,25
49063211,Travessa B (Jd Sto Antônio),Japãozinho,521,25
49063214,Rua X (Jd Sto Antônio),Japãozinho,521,25
49063217,Travessa X (Jd Sto Antônio),Japãozinho,521,25
49063220,Rua B (Jd S Francisco),Japãozinho,521,25
49065000,"Avenida João Ribeiro, lado par",Industrial,521,25
49065010,Rua Adozindo da Costa Pinto,Industrial,521,25
49065020,Avenida Albano Franco,Industrial,521,25
49065030,Praça Almirante Amintas Jorge,Industrial,521,25
49065033,Rua A (Jd Confiança),Industrial,521,25
49065036,Rua B (Jd Confiança),Industrial,521,25
49065039,Rua C (Jd Confiança),Industrial,521,25
49065040,Travessa Altamira,Industrial,521,25
49065043,Rua D (Jd Confiança),Industrial,521,25
49065049,Rua Elias Andrade,Industrial,521,25
49065050,Rua Altamira,Industrial,521,25
49065053,Rua Elizangela Santos,Industrial,521,25
49065056,Rua Orlando Ferreira Santos,Industrial,521,25
49065059,Rua Reginaldo Santos,Industrial,521,25
49065060,Rua Alto da Favela,Industrial,521,25
49065063,Travessa B (At da Favela),Industrial,521,25
49065070,Vila Ana,Industrial,521,25
49065080,Rua Antipas Costa,Industrial,521,25
49065090,Avenida Antônio Cabral,Industrial,521,25
49065093,Travessa Otacilio Oliveira,Industrial,521,25
49065100,Rua Anatólio Garcia Moreno,Industrial,521,25
49065120,Travessa Aracajuzinho,Industrial,521,25
49065123,Rua José Batista Filho,Industrial,521,25
49065130,Rua Amando Fontes,Industrial,521,25
49065140,Travessa Bastos Coelho,Industrial,521,25
49065150,Rua Batistinha,Industrial,521,25
49065152,Travessa Batistinha,Industrial,521,25
49065160,Rua Belém,Industrial,521,25
49065162,Rua B (Jd Brasilia),Industrial,521,25
49065170,Rua Boa Viagem,Industrial,521,25
49065180,Rua Carlos Silveira,Industrial,521,25
49065190,Vila Carvalho,Industrial,521,25
49065210,"Avenida Coelho e Campos, até 110 - lado par",Industrial,521,25
49065220,Rua Cônego Serapião Machado,Industrial,521,25
49065230,Avenida Confiança,Industrial,521,25
49065240,Avenida Corinto Leite,Industrial,521,25
49065250,Rua Curitiba,Industrial,521,25
49065253,Travessa Edileide Santos,Industrial,521,25
49065256,Rua Ediluze Santos,Industrial,521,25
49065259,Rua Edson Santos Matos,Industrial,521,25
49065270,"Avenida Deputado Airton Teles, até 283/284",Industrial,521,25
49065283,Rua Um (Lot Beira-Mar),Industrial,521,25
49065286,Rua Francisco Cláudio Cruz,Industrial,521,25
49065289,Rua Três (Lot Beira-Mar),Industrial,521,25
49065293,Rua Quatro (Lot Beira-Mar),Industrial,521,25
49065300,Rua Doutor Carlos Firpo,Industrial,521,25
49065310,"Avenida Doutor Carlos Firpo, de 392 ao fim - lado par",Industrial,521,25
49065330,Rua Eduardo Cruz,Industrial,521,25
49065340,Rua Epaminondas Salmeron,Industrial,521,25
49065370,Rua Farmacêutico Marcos Ferreira de Jesus,Industrial,521,25
49065373,Rua Manoel Pereira (Cj Dq de Caxias),Industrial,521,25
49065375,Rua E (Cj Dq de Caxias),Industrial,521,25
49065390,Avenida Filadelfo Dórea,Industrial,521,25
49065393,Rua São Lucas,Industrial,521,25
49065399,Rua Nossa Senhora da Conceição,Industrial,521,25
49065400,Travessa Fonte Grande,Industrial,521,25
49065403,Rua São Benedito,Industrial,521,25
49065410,Rua de Fortaleza,Industrial,521,25
49065415,Rua Mário Matiotte,Industrial,521,25
49065420,Avenida General Calazans,Industrial,521,25
49065430,Travessa Joana Ribeiro,Industrial,521,25
49065440,Rua Joana Ribeiro,Industrial,521,25
49065450,Avenida João Rodrigues,Industrial,521,25
49065451,Travessa João Rodrigues,Industrial,521,25
49065470,Avenida José Conrado de Araújo,Industrial,521,25
49065480,Rua José Vieira Teles,Industrial,521,25
49065490,Rua Julieta Pereira Alves,Industrial,521,25
49065500,Praça Liberato Costa,Industrial,521,25
49065510,Travessa C,Industrial,521,25
49065530,Rua Manoel Pereira,Industrial,521,25
49065540,"Rua Manoel Preto, lado par",Industrial,521,25
49065560,Rua Manoel Sátiro de Menezes,Industrial,521,25
49065570,Rua Marcelino Procópio da Silva,Industrial,521,25
49065590,"Rua de Muribeca, até 125 - lado ímpar",Industrial,521,25
49065610,"Avenida Novo Paraíso, lado par",Industrial,521,25
49065620,"Rua Oliveira Ribeiro, até 38/39",Industrial,521,25
49065640,Avenida Reis Lima,Industrial,521,25
49065643,Travessa Reis Lima,Industrial,521,25
49065650,Praça Reverendo Eduardo Carlos Pereira,Industrial,521,25
49065670,Rua Santa Cruz do Lagamar,Industrial,521,25
49065680,Avenida São Carlos,Industrial,521,25
49065690,Travessa São Carlos,Industrial,521,25
49065700,Travessa São Expedito,Industrial,521,25
49065710,Rua São João,Industrial,521,25
49065720,Travessa São José,Industrial,521,25
49065730,Rua São Luís,Industrial,521,25
49065740,Travessa São Luís,Industrial,521,25
49065750,Travessa Sargento Duque,Industrial,521,25
49065760,Rua Sebastião Costa,Industrial,521,25
49065770,"Avenida Simeão Sobral, até 565/0566",Industrial,521,25
49065780,Avenida Tancredo Campos,Industrial,521,25
49065783,"Avenida General Euclides Figueiredo, até 99999 - lado ímpar",Industrial,521,25
49065786,"Avenida General Euclides Figueiredo, até 99998 - lado par",Industrial,521,25
49065790,Rua Tenente Tasso Martins Bezerra,Industrial,521,25
49065800,Rua Thales Ferraz,Industrial,521,25
49065820,Rua João Batista Filho,Industrial,521,25
49065840,Rua Maria da Hora de Jesus Santos,Industrial,521,25
49066010,Travessa Confiança,Industrial,521,25
49066020,Travessa Manoel dos Santos Carvalho,Industrial,521,25
49066030,Rua Jeilson dos Santos,Industrial,521,25
49066040,Rua Constâncio Vieira,Industrial,521,25
49066050,Rua Christian Santana Correia,Industrial,521,25
49066060,Rua Renato Ferreira,Industrial,521,25
49066070,Rua José Ricardo de Melo,Industrial,521,25
49066170,Rua Um (Jd Imperial),Industrial,521,25
49066180,Rua Dois (Jd Imperial),Industrial,521,25
49066190,Rua Três (Jd Imperial),Industrial,521,25
49066200,Rua Cabo João Pereira da Silva,Industrial,521,25
49066210,Rua Cinco (Jd imperial),Industrial,521,25
49066213,Rua A (Lot Marcelo Bezerra),Industrial,521,25
49066216,Rua B (Lot Marcelo Bezerra),Industrial,521,25
49066219,Rua C (Lot Marcelo Bezerra),Industrial,521,25
49066222,Rua D (Lot Marcelo Bezerra),Industrial,521,25
49066225,Rua A (Lot Morada Rio Doce),Industrial,521,25
49066228,Rua B (Lot Morada Rio Doce),Industrial,521,25
49066230,Rua Severo José dos Santos,Industrial,521,25
49066233,Rua E (Lot Morada Rio Doce),Industrial,521,25
49066236,Rua Recanto dos Pássaros,Industrial,521,25
49066239,Rua Azul do Mar,Industrial,521,25
49066240,Rua Berilo Fonseca Dória,Industrial,521,25
49066243,Travessa Santo Antônio,Industrial,521,25
49066246,Travessa B (Lot Sta Tereza),Industrial,521,25
49066250,Rua Antônio Teixeira,Industrial,521,25
49066260,Rua Manoel Pereira Lima,Industrial,521,25
49066280,Rua Frontal,Industrial,521,25
49066290,Avenida Desembargador Antônio Assis Xavier,Industrial,521,25
49066310,Rua B (Res Reis Lima),Industrial,521,25
49066315,Rua A (Res Reis Lima),Industrial,521,25
49066318,Travessa A (Res Reis Lima),Industrial,521,25
49066320,Rua C (Res Reis Lima),Industrial,521,25
49066323,Rua Dois (Lot Imperial II),Industrial,521,25
49066326,Rua Três (Lot Imperial II),Industrial,521,25
49066329,Rua Quatro (Lot Imperial II),Industrial,521,25
49066330,Rua Um (Lot Imperial II),Industrial,521,25
49066332,Rua Cinco (Lot Imperial II),Industrial,521,25
49066350,Rua C (Lot Novo Paraiso),Industrial,521,25
49066370,Travessa C (Lot Novo Paraiso),Industrial,521,25
49066410,Rua Maria das Dores,Industrial,521,25
49066440,Travessa São João,Industrial,521,25
49066450,Rua Vereador João Menezes Oliveira,Industrial,521,25
49066460,Rua Luiz Moura,Industrial,521,25
49066480,Praça Tomaz Rodrigues Cruz,Industrial,521,25
49066490,Rua Vila Estela,Industrial,521,25
49066510,Rua Manoel de Barros Feitosa,Industrial,521,25
49066900,"Rede Jornal de Rádio e Televisão, Rua Cláudio Batista, 334",Santo Antônio,521,25
49067003,Travessa Santo Antônio,Porto D'Antas,521,25
49067013,"Avenida General Euclides Figueiredo, de 1 a 99999 - lado ímpar",Porto D'Antas,521,25
49067016,"Avenida General Euclides Figueiredo, de 2 a 99998 - lado par",Porto D'Antas,521,25
49067020,Rua Antônio dos Santos,Porto D'Antas,521,25
49067030,"Estrada Lauro de Brito Porto, lado par",Porto D'Antas,521,25
49067033,"Rua João Batista Cabral, lado par",Porto D'Antas,521,25
49067036,"Rua Sete de Setembro, de 1/2 ao fim",Porto D'Antas,521,25
49067040,Rua Francisco Carlos dos Santos,Porto D'Antas,521,25
49067046,Rua Q,Porto D'Antas,521,25
49067050,Rua Gerson Farias dos Santos,Porto D'Antas,521,25
49067053,Travessa Gerson Farias,Porto D'Antas,521,25
49067070,Rua Industrial Basto Coelho,Porto D'Antas,521,25
49067073,Rua D,Porto D'Antas,521,25
49067076,Rua D1,Porto D'Antas,521,25
49067080,Rua Isabel Coleta,Porto D'Antas,521,25
49067083,Rua D2,Porto D'Antas,521,25
49067090,Rua Jorge Henrique da Silva,Porto D'Antas,521,25
49067100,Rua José Antônio dos Santos,Porto D'Antas,521,25
49067103,Travessa José Antônio dos Santos,Porto D'Antas,521,25
49067110,Rua Maria das Dores,Porto D'Antas,521,25
49067140,Rua João Francisco de Oliveira,Porto D'Antas,521,25
49067150,Rua José Vieira Neto,Porto D'Antas,521,25
49067163,Rua H,Porto D'Antas,521,25
49067166,Travessa São José,Porto D'Antas,521,25
49067170,Travessa M,Porto D'Antas,521,25
49067180,Rua Novo Éden,Porto D'Antas,521,25
49067183,Travessa Novo Éden,Porto D'Antas,521,25
49067188,Rua F (Lot At da Jaqueira),Porto D'Antas,521,25
49067193,Rua A (Lot At da Jaqueira),Porto D'Antas,521,25
49067198,Rua B (Lot At da Jaqueira),Porto D'Antas,521,25
49067203,Travessa B (Lot At da Jaqueira),Porto D'Antas,521,25
49067206,Rua H (Lot At da Jaqueira),Porto D'Antas,521,25
