69908680,Travessa Eródis,Loteamento Santa Helena,7735,1
69908682,Rua Jerusalém,Loteamento Santa Helena,7735,1
69908684,Travessa São José,Loteamento Santa Helena,7735,1
69908686,Travessa Galdino,Loteamento Santa Helena,7735,1
69908688,Travessa Monte das Oliveiras,Loteamento Santa Helena,7735,1
69908690,Rua Rosa de Saron,Loteamento Santa Helena,7735,1
69908692,Travessa Canaã,Loteamento Santa Helena,7735,1
69908694,Travessa El Shaday,Loteamento Santa Helena,7735,1
69908730,Rua Projetada 001,Loteamento Santa Helena,7735,1
69908732,"Rodovia AC-40, até 1153 - lado ímpar",Loteamento Santa Helena,7735,1
69908734,"Rua Gabriel, até 409/410",Loteamento Santa Helena,7735,1
69908736,Rua Zaqueu,Loteamento Santa Helena,7735,1
69908738,Rua Paralela 2,Loteamento Santa Helena,7735,1
69908740,Rua A,Loteamento Santa Helena,7735,1
69908742,Rua Paralela 1,Loteamento Santa Helena,7735,1
69908744,Rua B,Loteamento Santa Helena,7735,1
69908746,Rua C,Loteamento Santa Helena,7735,1
69908748,Rua D,Loteamento Santa Helena,7735,1
69908750,Rua E,Loteamento Santa Helena,7735,1
69908752,Rua F,Loteamento Santa Helena,7735,1
69908754,Rua G,Loteamento Santa Helena,7735,1
69908756,Rua H,Loteamento Santa Helena,7735,1
69908758,Rua I,Loteamento Santa Helena,7735,1
69908760,Avenida Principal,Loteamento Santa Helena,7735,1
69908762,Rua J,Loteamento Santa Helena,7735,1
69908764,Rua Francisco Correia da Silva,Loteamento Santa Helena,7735,1
69908766,"Rua Gabriel, de 411/412 ao fim",Loteamento Santa Helena,7735,1
69908768,"Rodovia BR-364 (Rio Branco-Porto Velho), até 5014 - lado par",Loteamento Santa Helena,7735,1
69908820,"Rodovia BR-364 (Rio Branco-Porto Velho), de 5016 a 6736 - lado par",Loteamento Santo Afonso,7735,1
69908822,Rua Cleomar Medeiros de Moraes,Loteamento Santo Afonso,7735,1
69908824,Rua Luiz Pires,Loteamento Santo Afonso,7735,1
69908826,"Rua Tavares do Couto, até 599/600",Loteamento Santo Afonso,7735,1
69908828,"Rua Tavares do Couto, de 601/602 ao fim",Loteamento Santo Afonso,7735,1
69908830,Rua Gilberto Correia Lima,Loteamento Santo Afonso,7735,1
69908832,Rua José Marcos Leite,Loteamento Santo Afonso,7735,1
69908834,Rua Mamed Bitar,Loteamento Santo Afonso,7735,1
69908836,Rua Roque Garcia,Loteamento Santo Afonso,7735,1
69908838,Rua Ciro Facundo de Almeida,Loteamento Santo Afonso,7735,1
69908840,Rua Angélica Correia Vasconcelos,Loteamento Santo Afonso,7735,1
69908842,Rua Eleonora de Moraes,Loteamento Santo Afonso,7735,1
69908844,Rua Elizabete Medeiro de Moraes,Loteamento Santo Afonso,7735,1
69908846,Rua Evaldo Abreu Curity,Loteamento Santo Afonso,7735,1
69908848,Rua Nelson Brungroty,Loteamento Santo Afonso,7735,1
69908850,Rua Raimunda Pereira Lima,Loteamento Santo Afonso,7735,1
69908852,Rua Nonato Correia Lima,Loteamento Santo Afonso,7735,1
69908854,Rua Inês Medeiro de Moraes,Loteamento Santo Afonso,7735,1
69908856,Rua Antonio Pinheiro de Moraes,Loteamento Santo Afonso,7735,1
69908858,Rua Socorro Medeiros de Moraes,Loteamento Santo Afonso,7735,1
69908860,Rua Raimundo Pinheiro,Loteamento Santo Afonso,7735,1
69908862,Rua Geraldo Pinheiro,Loteamento Santo Afonso,7735,1
69908864,Rua Veríssimo Costa Neto,Loteamento Santo Afonso,7735,1
69908866,Rua Alegria Abdalla Isper,Loteamento Santo Afonso,7735,1
69908868,Rua Arivaldo Juvenil do Vale,Loteamento Santo Afonso,7735,1
69908870,Rua Projetada 644,Loteamento Santo Afonso,7735,1
69908872,Rua Humberto Vasconcelos Oliveira,Loteamento Santo Afonso,7735,1
69908874,Rua Neide Medeiros de Moraes,Loteamento Santo Afonso,7735,1
69908876,Rua Deovani Araújo de Moraes,Loteamento Santo Afonso,7735,1
69908878,Rua Ítalo Santos da Silva,Loteamento Santo Afonso,7735,1
69908880,Rua Noé Pereira,Loteamento Santo Afonso,7735,1
69908882,Rua Salim Farhat,Loteamento Santo Afonso,7735,1
69908884,Rua Projetada 653,Loteamento Santo Afonso,7735,1
69908886,"Rua Antonio Ribeiro, de 637/638 ao fim",Loteamento Santo Afonso,7735,1
69908888,"Rua Antonio Ribeiro, até 635/636",Loteamento Santo Afonso,7735,1
69908890,"Avenida Francisco Ribeiro, até 865/866",Loteamento Santo Afonso,7735,1
69908892,"Avenida Francisco Ribeiro, de 867/868 ao fim",Loteamento Santo Afonso,7735,1
69908894,"Rua Alcides Teixeira, de 785/786 ao fim",Loteamento Santo Afonso,7735,1
69908896,"Rua Alcides Teixeira, até 783/784",Loteamento Santo Afonso,7735,1
69908898,"Rodovia BR-364 (Rio Branco-Porto Velho), de 6738 a 7950 - lado par",Loteamento Santo Afonso,7735,1
69909000,"Rodovia BR-364 (Rio Branco-Porto Velho), de 7952 a 12298 - lado par",Residencial Rosa Linda,7735,1
69909002,Rua dos Moabitas,Residencial Rosa Linda,7735,1
69909004,Rua Raiz de Davi,Residencial Rosa Linda,7735,1
69909006,Rua Monte Sião,Residencial Rosa Linda,7735,1
69909008,Rua Araçagi,Residencial Rosa Linda,7735,1
69909010,Rua Avelino Alencar,Residencial Rosa Linda,7735,1
69909012,Rua Antônio Francisco,Residencial Rosa Linda,7735,1
69909014,Rua Paquetá,Residencial Rosa Linda,7735,1
69909016,Rua José Alencar,Residencial Rosa Linda,7735,1
69909018,Rua Samambaia,Residencial Rosa Linda,7735,1
69909020,Rua Santa Tereza,Residencial Rosa Linda,7735,1
69909022,Rua Santa Gilberto Correia,Residencial Rosa Linda,7735,1
69909024,Rua Acre,Residencial Rosa Linda,7735,1
69909026,Rua Pantanal,Residencial Rosa Linda,7735,1
69909028,Rua João Vieira,Residencial Rosa Linda,7735,1
69909030,Rua Raimundo Targino,Residencial Rosa Linda,7735,1
69909032,Rua Colinas,Residencial Rosa Linda,7735,1
69909034,Rua Raimundo Correia,Residencial Rosa Linda,7735,1
69909036,Rua dos Marajás,Residencial Rosa Linda,7735,1
69909038,Rua Campo Novo,Residencial Rosa Linda,7735,1
69909040,"Rodovia BR-364 (Rio Branco-Porto Velho), de 12300 ao fim - lado par",Residencial Rosa Linda,7735,1
69909640,"Rodovia AC-40, de 1156 a 3050 - lado par",Vila da Amizade,7735,1
69909642,Rua da Amizade,Vila da Amizade,7735,1
69909644,"Rua Hermínio de Melo, até 489/490",Vila da Amizade,7735,1
69909646,Rua Lázaro Teixeira dos Santos,Vila da Amizade,7735,1
69909648,Rua Guilherme Rodrigues Magalhães,Vila da Amizade,7735,1
69909650,Rua Maria Luciola da Silva,Vila da Amizade,7735,1
69909651,Travessa Manoel Francisco de Paula,Vila da Amizade,7735,1
69909652,Rua Abacabeira,Vila da Amizade,7735,1
69909654,Travessa Jutaí,Vila da Amizade,7735,1
69909656,"Rua Mariana, de 451/452 ao fim",Vila da Amizade,7735,1
69909658,"Rua Mariana, até 449/450",Vila da Amizade,7735,1
69909660,Travessa Neusa Vidal,Vila da Amizade,7735,1
69909662,Travessa das Mangueiras,Vila da Amizade,7735,1
69909664,"Rua Hermínio de Melo, de 491/492 ao fim",Vila da Amizade,7735,1
69909666,Travessa José Barbosa,Vila da Amizade,7735,1
69909669,Rua Acre,Vila da Amizade,7735,1
69909730,"Rodovia AC-40, de 3052 a 4000 - lado par",Vila Acre,7735,1
69909732,Travessa Paraíso,Vila Acre,7735,1
69909734,Rua Seringueira,Vila Acre,7735,1
69909736,Travessa Seringueira,Vila Acre,7735,1
69909738,Rua Assis Brasil,Vila Acre,7735,1
69909740,Rua Afonso Pena,Vila Acre,7735,1
69909742,Travessa Assis Brasil,Vila Acre,7735,1
69909744,Ramal Bom Jesus,Vila Acre,7735,1
69909746,Travessa Castro Alves,Vila Acre,7735,1
69909750,Rua Jorge Amado,Vila Acre,7735,1
69909752,Rua Zélia Gattai,Vila Acre,7735,1
69909754,Rua Austragésimo de Andrade,Vila Acre,7735,1
69909756,Rua Machado de Assis,Vila Acre,7735,1
69909758,"Rua Luiz Fernando Veríssimo, até 599/600",Vila Acre,7735,1
69909760,Rua Fernando Sabino,Vila Acre,7735,1
69909764,Beco da Alegria,Vila Acre,7735,1
69909766,Travessa Boa Vontade,Vila Acre,7735,1
69909768,Travessa Vila Lobos,Vila Acre,7735,1
69909770,Rua Zilma Lima de Albuquerque,Vila Acre,7735,1
69909772,Rua Adão Galo,Vila Acre,7735,1
69909774,"Rua Renascimento, até 599/600",Vila Acre,7735,1
69909776,Rua Argemiro da Silva Cardoso,Vila Acre,7735,1
69909778,Rua Antônio Júlio,Vila Acre,7735,1
69909780,Rua José Ferraz,Vila Acre,7735,1
69909782,Rua Francisco Ferreira do Nascimento,Vila Acre,7735,1
69909784,Rua Manoel Lima,Vila Acre,7735,1
69909786,"Rua Renascimento, de 601/602 ao fim",Vila Acre,7735,1
69909788,"Rodovia AC-40, de 4002 ao fim - lado par",Vila Acre,7735,1
69909790,"Ramal Bom Futuro, até 599/600",Vila Acre,7735,1
69909792,Travessa do Redentor,Vila Acre,7735,1
69909794,"Ramal Bom Futuro, de 601/602 ao fim",Vila Acre,7735,1
69909796,Beco Bom Futuro,Vila Acre,7735,1
69909798,Travessa Boa Esperança,Vila Acre,7735,1
69909800,Ramal da Escola,Vila Acre,7735,1
69909802,Ramal Raimundo Saldanha,Vila Acre,7735,1
69909804,"Rodovia AC-40, de 4001 ao fim - lado ímpar",Vila Acre,7735,1
69909806,"Rodovia AC-40, de 2901 a 3999 - lado ímpar",Vila Acre,7735,1
69909808,Rua Hidelfonso Cordeiro,Vila Acre,7735,1
69909810,Travessa Heitor,Vila Acre,7735,1
69909812,Rua Edmundo Pinto,Vila Acre,7735,1
69909814,Rua Virgílio Viana,Vila Acre,7735,1
69909816,Rua Major Mendonça Lima,Vila Acre,7735,1
69909818,Rua Atalaias,Vila Acre,7735,1
69909820,Travessa Buriti,Vila Acre,7735,1
69911000,Travessa Gabino Besouro,Volta Seca,7735,1
69911003,Travessa Itaquatiara,Volta Seca,7735,1
69911006,Rua Lei Áurea,Volta Seca,7735,1
69911009,Travessa Cruzeiro do Sul,Volta Seca,7735,1
69911012,Travessa Manuel Bandeira,Volta Seca,7735,1
69911015,Beco da Solidão,Volta Seca,7735,1
69911018,"Rua Rio Grande do Sul, de 1501 a 2399 - lado ímpar",Volta Seca,7735,1
69911021,Travessa São Cristóvão,Volta Seca,7735,1
69911024,Rua Mario de Andrade,Volta Seca,7735,1
69911027,"Rua Rio Grande do Sul, de 1502 a 2400 - lado par",Volta Seca,7735,1
69911030,"Rua Rio Grande do Sul, de 2401/2402 a 2674/2675",Aeroporto Velho,7735,1
69911033,Beco Batista,Aeroporto Velho,7735,1
69911036,"Rua Rio Grande do Sul, de 2676/2677 ao fim",Aeroporto Velho,7735,1
69911039,Beco Barracão,Aeroporto Velho,7735,1
69911042,Rua Lúcio Batista,Aeroporto Velho,7735,1
69911045,Rua Coração de Jesus,Aeroporto Velho,7735,1
69911048,Rua Rosas,Aeroporto Velho,7735,1
69911051,Rua Estado do Acre,Aeroporto Velho,7735,1
69911054,Rua Benjamin,Aeroporto Velho,7735,1
69911057,Rua Acre,Aeroporto Velho,7735,1
69911060,Rua Rádio Farol,Aeroporto Velho,7735,1
69911063,Rua Plácido de Castro,Aeroporto Velho,7735,1
69911066,Rua Antônio Boto,Aeroporto Velho,7735,1
69911069,Rua Santos Dumont,Aeroporto Velho,7735,1
69911072,Rua Xapuri,Aeroporto Velho,7735,1
69911075,Rua Terminal,Aeroporto Velho,7735,1
69911078,Rua Sargento Daniel,Aeroporto Velho,7735,1
69911081,Beco Vaudiza Alencar,Aeroporto Velho,7735,1
69911084,Rua Francisco Lopes,Aeroporto Velho,7735,1
69911087,Rua Acre 2,Aeroporto Velho,7735,1
69911090,Travessa Franco Silva,Aeroporto Velho,7735,1
69911093,Rua Francisco Vieira,Aeroporto Velho,7735,1
69911096,Rua Ari Rodrigues,Aeroporto Velho,7735,1
69911099,"Estrada Deputado José Rui da Silveira Lino, de 1627/1628 a 2374/2375",Aeroporto Velho,7735,1
69911102,Beco Lucinda,Aeroporto Velho,7735,1
69911105,Beco Jucelino,Aeroporto Velho,7735,1
69911108,"Estrada Deputado José Rui da Silveira Lino, até 1625 - lado ímpar",Aeroporto Velho,7735,1
69911111,Travessa Pista,Aeroporto Velho,7735,1
69911114,"Estrada Deputado José Rui da Silveira Lino, até 1624 - lado par",Aeroporto Velho,7735,1
69911117,"Estrada Deputado José Rui da Silveira Lino, de 1626 a 2374 - lado par",Aeroporto Velho,7735,1
69911120,Rua Ceará,Glória,7735,1
69911122,"Rua Rádio Farol, até 503/504",Glória,7735,1
69911124,Rua Chico Lorenço,Glória,7735,1
69911126,Rua Havai,Glória,7735,1
69911128,Rua Cavalcante,Glória,7735,1
69911130,Travessa Jorge Ramos,Glória,7735,1
69911132,Rua São Lucas,Glória,7735,1
69911134,Travessa Cajazeira,Glória,7735,1
69911136,Travessa Corinthians,Glória,7735,1
69911138,Rua Glória,Glória,7735,1
69911140,"Rua 15, até 409/410",Glória,7735,1
69911150,Beco da Glória,Pista,7735,1
69911152,Rua Novo Horizonte,Pista,7735,1
69911154,Rua Pantanal,Pista,7735,1
69911156,Rua Ji-Paraná,Pista,7735,1
69911158,Travessa São Mateus,Pista,7735,1
69911160,Travessa Tancredo Neves,Pista,7735,1
69911162,Rua Eldorado,Pista,7735,1
69911164,Travessa São Paulo,Pista,7735,1
69911166,Rua São Francisco,Pista,7735,1
69911168,Rua F,Pista,7735,1
69911170,Rua Blumenau,Pista,7735,1
69911172,Rua Alvoredo,Pista,7735,1
69911174,Rua Vilhena,Pista,7735,1
69911176,Travessa Cacoal,Pista,7735,1
69911178,Rua 4 de Outubro,Pista,7735,1
69911180,Rua São Pedro,Pista,7735,1
69911182,Rua São João,Pista,7735,1
69911184,Travessa Codajás,Pista,7735,1
69911186,Rua Ribeirão,Pista,7735,1
69911188,Travessa São José,Pista,7735,1
69911190,Travessa Ramos Ferreira,Pista,7735,1
69911200,"Rua São Salvador, até 273/274",Palheiral,7735,1
69911202,Rua Oswaldo de Andrade,Palheiral,7735,1
69911204,Rua Tião Natureza,Palheiral,7735,1
69911206,Rua Itaipú,Palheiral,7735,1
69911208,Rua 7 de Setembro,Palheiral,7735,1
69911210,Rua Santa Rita,Palheiral,7735,1
69911212,Rua Tucuruí,Palheiral,7735,1
69911214,Beco 8 de Maio,Palheiral,7735,1
69911216,"Rua A, até 159/160",Palheiral,7735,1
69911220,Rua Santa Rita,Conjunto Castelo Branco,7735,1
69911223,Rua do Bola Preta,Conjunto Castelo Branco,7735,1
69911226,Travessa Martins Pena,Conjunto Castelo Branco,7735,1
69911229,Rua Governador Álvaro Maia,Conjunto Castelo Branco,7735,1
69911232,Rua Manoel Castilho,Conjunto Castelo Branco,7735,1
69911235,Rua Governador Artur Reis,Conjunto Castelo Branco,7735,1
69911238,Rua Afrânio Peixoto,Conjunto Castelo Branco,7735,1
69911241,Rua Álvaro Alves,Conjunto Castelo Branco,7735,1
69911244,Rua Faris Zaire,Conjunto Castelo Branco,7735,1
69911247,Rua 4 de Julho,Conjunto Castelo Branco,7735,1
69911250,Rua Padre Vieira,Conjunto Castelo Branco,7735,1
69911253,Rua Tomé de Souza,Conjunto Castelo Branco,7735,1
69911256,Rua Belém,Conjunto Castelo Branco,7735,1
69911259,Rua Vicente Pizzon,Conjunto Castelo Branco,7735,1
69911262,Rua Luiz Galvez,Conjunto Castelo Branco,7735,1
69911265,Rua Alberto Escócio de Faria,Conjunto Castelo Branco,7735,1
69911268,Rua Machado de Assis,Conjunto Castelo Branco,7735,1
69911280,Rua São Francisco,Conjunto Bela Vista,7735,1
69911283,Rua do Eucalipto,Conjunto Bela Vista,7735,1
69911286,Rua Sargento Lira,Conjunto Bela Vista,7735,1
69911289,Rua Francisco de Mateo,Conjunto Bela Vista,7735,1
69911292,Rua Independência,Conjunto Bela Vista,7735,1
69911295,Rua Pedro Gomes,Conjunto Bela Vista,7735,1
69911298,Rua Santo Inácio,Conjunto Bela Vista,7735,1
69911301,Rua 15 de Junho,Conjunto Bela Vista,7735,1
69911304,Rua Alfredo Zaire,Conjunto Bela Vista,7735,1
69911307,Travessa Lua,Conjunto Bela Vista,7735,1
69911310,Travessa São Francisco,Conjunto Bela Vista,7735,1
69911313,Travessa Brasiléia,Conjunto Bela Vista,7735,1
69911316,Rua Xapuri,Conjunto Bela Vista,7735,1
69911319,Rua Sena Madureira,Conjunto Bela Vista,7735,1
69911322,Travessa Paulo Zobulom,Conjunto Bela Vista,7735,1
69911325,Rua Salgueiro,Conjunto Bela Vista,7735,1
69911328,Rua Edmundo Pinto,Conjunto Bela Vista,7735,1
69911331,Rua 1º de Maio,Conjunto Bela Vista,7735,1
69911334,Rua Doutor José Luiz de Aguiar,Conjunto Bela Vista,7735,1
69911335,Travessa 11 de Agosto,Conjunto Bela Vista,7735,1
69911343,Travessa do Sol,Conjunto Bela Vista,7735,1
69911346,Rua Jaime Pereira,Conjunto Bela Vista,7735,1
69911349,Rua São Peregrino,Conjunto Bela Vista,7735,1
69911352,"Estrada da Floresta, até 501 - lado ímpar",Conjunto Bela Vista,7735,1
69911355,Rua Jorge Amado,Conjunto Bela Vista,7735,1
69911358,Rua São Paulo,Conjunto Bela Vista,7735,1
69911361,Travessa Bela Vista,Conjunto Bela Vista,7735,1
69911364,Rua Nordeste,Conjunto Bela Vista,7735,1
69911367,Rua das Palmeiras,Conjunto Bela Vista,7735,1
69911370,Travessa São Sebastião,Conjunto Bela Vista,7735,1
69911373,Travessa Boa Vista,Conjunto Bela Vista,7735,1
69911376,"Rua Padre Antônio, de 413/414 ao fim",Conjunto Bela Vista,7735,1
69911380,"Rua Padre Antônio, até 411/412",Novo Horizonte,7735,1
69911383,"Estrada da Floresta, de 503 a 713 - lado ímpar",Novo Horizonte,7735,1
69911386,Rua Monte Líbano,Novo Horizonte,7735,1
69911389,Travessa Escola,Novo Horizonte,7735,1
69911392,Travessa Neusa Vidal,Novo Horizonte,7735,1
69911395,Rua Verona,Novo Horizonte,7735,1
69911398,Rua Toshiba,Novo Horizonte,7735,1
69911404,Rua Nauas,Novo Horizonte,7735,1
69911407,Rua Ademar de Barros,Novo Horizonte,7735,1
69911420,"Rua A, de 518/519 ao fim",João Eduardo I,7735,1
69911422,"Estrada da Floresta, de 715/716 a 1207/1208",João Eduardo I,7735,1
69911424,Travessa Rui Lino,João Eduardo I,7735,1
69911426,Rua Rui Lino,João Eduardo I,7735,1
69911428,Travessa Osasco,João Eduardo I,7735,1
69911430,Rua Anastácia,João Eduardo I,7735,1
69911432,Rua João Nogueira,João Eduardo I,7735,1
69911434,Rua Antônio José Nogueira,João Eduardo I,7735,1
69911436,Rua João Raimundo,João Eduardo I,7735,1
69911438,Rua Santa Maria,João Eduardo I,7735,1
69911440,Rua Santo Antônio,João Eduardo I,7735,1
69911442,Beco Santa Maria,João Eduardo I,7735,1
69911444,Rua Santa Luzia,João Eduardo I,7735,1
69911446,Rua São Francisco,João Eduardo I,7735,1
69911448,Rua São José,João Eduardo I,7735,1
69911450,"Rua A, de 161/162 a 516/517",João Eduardo I,7735,1
69911452,Rua São Nicolau,João Eduardo I,7735,1
69911454,Rua São Luiz,João Eduardo I,7735,1
69911456,Rua Montevideu,João Eduardo I,7735,1
69911458,Rua Ana Nery,João Eduardo I,7735,1
69911460,Travessa Guanabara,João Eduardo I,7735,1
69911462,Travessa Capixaba,João Eduardo I,7735,1
69911464,Rua Novo Estado,João Eduardo I,7735,1
69911466,Rua Francisco Xavier,João Eduardo I,7735,1
69911468,"Rua Campo Grande, até 608/609",João Eduardo I,7735,1
69911470,"Rua Campo Grande, de 610/611 ao fim",João Eduardo I,7735,1
69911472,"Rua São Raimundo, de 288/289 ao fim",João Eduardo I,7735,1
69911480,Travessa Milton Lucena,João Eduardo II,7735,1
69911482,Travessa Marinho Monte,João Eduardo II,7735,1
69911484,Travessa Messias,João Eduardo II,7735,1
69911486,Beco Zé Antônio,João Eduardo II,7735,1
69911488,Beco João Eduardo,João Eduardo II,7735,1
69911490,Rua Jerusalém,João Eduardo II,7735,1
69911492,Travessa Dom Bosco,João Eduardo II,7735,1
69911494,Travessa Santa Maria,João Eduardo II,7735,1
69911496,Travessa Jacó,João Eduardo II,7735,1
69911498,Rua Santa Luzia,João Eduardo II,7735,1
69911500,Rua São Francisco,João Eduardo II,7735,1
69911502,Rua São Sebastião,João Eduardo II,7735,1
69911504,"Rua São Raimundo, até 286/287",João Eduardo II,7735,1
69911506,Travessa Apucarana,João Eduardo II,7735,1
69911508,Travessa Flaviano,João Eduardo II,7735,1
69911510,Rua Santa Terezinha,João Eduardo II,7735,1
69911512,Travessa Santa Madalena,João Eduardo II,7735,1
69911514,Travessa Mauá,João Eduardo II,7735,1
69911516,Rua Mauá,João Eduardo II,7735,1
69911518,Rua Álvaro Cézar,João Eduardo II,7735,1
69911520,Travessa João Edimar,João Eduardo II,7735,1
69911522,Travessa Raimundo Melo,João Eduardo II,7735,1
69911524,Travessa Carlos Santos,João Eduardo II,7735,1
69911526,Travessa Maria Amélia,João Eduardo II,7735,1
69911528,Travessa Itamarati,João Eduardo II,7735,1
69911530,Travessa Alencar,João Eduardo II,7735,1
69911532,Travessa Santa Cruz,João Eduardo II,7735,1
69911534,Travessa Vera Cruz,João Eduardo II,7735,1
69911536,Rua Hosana Carneiro,João Eduardo II,7735,1
69911538,Travessa Hosana Carneiro,João Eduardo II,7735,1
69911540,Rua Habitar Brasil,João Eduardo II,7735,1
69911542,"Rua São Salvador, de 275/276 ao fim",João Eduardo II,7735,1
69911544,Travessa C,João Eduardo II,7735,1
69911560,Travessa São Salvador,Bahia Velha,7735,1
69911562,Travessa São Marcos,Bahia Velha,7735,1
69911564,"Rua Mendes Sá, de 221/222 ao fim",Bahia Velha,7735,1
69911566,Travessa Marília,Bahia Velha,7735,1
69911568,Travessa Canadá,Bahia Velha,7735,1
69911570,Travessa Dom Pedro,Bahia Velha,7735,1
69911572,Travessa Hélio Melo,Bahia Velha,7735,1
69911574,Travessa Globo,Bahia Velha,7735,1
69911576,"Rua Mendes Sá, até 219/220",Bahia Velha,7735,1
69911578,Beco Cecília Freitas,Bahia Velha,7735,1
69911580,Rua Bom Jesus,Bahia Velha,7735,1
69911582,"Rua Santa Rita, de 501/502 ao fim",Bahia Velha,7735,1
69911584,Travessa Bandeirante,Bahia Velha,7735,1
69911586,Travessa Raimundo Mesquita,Bahia Velha,7735,1
69911588,Travessa Chico Mendes,Bahia Velha,7735,1
69911590,Rua Estácio de Sá,Bahia Velha,7735,1
69911650,"Rua Santa Rita, até 499/500",Bahia Nova,7735,1
69911653,"Rua Boa União, até 519/520",Bahia Nova,7735,1
69911656,Rua da Amizade,Bahia Nova,7735,1
69911659,Travessa da Glória,Bahia Nova,7735,1
69911662,Rua Profeta,Bahia Nova,7735,1
69911665,"Rua 15, de 411/412 ao fim",Bahia Nova,7735,1
69911668,Rua Afonso Pena,Bahia Nova,7735,1
69911671,Rua Laranja,Bahia Nova,7735,1
69911674,Rua Capivara,Bahia Nova,7735,1
69911677,Travessa Mangueira,Bahia Nova,7735,1
69911680,Rua Manoel Ribeiro,Bahia Nova,7735,1
69911683,Travessa 13 de Junho,Bahia Nova,7735,1
69911686,Rua Lagoinha,Bahia Nova,7735,1
69911689,Travessa Estrela,Bahia Nova,7735,1
69911692,Rua Primavera,Bahia Nova,7735,1
69911695,Rua Três Primavera,Bahia Nova,7735,1
69911698,Rua São João,Bahia Nova,7735,1
69911701,Rua São Francisco,Bahia Nova,7735,1
69911704,Travessa Fortaleza,Bahia Nova,7735,1
69911707,Rua São Pedro,Bahia Nova,7735,1
69911710,"Rua 13 de Maio, de 505/506 ao fim",Bahia Nova,7735,1
69911713,"Rua do Sol, de 401/402 ao fim",Bahia Nova,7735,1
69911716,"Rua Boa União, de 521/522 ao fim",Bahia Nova,7735,1
69911719,Beco São Cristóvão,Bahia Nova,7735,1
69911722,Rua Projetada 470,Bahia Nova,7735,1
69911760,"Rua 13 de Maio, até 503/504",Boa União,7735,1
69911762,Rua 27 de Setembro,Boa União,7735,1
69911764,Rua 1º de Abril,Boa União,7735,1
69911766,Rua 10 de Janeiro,Boa União,7735,1
69911768,Rua 26 de Setembro,Boa União,7735,1
69911770,Rua 8 de Dezembro,Boa União,7735,1
69911772,Rua 6 de Maio,Boa União,7735,1
69911774,Rua 10 de Novembro,Boa União,7735,1
69911776,Rua 20 de Novembro,Boa União,7735,1
69911778,Rua 19 de Outubro,Boa União,7735,1
69911780,Rua 16 de Julho,Boa União,7735,1
69911784,Avenida Fares Fegali,Boa União,7735,1
69911786,"Rua Rádio Farol, de 505/506 ao fim",Boa União,7735,1
69911788,Rua das Palmas,Boa União,7735,1
69911790,Rua Afonso Pena,Boa União,7735,1
69911792,Travessa Mangueira,Boa União,7735,1
69911794,Beco do Mangueiral,Boa União,7735,1
69911796,Rua das Mangueiras,Boa União,7735,1
69911800,"Estrada Deputado José Rui da Silveira Lino, de 2376 a 3794 - lado par",Ayrton Sena,7735,1
69911802,"Estrada Deputado José Rui da Silveira Lino, de 2377 a 3795 - lado ímpar",Ayrton Sena,7735,1
69911804,Rua Campo Grande,Ayrton Sena,7735,1
69911806,Rua Abacaxi,Ayrton Sena,7735,1
69911808,Beco Abacaxi,Ayrton Sena,7735,1
69911810,Travessa Nossa Senhora Aparecida,Ayrton Sena,7735,1
69911812,Travessa Côco,Ayrton Sena,7735,1
69911814,Travessa Campinas,Ayrton Sena,7735,1
69911816,Rua Barro,Ayrton Sena,7735,1
69911818,Rua Beira Rio,Ayrton Sena,7735,1
69911820,Rua Passo Fundo,Ayrton Sena,7735,1
69911822,Beco do Passarinho,Ayrton Sena,7735,1
69911824,Rua Projetada 711,Ayrton Sena,7735,1
69911826,Travessa Iracema II,Ayrton Sena,7735,1
69911828,Travessa Ayrton Senna,Ayrton Sena,7735,1
69911830,Rua Jatobá,Ayrton Sena,7735,1
69911832,Rua da Prata,Ayrton Sena,7735,1
69911834,Rua Esmeralda,Ayrton Sena,7735,1
69911836,Travessa Zacarias,Ayrton Sena,7735,1
69911838,Travessa Três Cinco,Ayrton Sena,7735,1
69911840,Travessa Jataí,Ayrton Sena,7735,1
69911842,Travessa Sino,Ayrton Sena,7735,1
69911844,Rua Salinas,Ayrton Sena,7735,1
69911846,Rua Turiba,Ayrton Sena,7735,1
69911848,Travessa Jerusalém,Ayrton Sena,7735,1
69911850,Travessa Livramento,Ayrton Sena,7735,1
69911852,Travessa São Jorge,Ayrton Sena,7735,1
69911854,Rua Raimundo Melo,Ayrton Sena,7735,1
69911856,Rua Campo Novo,Ayrton Sena,7735,1
69911858,Rua Giocondo,Ayrton Sena,7735,1
69911860,Rua Teotônio Vilela,Ayrton Sena,7735,1
69911862,Rua João Gomes,Ayrton Sena,7735,1
69911864,"Estrada Deputado José Rui da Silveira Lino, de 3797 ao fim - lado ímpar",Ayrton Sena,7735,1
69911866,"Estrada Deputado José Rui da Silveira Lino, de 3796 ao fim - lado par",Ayrton Sena,7735,1
69911868,"Rua João Amâncio, até 200/201",Ayrton Sena,7735,1
69911870,Rua Liberdade,Ayrton Sena,7735,1
69911872,Travessa 7 de Julho,Ayrton Sena,7735,1
69911874,Travessa Edmundo Pinto,Ayrton Sena,7735,1
69911876,Travessa Liberdade II,Ayrton Sena,7735,1
69911878,Rua Frei Thiago,Ayrton Sena,7735,1
69911880,"Rodovia Transacreana, até 713/714",Ayrton Sena,7735,1
69911882,Rua Martelo,Ayrton Sena,7735,1
69911970,"AC João Eduardo, Estrada Deputado José Rui da Silveira Lino, 564",Aeroporto Velho,7735,1
69912000,"Rua 26 de Junho, até 411/412",Sobral,7735,1
69912002,"Rua 26 de Junho, de 413/414 ao fim",Sobral,7735,1
69912004,Rua 3 de Agosto,Sobral,7735,1
69912006,Rua 11 de Dezembro,Sobral,7735,1
69912008,Rua 2 de Dezembro,Sobral,7735,1
69912010,Rua 5 de Junho,Sobral,7735,1
69912012,Rua 7 de Setembro,Sobral,7735,1
69912014,Rua Allan Victor,Sobral,7735,1
69912016,Rua 25 de Dezembro,Sobral,7735,1
69912018,Rua Doutor Vitor,Sobral,7735,1
69912022,"Rua do Sol, até 399/400",Sobral,7735,1
69912024,Rua Coral,Sobral,7735,1
69912026,Rua da Lua,Sobral,7735,1
69912028,Rua Adalberto Sena,Sobral,7735,1
69912030,Rua Ayrton Senna,Sobral,7735,1
69912032,Travessa Liberdade,Sobral,7735,1
69912050,Rua São José I,João Paulo,7735,1
69912052,Travessa Tiradentes,João Paulo,7735,1
69912054,Rua Sebastião Amâncio,João Paulo,7735,1
69912056,Travessa Juricaba,João Paulo,7735,1
69912058,"Rua João Amâncio, de 202/203 ao fim",João Paulo,7735,1
69912060,Rua Juricaba,João Paulo,7735,1
69912062,"Rua Tabosa, até 1299/1300",João Paulo,7735,1
69912120,"Rodovia Transacreana, de 715/716 a 1699/1700",Boa Vista,7735,1
69912122,Rua das Flores,Boa Vista,7735,1
69912124,Travessa Dolira Vasque,Boa Vista,7735,1
69912126,Rua dos Operários,Boa Vista,7735,1
69912128,Rua Orleir Cameli,Boa Vista,7735,1
69912130,Rua Major Gualter,Boa Vista,7735,1
69912132,Travessa Beija-flor,Boa Vista,7735,1
69912134,Rua Beija-flor,Boa Vista,7735,1
69912136,Rua do Futuro,Boa Vista,7735,1
69912138,Travessa Jerônimo,Boa Vista,7735,1
69912140,Rua São Batista,Boa Vista,7735,1
69912142,Travessa Torre,Boa Vista,7735,1
69912180,Rua Iolanda Lima,Plácido de Castro,7735,1
69912182,Rua João das Flores,Plácido de Castro,7735,1
69912184,Rua Mangueira,Plácido de Castro,7735,1
69912186,Rua Fortaleza,Plácido de Castro,7735,1
69912188,Rua 27 de Julho,Plácido de Castro,7735,1
69912190,Rua Beija-flor,Plácido de Castro,7735,1
69912192,Travessa 2 de Junho,Plácido de Castro,7735,1
69912194,Travessa João de Barros,Plácido de Castro,7735,1
69912196,Rua Geraldo Poersch,Plácido de Castro,7735,1
69912198,Rua Aluízio Bezerra,Plácido de Castro,7735,1
69912200,Rua Adalcides Galo,Plácido de Castro,7735,1
69912202,Rua Loé Ferreira,Plácido de Castro,7735,1
69912204,Rua Noemia Maia de Lima,Plácido de Castro,7735,1
69912206,Rua Wilson Ribeiro,Plácido de Castro,7735,1
69912208,Avenida Adalberto Sena,Plácido de Castro,7735,1
69912210,Rua Tucano,Plácido de Castro,7735,1
69912212,Rua Dourado,Plácido de Castro,7735,1
69912214,Rua Domingos de Medeiros,Plácido de Castro,7735,1
69912216,Rua Urbano Medeiros,Plácido de Castro,7735,1
69912218,Rua José do Vale,Plácido de Castro,7735,1
69912290,"Rodovia Transacreana, de 1701/1702 ao fim",Floresta Sul,7735,1
69912293,"Via Verde, de 3555/3556 a 99998/99999",Floresta Sul,7735,1
69912296,Rua Sabrina Silva,Floresta Sul,7735,1
69912299,Travessa Sabrina silva,Floresta Sul,7735,1
69912302,Rua Independência,Floresta Sul,7735,1
69912305,Rua Joca Ferreira Lima,Floresta Sul,7735,1
69912308,Rua da Associação Caixa Econômica,Floresta Sul,7735,1
69912311,Travessa Esmeralda,Floresta Sul,7735,1
69912314,Rua Diamante,Floresta Sul,7735,1
69912317,Rua Andiroba,Floresta Sul,7735,1
69912320,Rua Artesanato,Floresta Sul,7735,1
69912323,Rua Seoria Ferreira Lima,Floresta Sul,7735,1
69912326,Rua Antônio Anselmo,Floresta Sul,7735,1
69912329,Rua Antônio Rufino,Floresta Sul,7735,1
69912332,Rua José Machado,Floresta Sul,7735,1
69912335,Rua Júlio Gama,Floresta Sul,7735,1
69912338,Rua Raimundo Malaquias,Floresta Sul,7735,1
69912341,Rua Francisco Vieira,Floresta Sul,7735,1
69912344,Rua Donato Camelo,Floresta Sul,7735,1
69912347,Rua Jacy Rodrigues,Floresta Sul,7735,1
69912350,Rua Saulo,Floresta Sul,7735,1
69912353,Rua José Bonifácio da Silva,Floresta Sul,7735,1
69912356,"Via Verde, até 3553/3554",Floresta Sul,7735,1
69912359,Rua Timóteo de Souza,Floresta Sul,7735,1
69912362,Rua José Eusébio,Floresta Sul,7735,1
69912440,"Rua Tabosa, de 1301/1302 a 4299/4300",Floresta Sul,7735,1
69912443,"Estrada da Floresta, de 1901/1902 ao fim",Floresta Sul,7735,1
69912446,Travessa Timóteo de Souza,Floresta Sul,7735,1
69912449,Beco Juvenal,Floresta Sul,7735,1
69912452,"Estrada da Floresta, de 1209/1210 a 1899/1900",Floresta Sul,7735,1
69912455,Rua G,Floresta Sul,7735,1
69912458,Rua F,Floresta Sul,7735,1
69912461,Rua D,Floresta Sul,7735,1
69912464,Rua C,Floresta Sul,7735,1
69912467,Rua E,Floresta Sul,7735,1
69912470,Rua B,Floresta Sul,7735,1
69912473,Rua A,Floresta Sul,7735,1
69912476,Rua São Marcos,Floresta Sul,7735,1
69912479,Travessa Sucupira,Floresta Sul,7735,1
69912482,Travessa Buriti,Floresta Sul,7735,1
69912485,Rua Sucupira,Floresta Sul,7735,1
69912488,Rua Jutaí,Floresta Sul,7735,1
69912491,Travessa Sérgio Vale,Floresta Sul,7735,1
69912494,Rua Projetada 684,Floresta Sul,7735,1
69912497,Rua Caviana,Floresta Sul,7735,1
69912900,"Shopping Via Verde, Estrada da Floresta, 2320",Floresta Sul,7735,1
69914090,Rua Tiradentes,Vilage Tiradentes,7735,1
69914092,Rua Alfazema,Vilage Tiradentes,7735,1
69914094,Rua Vila Rica,Vilage Tiradentes,7735,1
69914096,Rua Ouro Preto,Vilage Tiradentes,7735,1
69914098,Rua Ana Gomes,Vilage Tiradentes,7735,1
69914100,Rua Pedro Neves,Vilage Tiradentes,7735,1
69914102,Rua Edmundo Roseno Pinto,Vilage Tiradentes,7735,1
69914104,Rua Sebastião Nunes da Silva,Vilage Tiradentes,7735,1
69914106,Rua São João Del Rei,Vilage Tiradentes,7735,1
69914260,Ramal Santa Maria,Waldemar Maciel,7735,1
69914262,Rua do Jasmim,Waldemar Maciel,7735,1
69914264,Rua das Rosas,Waldemar Maciel,7735,1
69914266,Rua das Avencas,Waldemar Maciel,7735,1
69914268,Rua Salvador,Waldemar Maciel,7735,1
69914270,Rua Pereira,Waldemar Maciel,7735,1
69914272,Rua Floresta,Waldemar Maciel,7735,1
69914274,Rua Maceió,Waldemar Maciel,7735,1
69914276,Rua São Luiz,Waldemar Maciel,7735,1
69914278,Rua Aracaju,Waldemar Maciel,7735,1
69914280,Rua Natal,Waldemar Maciel,7735,1
69914282,Rua José Fernandes,Waldemar Maciel,7735,1
69914284,Rua João Pessoa,Waldemar Maciel,7735,1
69914286,Rua Teresina,Waldemar Maciel,7735,1
69914288,Rua Porto Alegre,Waldemar Maciel,7735,1
69914290,Rua Belém,Waldemar Maciel,7735,1
69914292,Rua Fortaleza,Waldemar Maciel,7735,1
69914294,Rua Petrolina,Waldemar Maciel,7735,1
69914296,Rua Juazeiro,Waldemar Maciel,7735,1
69914298,Rua Olinda,Waldemar Maciel,7735,1
69914300,Rua Sergipe,Waldemar Maciel,7735,1
69914302,Travessa Aureliano Lopes,Waldemar Maciel,7735,1
69914304,Rua Raimundo Melo,Waldemar Maciel,7735,1
69914310,"Estrada do Calafate, de 3212 a 3516 - lado par",Calafate,7735,1
69914312,"Estrada do Calafate, de 3518 ao fim - lado par",Calafate,7735,1
69914314,Rua Maria José Domingos,Calafate,7735,1
69914316,Rua Maria Francisca Ribeiro,Calafate,7735,1
69914318,Rua Luiz Pereira,Calafate,7735,1
69914320,"Estrada do Calafate, de 3517 ao fim - lado ímpar",Calafate,7735,1
69914322,Travessa Calvário,Calafate,7735,1
69914324,"Estrada do Calafate, de 3213 a 3515 - lado ímpar",Calafate,7735,1
69914326,Travessa João Lopes,Calafate,7735,1
69914328,Rua Porto Acre,Calafate,7735,1
69914330,Travessa Israel Lira,Calafate,7735,1
69914332,Rua da Alegria,Calafate,7735,1
69914334,Rua Rondônia,Calafate,7735,1
69914336,Travessa Santa Rosa,Calafate,7735,1
69914338,Rua São João,Calafate,7735,1
69914340,Rua Brasiléia,Calafate,7735,1
69914342,Rua 7 de Julho,Calafate,7735,1
69914344,Rua Marcília,Calafate,7735,1
69914346,Rua Jesus,Calafate,7735,1
69914348,Rua do Buriti,Calafate,7735,1
69914350,Travessa do Buriti,Calafate,7735,1
69914352,Rua Bom Jesus,Calafate,7735,1
69914354,Travessa Bom Jesus,Calafate,7735,1
69914356,Rua Benjamin Constant,Calafate,7735,1
69914358,Rua Mizael Martins,Calafate,7735,1
69914360,Rua Chico Mendes,Calafate,7735,1
69914362,Rua Madeireira,Calafate,7735,1
69914364,Rua Brasil,Calafate,7735,1
69914366,Rua da Amizade,Calafate,7735,1
69914368,Rua 12,Calafate,7735,1
69914370,Rua Gilson Nogueira Barros,Calafate,7735,1
69914372,Rua Nossa Senhora de Fátima,Calafate,7735,1
69914374,Rua Cruzeiro do Sul,Calafate,7735,1
69914376,Travessa da Paz,Calafate,7735,1
69914378,Rua Palmeira,Calafate,7735,1
69914470,Rua Jerusalém,Conjunto Laélia Alcântara,7735,1
69914472,Rua 25 de Dezembro,Conjunto Laélia Alcântara,7735,1
69914474,Rua Plácido de Castro,Conjunto Laélia Alcântara,7735,1
69914476,Rua São Pedro,Conjunto Laélia Alcântara,7735,1
69914478,Rua Primavera,Conjunto Laélia Alcântara,7735,1
69914480,Rua Mário Maia,Conjunto Laélia Alcântara,7735,1
69914482,Rua Benjamin,Conjunto Laélia Alcântara,7735,1
69914484,Rua Osvaldo Miranda,Conjunto Laélia Alcântara,7735,1
69914486,Rua Flamengo,Conjunto Laélia Alcântara,7735,1
69914520,Rua Foca,Ilson Ribeiro,7735,1
69914523,Rua Rua Raimundo Ferreira,Ilson Ribeiro,7735,1
69914526,Rua Beija Flor,Ilson Ribeiro,7735,1
69914529,Rua Coelho,Ilson Ribeiro,7735,1
69914532,Rua Dromedário,Ilson Ribeiro,7735,1
69914535,Rua Ema,Ilson Ribeiro,7735,1
69914538,Rua Quatipuru,Ilson Ribeiro,7735,1
69914541,Rua Iguana,Ilson Ribeiro,7735,1
69914544,Rua Sanhaçu,Ilson Ribeiro,7735,1
69914547,Rua Hiena,Ilson Ribeiro,7735,1
69914550,Rua João de Barro,Ilson Ribeiro,7735,1
69914553,Rua Papagaio,Ilson Ribeiro,7735,1
69914556,Rua Uirapuru,Ilson Ribeiro,7735,1
69914559,Rua Lince,Ilson Ribeiro,7735,1
69914562,Rua Mico Leão,Ilson Ribeiro,7735,1
69914565,Rua Saracura,Ilson Ribeiro,7735,1
69915000,"Rua Isaura Parente, de 2601 ao fim - lado ímpar",Conjunto Tangará,7735,1
69915002,Rua Dourado,Conjunto Tangará,7735,1
69915004,Rua São Lázaro,Conjunto Tangará,7735,1
69915006,Travessa das Rosas,Conjunto Tangará,7735,1
69915008,Travessa do Lanche,Conjunto Tangará,7735,1
69915010,Travessa Brilhante,Conjunto Tangará,7735,1
69915012,Rua Brilhante,Conjunto Tangará,7735,1
69915014,Avenida Edmundo Pinto,Conjunto Tangará,7735,1
69915016,Rua São Francisco,Conjunto Tangará,7735,1
69915018,Travessa José Rodrigues,Conjunto Tangará,7735,1
69915020,Rua Edmundo Pinto,Conjunto Tangará,7735,1
69915022,Rua 7 de Setembro,Conjunto Tangará,7735,1
69915024,Rua São Raimundo,Conjunto Tangará,7735,1
69915026,Rua Maria da Conceição,Conjunto Tangará,7735,1
69915028,Rua Longuinho da Silva,Conjunto Tangará,7735,1
69915030,"Avenida Ceará, de 4456 ao fim - lado par",Conjunto Tangará,7735,1
69915032,Rua dos Engenheiros,Conjunto Tangará,7735,1
69915034,"Avenida Ceará, de 4457 ao fim - lado ímpar",Conjunto Tangará,7735,1
69915060,Rua do Ciclista,Loteamento Ipanema,7735,1
69915064,Rua Cabo Frio,Loteamento Ipanema,7735,1
69915066,Rua Angra dos Reis,Loteamento Ipanema,7735,1
69915068,Rua Búzios,Loteamento Ipanema,7735,1
69915070,Rua Saquarema,Loteamento Ipanema,7735,1
69915072,Rua do Pedestre,Loteamento Ipanema,7735,1
69915110,Rua Montreal II,Conjunto Esperança,7735,1
