49089309,Rua P (Jd Bahia II),Soledade,521,25
49089312,Rua Q (Jd Bahia II),Soledade,521,25
49089315,Rua B1 (Jd Bahia II),Soledade,521,25
49089320,Rua Um (Res Vle do Sol),Soledade,521,25
49089323,Rua Dois (Res Vle do Sol),Soledade,521,25
49089326,Rua Três (Res Vle do Sol),Soledade,521,25
49089329,Rua Quatro (Res Vle do Sol),Soledade,521,25
49089332,Rua Cinco (Res Vle do Sol),Soledade,521,25
49089335,Rua Seis (Res Vle do Sol),Soledade,521,25
49089338,Rua Sete (Res Vle do Sol),Soledade,521,25
49089341,Rua Oito (Res Vle do Sol),Soledade,521,25
49089350,Rua A (Lot Mte Belo),Soledade,521,25
49089353,Rua B (Lot Mte Belo),Soledade,521,25
49089356,Rua C (Lot Mte Belo),Soledade,521,25
49089359,Rua D (Lot Mte Belo),Soledade,521,25
49089362,Rua E (Lot Mte Belo),Soledade,521,25
49089365,Rua F (Lot Mte Belo),Soledade,521,25
49089368,Rua H (Lot Mte Belo),Soledade,521,25
49089371,Travessa A (Lot Mte Belo),Soledade,521,25
49089374,Travessa B (Lot Mte Belo),Soledade,521,25
49089380,Rua A (Lot Rosa do Sol),Soledade,521,25
49089383,Rua B (Lot Rosa do Sol),Soledade,521,25
49089386,Rua F (Lot Rosa do Sol),Soledade,521,25
49089389,Rua C (Lot Rosa do Sol),Soledade,521,25
49089392,Rua G (Lot Rosa do Sol),Soledade,521,25
49089398,Rua E (Lot Rosa do Sol),Soledade,521,25
49089401,Rua H (Lot Rosa do Sol),Soledade,521,25
49089403,Rua I (Lot Rosa do Sol),Soledade,521,25
49089406,Rua J (Lot Rosa do Sol),Soledade,521,25
49089409,Rua L (Lot Rosa do Sol),Soledade,521,25
49089412,Avenida A (Lot Rosa do Sol),Soledade,521,25
49089415,Avenida B (Lot Rosa do Sol),Soledade,521,25
49089426,Rua C (Lot Isabel Martins),Soledade,521,25
49089429,Rua D (Lot Isabel Martins),Soledade,521,25
49089432,Rua E (Lot Isabel Martins),Soledade,521,25
49089435,Rua F (Lot Isabel Martins),Soledade,521,25
49089438,Rua G (Lot Isabel Martins),Soledade,521,25
49089441,Rua H (Lot Isabel Martins),Soledade,521,25
49089444,Rua I (Lot Isabel Martins),Soledade,521,25
49089447,Rua J (Lot Isabel Martins),Soledade,521,25
49089450,Rua P (Lot Isabel Martins),Soledade,521,25
49089453,Rua M (Lot Isabel Martins),Soledade,521,25
49089456,Rua N (Lot Isabel Martins),Soledade,521,25
49089459,Rua O (Lot Isabel Martins),Soledade,521,25
49090000,Avenida Poço do Mero,Bugio,521,25
49090020,Rua Bela Vista,Jardim Centenário,521,25
49090023,Rua Herbert José de Souza,Jardim Centenário,521,25
49090026,Rua B (Lot Olaria),Jardim Centenário,521,25
49090030,Rua Carivaldo Lima,Bugio,521,25
49090033,Rua G (Cj Bugio III),Bugio,521,25
49090036,Travessa B (Lot Estrela do Oriente),Bugio,521,25
49090040,Avenida Centenário,Bugio,521,25
49090050,Rua Coronel Ernani Carvalho Menezes,Bugio,521,25
49090060,Rua Coronel Amaury Vieira,Bugio,521,25
49090065,Rua Aristóteles P de Almeida,Bugio,521,25
49090070,Rua Francisco Cardoso de Oliveira,Bugio,521,25
49090073,Rua B4 (Cj Bugio III),Bugio,521,25
49090080,Rua Guilhermino José Barbosa,Bugio,521,25
49090090,Rua Hormezinda dos Santos,Jardim Centenário,521,25
49090093,Rua Antônio Farias Costa,Jardim Centenário,521,25
49090096,Rua B (Lot Nova Liberdade II),Jardim Centenário,521,25
49090099,Rua C (Lot Nova Liberdade II),Jardim Centenário,521,25
49090100,Rua Manoel Vieira de Melo,Jardim Centenário,521,25
49090106,Rua Um (Lot Nova Liberdade II),Jardim Centenário,521,25
49090109,Rua Dois (Lot Nova Liberdade II),Jardim Centenário,521,25
49090113,Rua Laudelino dos Santos,Jardim Centenário,521,25
49090116,Rua Quatro (Lot Nova Liberdade II),Jardim Centenário,521,25
49090120,Travessa Capitão Machado,Bugio,521,25
49090123,Rua H (Lot Estrela do Oriente),Bugio,521,25
49090126,Rua I (Lot Estrela do Oriente),Bugio,521,25
49090129,Rua J (Lot Estrela do Oriente),Bugio,521,25
49090132,Rua A4 (Lot Estrela do Oriente),Bugio,521,25
49090135,Rua B (Lot Estrela do Oriente),Bugio,521,25
49090140,Rua Carmelita Góes,Bugio,521,25
49090150,Rua Luiz Alberto Moura,Bugio,521,25
49090160,Rua Aparecida Góes,Bugio,521,25
49090170,Rua Laudelino José dos Santos,Bugio,521,25
49090180,Rua Maria Souza Rosa,Bugio,521,25
49090190,Rua Maroca Fonseca,Bugio,521,25
49090193,Rua Luiz Pedro Silva,Bugio,521,25
49090196,Rua Eurídice Mota Santa Rosa,Bugio,521,25
49090210,Rua Nelson Maynard,Bugio,521,25
49090220,Rua Neusisse Pereira,Bugio,521,25
49090223,Rua F,Bugio,521,25
49090230,Rua A (Lot Anchietão),Bugio,521,25
49090233,Rua B (Lot Anchietão),Bugio,521,25
49090236,Rua A3 (Lot Anchietão),Bugio,521,25
49090240,Rua Professor Gileno de Freitas,Bugio,521,25
49090250,Rua Radialista José da Silva Lima,Jardim Centenário,521,25
49090253,Rua Seis (Lot Nova Liberdade II),Jardim Centenário,521,25
49090256,Rua Sete (Lot Nova Liberdade II),Jardim Centenário,521,25
49090259,Rua Oito (Lot Nova Liberdade II),Jardim Centenário,521,25
49090260,Rua Ronaldo Calumbi Barreto,Bugio,521,25
49090263,Rua Nossa Senhora Aparecida,Bugio,521,25
49090266,Rua Jaime José dos Santos,Bugio,521,25
49090270,Avenida Santa Gleide,Jardim Centenário,521,25
49090273,Rua Nove (Lot Nova Liberdade II),Jardim Centenário,521,25
49090276,Avenida Canal II,Jardim Centenário,521,25
49090279,Avenida Canal I,Jardim Centenário,521,25
49090280,Rua Valdeci Santos,Jardim Centenário,521,25
49090283,Rua Gilvam Garangau,Jardim Centenário,521,25
49090289,Rua Enézio Pinto Filho,Jardim Centenário,521,25
49090290,Rua L,Jardim Centenário,521,25
49090293,Travessa Um (Lot Nova Liberdade II),Jardim Centenário,521,25
49090296,Travessa Três (Lot Nova Liberdade II),Jardim Centenário,521,25
49090300,Praça Vereador Osvaldo Mendonça,Bugio,521,25
49090310,Praça Zedeclias da Silva Lemos,Bugio,521,25
49090320,Rua Jornalista Antônio Carlos Mendonça,Bugio,521,25
49090323,Travessa B1 (Cj Bugio III),Bugio,521,25
49090326,Travessa B2 (Cj Bugio III),Bugio,521,25
49090329,Travessa B3 (Cj Bugio III),Bugio,521,25
49090330,Travessa Major José Fonseca,Bugio,521,25
49090340,Rua Marinês Aruba Santos,Bugio,521,25
49090346,Travessa Ana Célia,Bugio,521,25
49090356,Rua Aurélio Buarque de Holanda Ferreira,Jardim Centenário,521,25
49090360,Rua Marques Leite Silva,Bugio,521,25
49090370,Rua Antônio Ventura Santos,Bugio,521,25
49090380,Rua Carmelita Soares da Silva,Jardim Centenário,521,25
49090383,Travessa F2,Jardim Centenário,521,25
49090386,Travessa F3,Jardim Centenário,521,25
49090389,Travessa Manoel Vieira Melo,Jardim Centenário,521,25
49090390,Rua Cabo Nivaldo Gomes da Silva,Bugio,521,25
49090393,Rua Beira-Mar,Bugio,521,25
49090396,Travessa Beira Rio,Bugio,521,25
49090400,Rua José Barbosa de Carvalho,Bugio,521,25
49090403,Travessa Zeca Dantas,Bugio,521,25
49090410,Travessa A1 (Lot Joel Nascimento),Bugio,521,25
49090413,Rua B (Lot Joel Nascimento),Bugio,521,25
49090416,Rua C (Lot Joel Nascimento),Bugio,521,25
49090419,Rua D (Lot Joel Nascimento),Bugio,521,25
49090420,Rua Danteia Bezerra Melo,Bugio,521,25
49090430,Rua João de Deus Oliveira,Jardim Centenário,521,25
49090440,Rua Maria Vitalina de Argolo,Bugio,521,25
49090450,Rua Pedro Alcântara Carvalho,Bugio,521,25
49090460,Rua Pedro de Medeiros Chaves,Bugio,521,25
49090470,Rua Valdemar Francisco das Chagas,Bugio,521,25
49090473,Rua C4 (Cj Bugio III),Bugio,521,25
49090476,Rua Geny da Silva Dias,Bugio,521,25
49090479,Rua K (Lot Estrela do Oriente),Bugio,521,25
49090480,Rua Comércio 1,Bugio,521,25
49090490,Rua Santa Clara,Jardim Centenário,521,25
49090493,Rua A (Res Amintas Garcez),Jardim Centenário,521,25
49090496,Rua B (Res Amintas Garcez),Jardim Centenário,521,25
49090499,Rua C (Res Amintas Garcez),Jardim Centenário,521,25
49090500,Rua Laudelino Raimundo Santos Filho,Jardim Centenário,521,25
49090503,Rua Paulo Oliveira Rocha,Jardim Centenário,521,25
49090506,Rua Terezinha Macedo,Jardim Centenário,521,25
49090510,Rua José Alves Santos,Bugio,521,25
49090513,Rua I3,Bugio,521,25
49090520,Rua Faustina Araújo Lima,Bugio,521,25
49090523,Travessa Projetada A,Bugio,521,25
49090530,Rua Severino Rodrigues Sobrinho,Bugio,521,25
49090533,Travessa C (Cj Bugio III),Bugio,521,25
49090536,Travessa dos Pescadores,Bugio,521,25
49090540,Rua José Gilvando Carvalho,Bugio,521,25
49090543,Rua Beira Rio (Lot Estrela do Oriente),Bugio,521,25
49090546,Travessa Beira Rio (Lot Estrela do Oriente),Bugio,521,25
49090549,Rua João dos Santos Cunha,Bugio,521,25
49090550,Rua Juvêncio Hilário de Santana,Bugio,521,25
49090556,Rua E (Cj Bugio III),Bugio,521,25
49090560,Rua C2,Bugio,521,25
49090563,Rua F (Cj Bugio III),Bugio,521,25
49090566,Rua D (Cj Bugio III),Bugio,521,25
49090570,Rua C3,Bugio,521,25
49090580,Rua Comércio 5,Jardim Centenário,521,25
49090620,Rua Cleovansóstenes dos Santos,Bugio,521,25
49090630,Rua Jacy Andrade de Jesus,Bugio,521,25
49090650,Rua E1,Bugio,521,25
49090660,Rua Maria Vieira Santos,Bugio,521,25
49090680,Rua Maria Sales Rodrigues,Bugio,521,25
49090710,Rua F1,Bugio,521,25
49090720,Rua Denisson Xavier de Andrade,Bugio,521,25
49090730,Rua Adalto Barbosa da Costa,Bugio,521,25
49090733,Rua Maria Lúcia Goés,Bugio,521,25
49090736,Travessa Maria Lúcia Góes,Bugio,521,25
49090750,Rua Jehovah Ribeiro Couto,Jardim Centenário,521,25
49090760,Rua Antônio José da Conceição,Jardim Centenário,521,25
49090763,Rua Sabino Vasconcelos Santos,Jardim Centenário,521,25
49090780,Rua Plácido Lima Teles,Bugio,521,25
49090783,Travessa Manoel Messias,Bugio,521,25
49090786,Travessa Manoel Messias I,Bugio,521,25
49090789,Travessa Manoel Messias II,Bugio,521,25
49090792,Travessa Adilson Matos,Bugio,521,25
49090800,Rua José Olímpio dos Santos,Jardim Centenário,521,25
49090810,Rua José Armando Costa,Bugio,521,25
49090821,Rua F (Lot Ângela Catarina),Jardim Centenário,521,25
49090823,Rua São Maurício,Jardim Centenário,521,25
49090826,Rua Deoclides Vasconcelos,Jardim Centenário,521,25
49090829,Rua Parteira Ana Santos,Jardim Centenário,521,25
49090830,Avenida José de Oliveira Guedes,Bugio,521,25
49090840,Rua Professora Maria Valdete G. Santos,Jardim Centenário,521,25
49091020,Rua Vereador José Ferreira de Melo,Bugio,521,25
49091030,Rua I4,Bugio,521,25
49091040,Avenida Matadouro,Jardim Centenário,521,25
49091043,Rua Manoel de Oliveira França,Jardim Centenário,521,25
49091046,Rua Pedro Vitor da Cruz,Jardim Centenário,521,25
49091049,Rua Levi Alves Nogueira,Jardim Centenário,521,25
49091050,Rua Natália de Melo Andrade,Bugio,521,25
49091080,Rua Ezequias Pinto dos Santos,Bugio,521,25
49091090,Rua Manoel André dos Santos,Bugio,521,25
49091103,Travessa Anchieta,Bugio,521,25
49091106,Rua B (Lot Anchieta),Bugio,521,25
49091109,Rua Beira Rio,Bugio,521,25
49091112,Rua C (Lot Anchieta),Bugio,521,25
49091120,Rua Maria Santana,Bugio,521,25
49091200,Travessa Marcos Tourinho,Bugio,521,25
49092010,Rua João Passos,Olaria,521,25
49092020,Rua José Rivaldo Souza Góes,Olaria,521,25
49092030,Rua Francisco Xavier da Paixão,Olaria,521,25
49092040,Rua Joana Maria dos Prazeres,Olaria,521,25
49092050,Rua Manoel Carlos de Jesus,Olaria,521,25
49092060,Rua Wellington Paixão,Olaria,521,25
49092070,Rua Alexandre Bispo de Andrade,Olaria,521,25
49092080,Rua Maria Francisca Guedes,Olaria,521,25
49092090,Rua Maria Celestina da Paixão,Olaria,521,25
49092100,Rua Santa Rita,Olaria,521,25
49092110,Rua Irmã Dulce,Olaria,521,25
49092120,Rua Nossa Senhora das Candeias,Olaria,521,25
49092130,Rua Joana de Angelis,Olaria,521,25
49092140,Rua Tânia da Mota Paixão,Olaria,521,25
49092150,Rua Eduardo Honório de Souza,Olaria,521,25
49092160,Rua Jerusalém,Olaria,521,25
49092163,Travessa Jerusalém,Olaria,521,25
49092170,Rua Jorge Joaquim Santana,Olaria,521,25
49092180,Rua Presidente Jânio Quadros,Olaria,521,25
49092190,Travessa Santa Gleide,Olaria,521,25
49092200,Travessa João Passos,Olaria,521,25
49092210,Travessa Francisco Xavier,Olaria,521,25
49092213,Rua Santa Terezinha,Olaria,521,25
49092216,Travessa Santa Terezinha,Olaria,521,25
49092220,Travessa Manoel Carlos de Jesus,Olaria,521,25
49092230,Travessa Wellington Paixão,Olaria,521,25
49092240,Travessa São Paulo,Olaria,521,25
49092250,Rua São Paulo,Olaria,521,25
49092260,Travessa Eduardo Honório de Souza,Olaria,521,25
49092270,Travessa Dezoito de Maio,Olaria,521,25
49092273,Rua Dezoito de Maio,Olaria,521,25
49092280,Travessa Alexandre Bispo de Andradre,Olaria,521,25
49092290,Travessa Jânio Quadros I,Olaria,521,25
49092300,Travessa Jânio Quadros II,Olaria,521,25
49092310,Travessa Joana de Angelis,Olaria,521,25
49092320,Travessa Nossa Senhora das Candeias,Olaria,521,25
49092330,Travessa Maria Francisca Guedes,Olaria,521,25
49092345,Travessa Manuel Muniz,Olaria,521,25
49092350,Rua Avanir Lima Freitas,Olaria,521,25
49092353,Travessa Santa Maria,Olaria,521,25
49092360,Rua Maria Inês Santos,Olaria,521,25
49092362,Travessa Maria Inês Santos,Olaria,521,25
49092370,Travessa Avanir Lima Freitas,Olaria,521,25
49092380,Rua Sônia Regina Araújo dos Santos,Olaria,521,25
49092410,Rua Professora Nair Porto,Olaria,521,25
49092420,Rua Djalmira Freitas,Olaria,521,25
49092430,Rua Simone Lima Freire,Olaria,521,25
49092440,Rua José Procópio,Olaria,521,25
49092450,Avenida Maria Fonseca de Moraes,Olaria,521,25
49092470,Rua Pedro Moura,Olaria,521,25
49092473,Travessa B (Veneza II),Olaria,521,25
49092490,Rua Contorno,Olaria,521,25
49092510,Rua Evangelino da Paixão,Olaria,521,25
49092520,Rua Idalício Soares,Olaria,521,25
49092530,Rua João Ferreira Lima,Olaria,521,25
49092545,"Avenida Chanceler Osvaldo Aranha, de 2 ao fim - lado par",Olaria,521,25
49092550,Rua Eulina Lima dos Santos,Olaria,521,25
49092560,Praça Josefa Nunes,Olaria,521,25
49092570,Rua Um (Cj Mª do Carmo I),Olaria,521,25
49092573,Rua Dois (Cj Mª do Carmo I),Olaria,521,25
49092576,Rua Três (Cj Mª do Carmo I),Olaria,521,25
49092579,Rua Quatro (Cj Mª do Carmo I),Olaria,521,25
49092582,Rua Cinco (Cj Mª do Carmo I),Olaria,521,25
49092585,Rua Seis (Cj Mª do Carmo I),Olaria,521,25
49092588,Rua Sete (Cj Mª do Carmo I),Olaria,521,25
49092591,Rua Jacira Maria da Conceição Alves,Olaria,521,25
49092594,Rua Nove (Cj Mª do Carmo I),Olaria,521,25
49092597,Rua Um (Cj Mª do Carmo II),Olaria,521,25
49092600,Rua Dois (Cj Mª do Carmo II),Olaria,521,25
49092603,Rua Três (Cj Mª do Carmo II),Olaria,521,25
49092606,Rua Quatro (Cj Mª do Carmo II),Olaria,521,25
49092609,Rua Cinco (Cj Mª do Carmo II),Olaria,521,25
49092612,Rua Seis (Cj Mª do Carmo II),Olaria,521,25
49092615,Rua Sete (Cj Mª do Carmo II),Olaria,521,25
49092618,Rua Oito (Cj Mª do Carmo I),Olaria,521,25
49092624,Rua Dez (Cj Mª do Carmo II),Olaria,521,25
49092627,Rua Onze (Cj Mª do Carmo II),Olaria,521,25
49092630,Rua Doze (Cj Mª do Carmo II),Olaria,521,25
49092633,Rua Treze (Cj Mª do Carmo II),Olaria,521,25
49092636,Rua Quatorze (Cj Mª do Carmo II),Olaria,521,25
49092639,Rua Quinze (Cj Mª do Carmo II),Olaria,521,25
49092642,Rua Dezesseis (Cj Mª do Carmo II),Olaria,521,25
49092645,Rua Dezessete (Cj Mª do Carmo II),Olaria,521,25
49092648,Rua Dezoito (Cj Mª do Carmo II),Olaria,521,25
49092651,Travessa Canal,Olaria,521,25
49092654,Rua Canal I (Cj Mª do Carmo II),Olaria,521,25
49092657,Travessa A (Cj Mª do Carmo I),Olaria,521,25
49092660,Rua A (Lot Nova Liberdade I),Olaria,521,25
49092663,Rua B (Lot Nova Liberdade I),Olaria,521,25
49092666,Travessa A1 (Lot Nova Liberdade I),Olaria,521,25
49092669,Travessa B (Lot Nova Liberdade I),Olaria,521,25
49092672,Rua C (Lot Nova Liberdade I),Olaria,521,25
49092673,Travessa E (Lot Nova Liberdade I),Olaria,521,25
49092675,Avenida Canal (Lot Nova Liberdade I),Olaria,521,25
49092678,Rua Canal II (Lot Nova Liberdade I),Olaria,521,25
49092690,Rua Um (Lot Portal de Aju),Olaria,521,25
49092693,Avenida Central,Olaria,521,25
49092696,Rua Três (Lot Portal de Aju),Olaria,521,25
49092699,Rua A (Cj Mª do Carmo),Olaria,521,25
49092702,Rua B (Cj Mª do Carmo),Olaria,521,25
49092705,Rua C (Cj Mª do Carmo),Olaria,521,25
49092708,Travessa A (Lot Nova Liberdade I),Olaria,521,25
49092711,Travessa C (Lot Nova Liberdade I),Olaria,521,25
49092714,Travessa D (Lot Nova Liberdade I),Olaria,521,25
49092717,Avenida Canal 4,Olaria,521,25
49092720,Avenida Canal 5,Olaria,521,25
49094970,"AC Terminal Rodoviário, Avenida Presidente Tancredo Neves, s/n",Jabotiana,521,25
49095000,"Avenida Presidente Tancredo Neves, de 2697 a 5655 - lado ímpar",Jabotiana,521,25
49095010,Rua Accioly Porto,Jabotiana,521,25
49095020,Rua Álvaro Rodrigues,Jabotiana,521,25
49095030,Rua Antônio Alves Aragão,Jabotiana,521,25
49095040,Rua Antônio do Nascimento Rodrigues,Jabotiana,521,25
49095050,Rua Antônio Dória da Silva,Jabotiana,521,25
49095060,Rua Antônio Oliveira Lima,Jabotiana,521,25
49095070,Avenida Antônio Severiano de Assis,Jabotiana,521,25
49095080,Rua Doutor Humberto Mourão Guimarães,Jabotiana,521,25
49095090,Rua Doutor Joaquim Ribeiro Chaves,Jabotiana,521,25
49095100,Avenida Farmacêutica Cezartina Régis,Jabotiana,521,25
49095110,Rua Felisbelo Gomes dos Santos,Jabotiana,521,25
49095130,Rua Flodualdo Rodrigues Dória,Jabotiana,521,25
49095140,Rua Francisco de Paula Silva,Jabotiana,521,25
49095150,Rua Gervásio Pereira de Almeida,Jabotiana,521,25
49095160,Rua João Batista Freire,Jabotiana,521,25
49095170,Rua João Leal Soares,Jabotiana,521,25
49095173,Rua B (Jd das Delícias),Jabotiana,521,25
49095180,Rua João Ouro,Jabotiana,521,25
49095185,Praça Antônio Teixeira,Jabotiana,521,25
49095190,Rua José Pacheco,Jabotiana,521,25
49095200,Parque Juscelino Kubitschek,Jabotiana,521,25
49095210,Rua Patrulheiro Carlos Gonçalves Santos,Jabotiana,521,25
49095220,Rua Luiz Vieira Ramos,Jabotiana,521,25
49095230,Rua Major João Teles,Jabotiana,521,25
49095240,Rua Maria do Carmo Andrade Costa,Jabotiana,521,25
49095250,Rua Martins Barros,Jabotiana,521,25
49095260,Rua Professora Maria Esther Lima Tavares,Jabotiana,521,25
49095270,Rua Nicanor Teles de Andrade,Jabotiana,521,25
49095280,Rua A (Anexo IV),Jabotiana,521,25
49095283,Rua B (Anexo IV),Jabotiana,521,25
49095286,Rua C (Anexo IV),Jabotiana,521,25
49095290,Rua Patrulheiro Fausto Elói dos Santos,Jabotiana,521,25
49095300,Rua Patrulheiro José Garcez de Andrade,Jabotiana,521,25
49095310,Rua Patrulheiro Pedro Leite de Oliveira,Jabotiana,521,25
49095320,Rua Patrulheiro Rodoviário,Jabotiana,521,25
49095330,Rua Paulo César Novais,Jabotiana,521,25
49095340,Rua Professor Franco Freire,Jabotiana,521,25
49095350,Rua Professor Henrique Souza,Jabotiana,521,25
49095360,Rua Professor José Antônio da Costa Melo,Jabotiana,521,25
49095362,Rua Vinte e Seis (Cj JK),Jabotiana,521,25
49095370,Rua Professor Ruy Eloy,Jabotiana,521,25
49095380,Rua Sargento Helles Nunes Oliveira,Jabotiana,521,25
49095400,Rua Antônio Cabral Tavares,Jabotiana,521,25
49095410,Rua Carteiro Enock Cortes,Jabotiana,521,25
49095420,Rua Gilberto Teles de Menezes,Jabotiana,521,25
49095430,Rua João de Souza Leal,Jabotiana,521,25
49095440,Rua Poeta Roberto Mozart,Jabotiana,521,25
49095450,Rua José Carlos Barbosa de Faro,Jabotiana,521,25
49095460,Praça Iselte Fernandes Azevedo,Jabotiana,521,25
49095480,Rua Luiz Carlos de Aguiar Machado,Jabotiana,521,25
49095490,Rua Bosco Seabra,Jabotiana,521,25
49095520,Rua Oswaldo Garavini,Jabotiana,521,25
49095530,Rua José Pereira de Souza,Jabotiana,521,25
49095540,Rua Josadack Albuquerque,Jabotiana,521,25
49095545,Avenida Rio Poxim,Jabotiana,521,25
49095550,Rua Érico Alves dos Santos,Jabotiana,521,25
49095560,Rua Temístocles Diniz Gonçalves,Jabotiana,521,25
49095570,Rua Ubaldo Vitorino,Jabotiana,521,25
49095580,Rua Ana Cristina Matheus Silva,Jabotiana,521,25
49095590,Avenida Coronel Sizino da Rocha,Jabotiana,521,25
49095595,Avenida Real,Jabotiana,521,25
49095600,Rua Professor Oscar Vasconcelos,Jabotiana,521,25
49095603,Rua A (Anexo III),Jabotiana,521,25
49095610,Rua Raul Ribeiro Nunes,Jabotiana,521,25
49095615,Rua A (Anexo I),Jabotiana,521,25
49095618,Rua A (Anexo II),Jabotiana,521,25
49095620,Rua Oziel Dória,Jabotiana,521,25
49095630,Rua Paulo Rocha Novaes,Jabotiana,521,25
49095640,Travessa Margarida Maria Silva Dantas,Jabotiana,521,25
49095650,Avenida Escritor Graciliano Ramos,Jabotiana,521,25
49095660,Rua Hortência Carvalho Sobral,Jabotiana,521,25
49095670,Rua George Melo de Oliveira,Jabotiana,521,25
49095680,Rua Promotor João Maynard Barreto,Jabotiana,521,25
49095690,Rua Procurador Laurindo Alves Campos,Jabotiana,521,25
49095700,Rua Promotor Genésio Cavalcante Fróes,Jabotiana,521,25
49095710,Rua Promotor Alisson Porto,Jabotiana,521,25
49095720,Rua Melchisedeck da Graça Fernandes,Jabotiana,521,25
49095730,Rua Décio Garcez,Jabotiana,521,25
49095740,Praça Agrinaldo Campos Lira,Jabotiana,521,25
49095750,Avenida Laurindo dos Santos,Jabotiana,521,25
49095760,Rua Estudante Jailton Mário O. da Silva,Jabotiana,521,25
49095770,Praça José Ariel Rabelo de Almeida,Jabotiana,521,25
49095780,Rua Jasiel de Brito Côrtes,Jabotiana,521,25
49095783,Rua Antônio José dos Santos,Jabotiana,521,25
49095786,Rua Josefina Ribeiro de Carvalho,Jabotiana,521,25
49095789,Rua E (Via Solares),Jabotiana,521,25
49095790,Avenida Marechal Cândido Mariano da Silva Rondon (Lado Par),Jabotiana,521,25
49095793,Rua Fátima Maria Chagas,Jabotiana,521,25
49095796,Rua João Gêniton da Costa,Jabotiana,521,25
49095799,Rua Projetada 3 (Conds Esplendor/Specialle),Jabotiana,521,25
49095800,Rua Luiz Antônio Silveira Teixeira,Jabotiana,521,25
49095820,Rua Antônio Nascimento Rodrigues,Jabotiana,521,25
49095830,Rua B (Lrg Aparecida),Jabotiana,521,25
49095833,Rua C (Lrg Aparecida),Jabotiana,521,25
49095836,Rua José Bezerra Nascimento,Jabotiana,521,25
49095839,Rua E (Lrg Aparecida),Jabotiana,521,25
49095840,Rua Contorno F,Jabotiana,521,25
49096010,Rua I (Lot Cramol),Jabotiana,521,25
49096020,Estrada da Cabrita,Jabotiana,521,25
49096040,Rua Jovina Santana,Jabotiana,521,25
49096060,Rua Hilda Arcanjo Santos,Jabotiana,521,25
49096070,Rua Arthur Carvalho,Jabotiana,521,25
49096080,Rua Trinta (Cj JK),Jabotiana,521,25
49096090,Rua José Rosendo Fontes Teles,Jabotiana,521,25
49096100,Rua Trinta e Sete (Cj JK),Jabotiana,521,25
49096110,Rua Trinta e Um (Cj JK),Jabotiana,521,25
49096120,Travessa Trinta e Um de Março (Cj Sol Nascente),Jabotiana,521,25
49096130,Rua Professora Ivete Piassá Fernandes Reis,Jabotiana,521,25
49096135,Rua Jairo Piassá Fernandes,Jabotiana,521,25
49096140,Rua Maria Helena Mandarino,Jabotiana,521,25
49096150,Rua Vinte e Cinco (Cj JK),Jabotiana,521,25
49096170,Rua D (Lrg Aparecida),Jabotiana,521,25
49096173,Rua F (Lrg Aparecida),Jabotiana,521,25
49096190,Travessa Quatro (Cj Sta Lúcia),Jabotiana,521,25
49096200,Rua Edmundo da Silveira Coelho,Jabotiana,521,25
49096210,Rua Vinte e Sete (Cj JK),Jabotiana,521,25
49096230,Rua B (Lot Morada Oliveiras),Jabotiana,521,25
49096233,Rua C1 (Lot Morada Oliveiras),Jabotiana,521,25
49096236,Rua D (Lot Morada Oliveiras),Jabotiana,521,25
49096239,Rua E (Lot Morada Oliveiras),Jabotiana,521,25
49096241,Rua F (Lot Morada Oliveiras),Jabotiana,521,25
49096243,Rua G (Lot Morada Oliveiras),Jabotiana,521,25
49096246,Rua H (Lot Morada Oliveiras),Jabotiana,521,25
49096255,Avenida H (Lot Morada Mangueiras),Jabotiana,521,25
49096258,Rua J (Lot Morada Mangueiras),Jabotiana,521,25
49096261,Rua L (Lot Morada Mangueiras),Jabotiana,521,25
49096264,Rua M (Lot Morada Mangueiras),Jabotiana,521,25
49096267,Rua N (Lot Morada Mangueiras),Jabotiana,521,25
49096270,Rua A (Jd Coqueiros),Jabotiana,521,25
49096271,Travessa A (Jd Coqueiros),Jabotiana,521,25
49096276,Rua B (Jd Coqueiros),Jabotiana,521,25
49096277,Travessa B (Jd Coqueiros),Jabotiana,521,25
49096279,Rua C (Jd Coqueiros),Jabotiana,521,25
49096282,Rua D (Jd Coqueiros),Jabotiana,521,25
49096285,Rua E (Jd Coqueiros),Jabotiana,521,25
49096288,Rua F (Jd Coqueiros),Jabotiana,521,25
49097000,Avenida São João Batista,Ponto Novo,521,25
49097010,"Rua Acre, de 2730/2731 ao fim",Ponto Novo,521,25
49097020,Rua Alfredo Lucas,Ponto Novo,521,25
49097023,Rua Coronel Andrade,Ponto Novo,521,25
49097030,Rua Álvaro Nascimento,Ponto Novo,521,25
49097040,Travessa Álvaro Sampaio,Ponto Novo,521,25
49097050,Avenida Acrísio Garcez,Ponto Novo,521,25
49097060,Rua Antônio Militão Bragança,Ponto Novo,521,25
49097070,Travessa Armando Sales,Ponto Novo,521,25
49097080,Rua Cândido Batista Itajaí,Ponto Novo,521,25
49097090,Rua Capitão José Machado,Ponto Novo,521,25
49097110,Rua Coronel Américo Batalha,Ponto Novo,521,25
49097120,Rua Coronel Jacinto Ribeiro,Ponto Novo,521,25
49097130,Rua Coronel João Gonçalves,Ponto Novo,521,25
49097140,Rua Coronel José Menezes Filho,Ponto Novo,521,25
49097150,Travessa Coronel Leão Viana,Ponto Novo,521,25
49097160,Rua Coronel Rivaldo Brito,Ponto Novo,521,25
49097170,Rua Deóclides Azevedo,Ponto Novo,521,25
49097180,Rua Desembargador Evangelino José de Faro,Ponto Novo,521,25
49097183,Rua Senador Leandro Maciel,Ponto Novo,521,25
49097186,Travessa Tabelião Euclides,Ponto Novo,521,25
49097190,Rua Desembargador Gervásio Prata,Ponto Novo,521,25
49097200,Rua Dom Pedro I,Ponto Novo,521,25
49097205,Travessa Dom Pedro I,Ponto Novo,521,25
49097210,Rua Dom Pedro II,Ponto Novo,521,25
49097215,Rua Jurandi Gomes de Santana,Ponto Novo,521,25
49097220,Rua Escrivão Antônio Henrique,Ponto Novo,521,25
49097230,Travessa Fernando Madureira,Ponto Novo,521,25
49097240,Rua Fernando Madureira,Ponto Novo,521,25
49097250,Travessa Flora Prado Maia,Ponto Novo,521,25
49097260,Rua Francisco de Araújo Macedo,Ponto Novo,521,25
49097270,"Rua Frei Luiz Canolo de Noronha, lado par",Ponto Novo,521,25
49097273,Rua José Santos da Cruz,Ponto Novo,521,25
49097276,Rua Salvador dos Santos Melo,Ponto Novo,521,25
49097280,Rua General Firmo Freire,Ponto Novo,521,25
49097290,Travessa Geraldo Brito,Ponto Novo,521,25
49097300,Rua Governador Manoel Dantas,Ponto Novo,521,25
49097303,Travessa Manoel Dantas,Ponto Novo,521,25
49097310,Avenida Hipólito da Costa,Ponto Novo,521,25
49097320,Rua João Soares Nascimento,Ponto Novo,521,25
49097330,Rua José Correia Paes,Ponto Novo,521,25
49097340,Rua José Deodato Soares,Ponto Novo,521,25
49097343,Rua Olavo da Cunha Lima,Ponto Novo,521,25
49097350,Travessa José Lemos,Ponto Novo,521,25
49097360,Rua Juca Prado,Ponto Novo,521,25
49097370,Rua Luciano Nascimento,Ponto Novo,521,25
49097380,Rua Luiz Carlos Prestes,Ponto Novo,521,25
49097390,Travessa Manoel Polito,Ponto Novo,521,25
49097400,Rua Manoel Santos Silva,Ponto Novo,521,25
49097410,Travessa Maria Guimarães,Ponto Novo,521,25
49097420,Travessa Mário Cardoso,Ponto Novo,521,25
49097430,Rua Mestre Perciliano Andrade,Ponto Novo,521,25
49097440,Rua Miguel Pereira,Ponto Novo,521,25
49097450,Rua Milton Maynard,Ponto Novo,521,25
49097460,Rua Oscar Nascimento,Ponto Novo,521,25
49097480,Rua Parteira Mãe Quelé,Ponto Novo,521,25
49097490,Travessa Pastor Manoel Messias,Ponto Novo,521,25
49097500,Rua Pedro Soares,Ponto Novo,521,25
49097510,"Avenida Presidente Tancredo Neves, de 3320 a 5280 - lado par",Ponto Novo,521,25
49097530,Travessa Professor Misael Viana,Ponto Novo,521,25
49097540,Travessa Professora Graziela,Ponto Novo,521,25
49097550,Rua Radialista Godofredo Chagas Ramos,Ponto Novo,521,25
49097560,Travessa São João Batista,Ponto Novo,521,25
49097563,Rua Radialista Carlos Rodolfo Rodrigues Gois,Ponto Novo,521,25
49097566,Rua Milton Magalhães,Ponto Novo,521,25
49097570,Rua Simon Bolívar,Ponto Novo,521,25
49097580,Rua Sinésia Barreto Moura,Ponto Novo,521,25
49097600,Travessa Zizinha Guimarães,Ponto Novo,521,25
49097610,Praça Doutor Celso Carvalho,Ponto Novo,521,25
49097620,Praça Dom Mário Villas-Boas,Ponto Novo,521,25
49097630,Praça Santiago Dantas,Ponto Novo,521,25
49097640,Praça Lourival Baptista,Ponto Novo,521,25
49097650,Rua Moizete Leite Mendonça,Ponto Novo,521,25
49097653,Travessa C (Lot 31de Março),Ponto Novo,521,25
49097656,Rua D (Lot 31de Março),Ponto Novo,521,25
49097670,"Avenida Augusto Franco, de 2282 ao fim - lado par",Ponto Novo,521,25
49097680,Rua Alessandro Santos de Santana,Ponto Novo,521,25
49097690,Rua Manoel Romão da Silva,Ponto Novo,521,25
49097700,Rua Promotor Valdir de Freitas Dantas,Ponto Novo,521,25
49097710,Rua Francisco de Assis Delmondes Pereira Freitas,Ponto Novo,521,25
49100000,São Cristóvão,,8509,25
49100970,"AC São Cristóvão, Rua João Bebe Agua 20",Centro,8509,25
49100971,"AC Botto de Barros, Avenida Marginal s/n",Rosa Elze,8509,25
49100972,"AGC Rita Cacete, Avenida Marginal s/n",Centro,8509,25
49120000,Itaporanga D'Ajuda,,4474,25
49120970,"AC Itaporanga D'Ajuda, Rua Emídio Max Neto 60",Centro,4474,25
49120971,"AGC Sapé, Rua Principlal s/n",Centro,4474,25
49120972,"AGC Nova Descoberta, Avenida Principal s/n",Centro,4474,25
49130000,Riachuelo,,7652,25
49130970,"AC Riachuelo, Rua Senador Leite Neto 10",Centro,7652,25
49140000,Barra dos Coqueiros,,959,25
49140970,"AC Barra dos Coqueiros, Avenida Via Oceânica 835",Centro,959,25
49160970,"AC Nossa Senhora do socorro, Praça Getulio Vargas 144",Centro,6075,25
49160971,"AC João Alves Filho, Avenida Coletora A s/n",Taiçoca de Fora,6075,25
49160973,"AGC Piabeta, Avenida Principal 982",Piabeta,6075,25
49160974,"CDD Nossa Senhora do Socorro, Avenida J 473",Taiçoca de Fora,6075,25
49170000,Laranjeiras,,5098,25
49170971,"AGC Pastora, Rua Principal s/n",Centro,5098,25
49170991,"Associação dos Moradores Povoado Pedra Branca, Rua da Igreja, 55",,5098,25
49180000,Santo Amaro das Brotas,,8346,25
49180970,"AC Santo Amaro das Brotas, Praça São José 51",Centro,8346,25
49190000,Pirambu,,7072,25
49190970,"AC Pirambu, Praça dos Esportes s/n",Centro,7072,25
49200000,Estância,,3245,25
49200970,"AC Estância, Rua Capitão Salomão 191",Centro,3245,25
49200971,"AC Cidade Nova, Avenida Jornalista Augusto Gomes 888",Cidade Nova,3245,25
49200972,"ACC I Posto Canário, Avenida João Lima da Silveira 3254",Alagoas,3245,25
49220000,Arauá,,613,25
49220970,"AC Arauá, Praça Doutora do Maria do Carmo N. Alves 174",Centro,613,25
49220971,"ACS Sucupira, Rua Principal s/n",Centro,613,25
49230000,Santa Luzia do Itanhy,,8146,25
49230970,"AC Santa Luzia do Itanhy, Praça Getulio Vargas s/n",Centro,8146,25
49250000,Indiaroba,,4151,25
49250970,"AC Indiaroba, Rua Marcos Ferreira da Costa 442",Centro,4151,25
49260000,Umbaúba,,9961,25
49260970,"AC Umbaúba, Rua Benjamim Constant 178",Centro,9961,25
49270000,Cristinápolis,,2787,25
49270970,"AC Cristinápolis, Rua José da Costa Dórea 16",Centro,2787,25
49280000,Tomar do Geru,,9764,25
49280970,"AC Tomar do Geru, Praça Pedro Silva Costa s/n",Centro,9764,25
49290000,Itabaianinha,,4294,25
49290970,"AC Itabaianinha, Praça João Alves Filho 411",Centro,4294,25
49290971,"ACS Ilha, Praça do Mercado s/n",Centro,4294,25
49300000,Tobias Barreto,,9752,25
49300970,"AC Tobias Barreto, Rua Antônio Mota Amado 444",Centro,9752,25
49300971,"ACC I Tobias Barreto, Avenida Luiz Alves de Oliveira Filho 704",Centro,9752,25
49300972,"AGC Samambaia, Avenida Luiz Alves de Oliveira Filho s/n",Centro,9752,25
49310000,Samambaia (Tobias Barreto),,7980,25
49320000,Riachão do Dantas,,7624,25
49320970,"AC Riachão do Dantas, Rua Leopoldo Braque 6",Centro,7624,25
49320971,"AGC Bonfim, Rua Principal s/n",Centro,7624,25
49320972,"AGC Palmares, Rua Principal s/n",Centro,7624,25
49320973,"AGC Tanque Novo, Rua Jackson de Figueiredo s/n",Centro,7624,25
49325000,Palmares (Riachão do Dantas),,6500,25
49350000,Pedrinhas,,6833,25
49350970,"AC Pedrinhas, Praça São José 166",Centro,6833,25
49360000,Boquim,,1400,25
49360970,"AC Boquim, Rua Terencio Carvalho s/n",Centro,1400,25
49390000,Salgado,,7941,25
49390970,"AC Salgado, Rua Felinto Alves Teixeira 57",Centro,7941,25
49400000,Lagarto,,4938,25
49400970,"AC Lagarto, Rua Doutor Lupicinio Barros 94",Centro,4938,25
49400971,"ACS Açuzinho, Rua Principal s/n",Centro,4938,25
49400972,"ACS Campos do Crioulo, Avenida Principal s/n",Centro,4938,25
49400973,"ACS Colônia Treze, Acesso Principal s/n",Centro,4938,25
49400974,"ACS Jenipapo, Praça Do Mercado s/n",Centro,4938,25
49400975,"ACS Olhos D'Água, Estrada Principal s/n",Centro,4938,25
49400976,"AGC Brejo, Rua Principal s/n",Centro,4938,25
49400977,"AGC Brasília, Rua Principal s/n",Centro,4938,25
49480000,Simão Dias,,9388,25
49480970,"AC Simão Dias, Avenida Coronel Loyola 19",Centro,9388,25
49490000,Poço Verde,,7194,25
49490970,"AC Poço Verde, Travessa da Ana da Fonseca 45",Centro,7194,25
49500000,Itabaiana,,4291,25
49500970,"AC Itabaiana, Avenida Ivo de Carvalho 336",Centro,4291,25
49500971,"ACS Bom Jardim, Rua Principal s/n",Centro,4291,25
49500990,"Associação dos Moradores do Povoado Bom Jardim, Rua Principal, s/n",,4291,25
49512000,Pedra Mole,,6808,25
49512970,"AC Pedra Mole, Rua Capitão José Florencio s/n",Centro,6808,25
49514000,Frei Paulo,,3530,25
49514970,"AC Frei Paulo, Rua Maria de Oliveira Nunes 21",Centro,3530,25
49514971,"AGC Alagadiço, Rua Principal s/n",Centro,3530,25
49517000,Pinhão,,7015,25
49517970,"AC Pinhão, Travessa Municipal s/n",Centro,7015,25
49520000,Campo do Brito,,1835,25
49520970,"AC Campo do Brito, Rua João Pessoa 29",Centro,1835,25
49525000,São Domingos,,8517,25
49525970,"AC São Domingos, Travessa José Amado de Andrade 129",Centro,8517,25
49530000,Ribeirópolis,,7692,25
49530970,"AC Ribeirópolis, Avenida Leandro Maciel 93",Centro,7692,25
49530971,"AGC Serra do Machado, Rua Principal s/n",Centro,7692,25
49535000,São Miguel do Aleixo,,8940,25
49535970,"AC São Miguel do Aleixo, Praça Oliveira Campos s/n",Centro,8940,25
49540000,Nossa Senhora Aparecida,,6045,25
49540970,"AC Nossa Senhora aparecida, Praça Pedro Barbosa s/n",Centro,6045,25
49540971,"ACS Cruz das Graças, Avenida Tiradentes s/n",Centro,6045,25
49550000,Carira,,2133,25
49550970,"AC Carira, Rua Domingos Venâncio Neto 62",Centro,2133,25
49550971,"AGC Altos Verdes, Praça da Matriz s/n",Centro,2133,25
49550972,"AGC Bonfim, Rua Principal s/n",Centro,2133,25
49555000,Altos Verdes (Carira),,304,25
49560000,Moita Bonita,,5744,25
49560970,"AC Moita Bonita, Rua Nossa Senhora das Dores 7",Centro,5744,25
49565000,Macambira,,5255,25
49565970,"AC Macambira, Rua João Aves Filho 1",Centro,5255,25
49570000,Malhador,,5324,25
49570970,"AC Malhador, Rua José Sá Barreto s/n",Centro,5324,25
49580000,Areia Branca,,632,25
49580970,"AC Areia Branca, Largo Manoel do Prado Franco s/n",Centro,632,25
49600000,Nossa Senhora das Dores,,6058,25
49600970,"AC Nossa Senhora das Dores, Rua Benjamin Constant 33",Centro,6058,25
49630000,Siriri,,9404,25
49630970,"AC Siriri, Praça Mário Pinoti 344",Centro,9404,25
49640000,Santa Rosa de Lima,,8285,25
49640970,"AC Santa Rosa de Lima, Rua 1º de Fevereiro 26",Centro,8285,25
49650000,Divina Pastora,,2977,25
49650970,"AC Divina Pastora, Rua Rosário s/n",Centro,2977,25
49660000,Cumbe,,2850,25
49660970,"AC Cumbe, Travessa Manoel Pecilho 47",Centro,2850,25
49670000,Feira Nova,,3359,25
49670970,"AC Feira Nova, Avenida Petronilio Menezes de Cotia 5",Tancredo Neves,3359,25
49680000,Nossa Senhora da Glória,,6053,25
49680970,"AC Nossa Senhora da Glória, Rua Pedro Alves Feitosa 141",Centro,6053,25
49690000,Monte Alegre de Sergipe,,5779,25
49690970,"AC Monte Alegre de Sergipe, Praça Deputado Passos Porto 260",Centro,5779,25
49700000,Capela,,2009,25
49700970,"AC Capela, Praça Manoel Cardoso Souza 25",Centro,2009,25
49700971,"AGC Vila Miranda, Rua Principal s/n",Centro,2009,25
49700972,"AGC Pirunga, Rua Principal s/n",Centro,2009,25
49700973,"AGC Vila Pedras, Rua Principal s/n",Centro,2009,25
49700974,"AGC Povoado Barracas, Rua Principal s/n",Centro,2009,25
49702000,Miranda (Capela),,5691,25
49704000,Pedras (Capela),,6818,25
49710000,Barracas (Capela),,915,25
49740000,Carmópolis,,2158,25
49740970,"AC Carmópolis, Rua Luiz Maciel Barreto 34",Centro,2158,25
49740971,"AGC Aguada, Rua Principal s/n",Centro,2158,25
49750000,General Maynard,,3614,25
49750970,"AC General Maynard, Praça Coronel Ernesto Muniz Barreto 15",Centro,3614,25
49760000,Rosário do Catete,,7892,25
49760970,"AC Rosário do Catete, Rua 12 de Março 356",Centro,7892,25
49770000,Maruim,,5517,25
49780000,Muribeca,,5947,25
49780970,"AC Muribeca, Praça da Bandeira 13",Centro,5947,25
49790000,Aquidabã,,508,25
49790970,"AC Aquidabã, Rua Eduardo Chaves 195",Centro,508,25
49800000,Porto da Folha,,7293,25
49800970,"AC Porto da Folha, Rua Salvador Nogueira 77",Centro,7293,25
49800971,"AGC Lagoa do Rancho, Rua Salvador Nogueira s/n",Centro,7293,25
49800972,"AGC Lagoa da Volta, Rua Salvador Nogueira s/n",Centro,7293,25
49800973,"AGC Ilha do Ouro, Rua Salvador Nogueira s/n",Centro,7293,25
49800974,"AGC Lagoa Redonda, Rua Salvador Nogueira s/n",Centro,7293,25
49810000,Poço Redondo,,7191,25
49810970,"AC Poço Redondo, Rua Lourival Batista s/n",Centro,7191,25
49820000,Canindé de São Francisco,,1952,25
49820970,"AC Canindé de São Francisco, Avenida Ananias Fernandes Santos s/n",Centro,1952,25
49820971,"AGC Capim Grosso, Avenida Ananias Fernandes Santos s/n",Centro,1952,25
49820972,"AGC Curituba, Avenida Ananias Fernandes Santos s/n",Centro,1952,25
49830000,Gararu,,3583,25
49830971,"ACS Lagoa Funda, Rua da Frente 13",Centro,3583,25
49830972,"ACS São Mateus da Palestina, Rua Principal s/n",Centro,3583,25
49835000,Lagoa Funda (Gararu),,5002,25
49840000,São Mateus da Palestina (Gararu),,8925,25
49860970,"AC Graccho Cardoso, Avenida Getulio Vargas 38",Centro,3703,25
49870000,Itabi,,4301,25
49870970,"AC Itabi, Rua Providência 229",Centro,4301,25
49880000,Canhoba,,1949,25
49880970,"AC Canhoba, Rua Quintino Bocaiuva 392",Centro,1949,25
49890000,Nossa Senhora de Lourdes,,6066,25
49890970,"AC Nossa Senhora de Lourdes, Praça Luiz Gonzaga 47",Centro,6066,25
49900000,Propriá,,7446,25
49900970,"AC Propriá, Rua Getulio Vargas 80",Centro,7446,25
49900971,"AGC São Miguel, Rua Principal s/n",Centro,7446,25
49910000,Telha,,9667,25
49910970,"AC Telha, Rua José Pereira da Silva 165",Centro,9667,25
49920000,Amparo de São Francisco,,374,25
49920970,"AC Amparo de São Francisco, Praça da Independência s/n",Centro,374,25
49930000,Cedro de São João,,2303,25
49930970,"AC Cedro de São João, Praça Jonas Trindade 215",Centro,2303,25
49940000,Malhada dos Bois,,5322,25
49940970,"AC Malhada dos Bois, Rua do Comércio 143",Centro,5322,25
49940971,"ACS Cruz das Donzelas, Rua Principal s/n",Centro,5322,25
49945000,São Francisco,,8551,25
49945970,"AC São Francisco, Travessa Nova Brasília s/n",Centro,8551,25
49950000,Japoatã,,4688,25
49950970,"AC Japoatã, Praça Eronildes de Carvalho 32",Centro,4688,25
49960000,Japaratuba,,4682,25
49960970,"AC Japaratuba, Rua Getulio Vargas 114",Centro,4682,25
49960971,"AGC São José da Caatinga, Rua Principal s/n",Centro,4682,25
49970000,Pacatuba,,6432,25
49970970,"AC Pacatuba, Praça 31 de Março 235",Centro,6432,25
49980000,Neópolis,,6015,25
49980970,"AC Neópolis, Praça Luiz Pitombo 48",Centro,6015,25
49985000,Santana do São Francisco,,8225,25
49985970,"AC Santana do São Francisco, Rua Belarmino Gomes 429",Centro,8225,25
49985971,"AGC Saúde, Rua Belarmino Gomes s/n",Centro,8225,25
49985972,"AGC Albano Franco, Rua Belarmino Gomes s/n",Centro,8225,25
49990000,Ilha das Flores,,4091,25
49990970,"AC Ilha das Flores, Avenida Barão Rio Branco 63",Centro,4091,25
49990971,"ACS Serrão, Rua Boa Vista 207",Centro,4091,25
49995000,Brejo Grande,,1481,25
49995970,"AC Brejo Grande, Praça Getulio Vargas s/n",Centro,1481,25
49000296,Rua A (Lot Jatiuca),Zona de Expansão (Aruana),521,25
49000390,Rua Vereador Agnaldo da Rocha Menezes,Zona de Expansão (Aruana),521,25
49001066,Rua H (Lot El Dourado),Zona de Expansão (Aruana),521,25
49003187,Acesso Onze (Bloco 2),17 de Março,521,25
49003190,Acesso Vinte e Nove (Bloco 2),17 de Março,521,25
49004598,Travessa São Pedro,Zona de Expansão (Robalo),521,25
49007193,Rua Muniz,Zona de Expansão (Areia Branca),521,25
49007394,Rua A (Lot Sta Rita),Zona de Expansão (Areia Branca),521,25
49007397,Rua B (Lot Sta Rita),Zona de Expansão (Areia Branca),521,25
49007400,Rua C (Lot Sta Rita),Zona de Expansão (Areia Branca),521,25
49007403,Rua D (Lot Sta Rita),Zona de Expansão (Areia Branca),521,25
49007406,Rua E (Lot Sta Rita),Zona de Expansão (Areia Branca),521,25
49009222,Avenida Maria Anamira Amado Batista Neta,Zona de Expansão (Mosqueiro),521,25
49010230,Rua Apulcro Mota,Centro,521,25
49010290,Rua Santo Amaro,Centro,521,25
49010330,"Rua Arauá, até 501/502",Centro,521,25
49010510,"Praça da Bandeira, até 135 - lado ímpar",Centro,521,25
49010540,Travessa Hélio Ribeiro,Centro,521,25
49020030,Rua Vereador João Calazans,Treze de Julho,521,25
49025335,Praça Luciano Barreto Júnior,Jardins,521,25
49025730,Rua José Olivio do Nascimento,Jardins,521,25
49026225,Rua Monsenhor Olívio Teixeira,Jardins,521,25
49026240,Avenida Antônio Carlos Leite Franco,Jardins,521,25
49027030,Rua Aristotelino Cruz,Grageru,521,25
49027170,Rua José Machado Tojal,Grageru,521,25
49027325,Rua Vera Cristina Barbosa Bezerra,Jardins,521,25
49027418,Rua Maurílio Rodrigues de Figueiredo Neto,Grageru,521,25
49027422,Rua Maria Luiza Pereira Santos,Grageru,521,25
49030380,Rua Hélio Fontes de Araújo Góes,Farolândia,521,25
49030516,Rua Dez (Cj Augusto Franco),Farolândia,521,25
49030660,Rua Professora Ivany da Glória Freire,Farolândia,521,25
49030663,Rua N3 (Cj Augusto Franco),Farolândia,521,25
49030780,Rua Deputado Durval Militão de Araújo,Farolândia,521,25
49032313,Travessa D (Jd Mar Azul),Farolândia,521,25
49032320,Rua Paris,Farolândia,521,25
49032486,Rua E (Lot Sr do Bonfim),Farolândia,521,25
49035240,Rua Doutor Bezerra de Menezes,Coroa do Meio,521,25
49035513,Rua Quatro (Cj Marcelo Deda),Coroa do Meio,521,25
49035800,Rua Francisco Soares Nascimento,Coroa do Meio,521,25
49036173,Travessa Projetada 01,Atalaia,521,25
49037106,Rua B (Lg S Conrado),Aeroporto,521,25
49037420,Avenida Lions Club,Atalaia,521,25
49037430,Rua Luiz Chagas,Atalaia,521,25
49037653,Travessa Rosina Matos,Aeroporto,521,25
49037760,Travessa do Farol,Aeroporto,521,25
49040040,Rua Alexandre Gusmão,Inácio Barbosa,521,25
49040360,Rua Mário de Andrade,Inácio Barbosa,521,25
49040450,Rua das Papoulas,Inácio Barbosa,521,25
49040840,Rua Olímpio de Souza Campos Júnior,Inácio Barbosa,521,25
49041016,Travessa Pantanal,Inácio Barbosa,521,25
49042066,Travessa JN 1,São Conrado,521,25
49042120,Rua Doutor Renato Mazzi Lucas,São Conrado,521,25
49042370,Rua Valdice Braz de Jesus,São Conrado,521,25
49042590,Rua Francisco Rollemberg Ramos,São Conrado,521,25
49043329,Travessa R,São Conrado,521,25
49043519,Rua A4 (Res Sta Maria),Santa Maria,521,25
49043658,Avenida Vinte e Cinco (Lot Jd Recreio),Santa Maria,521,25
49043681,Rua D (Lot Jd Recreio),Santa Maria,521,25
49043690,Rua Maria Rita de Cácia (Lot Jd Recreio),Santa Maria,521,25
49044268,Rua B3 (Cj A C Valadares),Santa Maria,521,25
49044269,Travessa Contorno (Cj A C Valadares),Santa Maria,521,25
49044350,Avenida A200 (Lot P do Sul),Santa Maria,521,25
49044532,Rua A (Rec Cajueiros),Santa Maria,521,25
49044566,Rua C (Lot Prainha),Santa Maria,521,25
49045413,Rua Vereador João Alves da Silva,Luzia,521,25
49045426,Rua Luís Ricardo Soares Freire,Luzia,521,25
49047440,Rua Abgail Ferreira Araújo Ramos,Ponto Novo,521,25
49047459,Rua Domingos Rodrigues,Ponto Novo,521,25
49048210,Rua José Mendonça,Luzia,521,25
49048230,Rua Manoel Maurício Cardoso,Luzia,521,25
49050090,"Avenida Augusto Franco, de 1949 a 2683 - lado ímpar",Pereira Lobo,521,25
49050220,"Rua Dom Bosco, de 932/933 ao fim",Suíssa,521,25
49050240,"Avenida Doutor Edésio Vieira de Melo, de 238 a 1356 - lado par",Suíssa,521,25
49052100,Rua Edgar Barroso,Pereira Lobo,521,25
49055470,Rua Natanael Santos Seabra,Cirurgia,521,25
49055600,"Rua de Riachão, até 928/929",Getúlio Vargas,521,25
49055840,Travessa Propriá,Getúlio Vargas,521,25
49060250,Rua Expedicionário Pedro Hilário,Santo Antônio,521,25
49061020,"Avenida Engenheiro Gentil Tavares, até 99998/99999",Santo Antônio,521,25
49061049,Rua D (Lot S Sebastião),Santo Antônio,521,25
49061109,Rua B (Lot Sto Antônio),Santo Antônio,521,25
49061118,Rua Onze (Jd Petrópolis),Santo Antônio,521,25
49061121,Rua Nove (Jd Petrópolis),Santo Antônio,521,25
49061124,Rua A (Jd Petrópolis),Santo Antônio,521,25
49063149,Travessa Nossa Senhora da Conceição,Japãozinho,521,25
49065110,Rua Aracajuzinho,Industrial,521,25
49065290,Rua Dom Quirino,Industrial,521,25
49065350,Rua Epaminondas Sant'Ana,Industrial,521,25
49065396,Rua São Marcos,Industrial,521,25
49065520,Travessa Macedo,Industrial,521,25
49065600,Rua Nazi Bezerra,Industrial,521,25
49065660,Rua Sabino Ribeiro,Industrial,521,25
49067043,Rua P,Porto D'Antas,521,25
49067214,Rua M (Lot At da Jaqueira),Porto D'Antas,521,25
49069149,Rua Trinta,Porto D'Antas,521,25
49069219,Rua A (Cj Cleonaldo S Araújo),Porto D'Antas,521,25
49069222,Rua D (Cj Cleonaldo S Araújo),Porto D'Antas,521,25
49069225,Rua E (Cj Cleonaldo S Araújo),Porto D'Antas,521,25
49069228,Rua F (Cj Cleonaldo S Araújo),Porto D'Antas,521,25
49069231,Rua G (Cj Cleonaldo S Araújo),Porto D'Antas,521,25
49069234,Rua B (Cj Cleonaldo S Araújo),Porto D'Antas,521,25
49069237,Rua M (Cj Cleonaldo S Araújo),Porto D'Antas,521,25
49069240,Rua L (Cj Cleonaldo S Araújo),Porto D'Antas,521,25
49069243,Rua K (Cj Cleonaldo S Araújo),Porto D'Antas,521,25
49069246,Rua J (Cj Cleonaldo S Araújo),Porto D'Antas,521,25
49069249,Rua I (Cj Cleonaldo S Araújo),Porto D'Antas,521,25
49069252,Rua H (Cj Cleonaldo S Araújo),Porto D'Antas,521,25
49069255,Rua C (Cj Cleonaldo S Araújo),Porto D'Antas,521,25
49070325,Rua Sete de Setembro,Cidade Nova,521,25
49070673,Travessa A (Lot Pau Ferro),Cidade Nova,521,25
49070706,Rua D (Lot Pau Ferro II),Cidade Nova,521,25
49070790,Rua D2 (Lot Maracaju II),Cidade Nova,521,25
49070826,Rua B (Lot At Bela Vista),Cidade Nova,521,25
49071030,Rua C (At da TV),Cidade Nova,521,25
49072380,Rua João Benevides Marques,Dezoito do Forte,521,25
49072400,Avenida Bela Vista,Dezoito do Forte,521,25
49072639,Rua A (Lot JK),Dezoito do Forte,521,25
49072770,Rua Xavier Brito,Dezoito do Forte,521,25
49080100,Vila Brasil,América,521,25
49080300,Rua Haiti,América,521,25
49080488,Travessa B (Lot José Olino),América,521,25
49080623,Rua B (Cj Mª do Carmo),América,521,25
49080644,Rua I (Cj Mª do Carmo),América,521,25
49082540,Rua Soldado José Luiz,Novo Paraíso,521,25
49082630,Rua Professora Maria Santana de Jesus,Novo Paraíso,521,25
49085560,Rua Gilberto Carnaúba,José Conrado de Araújo,521,25
49087110,Rua Dezesseis de Novembro,Santos Dumont,521,25
49087132,Rua Quatro (Cj Cmte Miranda),Santos Dumont,521,25
49087140,Rua Dom Pedro II,Santos Dumont,521,25
49087250,Rua Herildo Brito,Santos Dumont,521,25
49087380,Rua Luiz Gonzaga,Santos Dumont,521,25
49087556,Rua G (Cj do Ipes),Santos Dumont,521,25
49088053,Rua Hildete Santos Freitas,Lamarão,521,25
49088060,Rua Cinco,Lamarão,521,25
49088255,Rua C (Pousada Verde),Lamarão,521,25
49088263,Rua José Pereira Costa,Lamarão,521,25
49088393,Rua G (Lot Sit Mte Alto),Lamarão,521,25
49089095,Rua do Toque,Soledade,521,25
49089106,Rua C (Inv Sta Catarina),Soledade,521,25
49089115,Travessa E (Inv Sta Catarina),Soledade,521,25
49089120,Rua M (Lot Guarujá),Soledade,521,25
49089123,Rua N (Lot Guarujá),Soledade,521,25
49089126,Rua O (Lot Guarujá),Soledade,521,25
49089206,Rua I (Lot Rec Rio Palame),Soledade,521,25
49089211,Rua H (Lot Rec Rio Palame),Soledade,521,25
49089214,Rua J (Lot Rec Rio Palame),Soledade,521,25
49089217,Rua B (Lot Rec Rio Palame),Soledade,521,25
49089243,Rua B (Jd Bahia),Soledade,521,25
49089273,Rua B (Jd Bahia II),Soledade,521,25
49089395,Rua D (Lot Rosa do Sol),Soledade,521,25
49090119,Rua Cinco (Lot Nova Liberdade II),Jardim Centenário,521,25
49090200,Praça Minervino Correia Silva,Bugio,521,25
49090407,Rua E (Lot Joel Nascimento),Bugio,521,25
49090670,Rua E3,Bugio,521,25
49090770,Rua Carlos Henrique de Oliveira Porto,Bugio,521,25
49091100,Rua Anchieta,Bugio,521,25
49092340,Rua Manuel Muniz,Olaria,521,25
49092400,Rua Maria da Glória Andrade,Olaria,521,25
49092621,Rua Nove (Cj Mª do Carmo II),Olaria,521,25
49095188,Rua Um (Reserva das Flores),Jabotiana,521,25
49095470,Rua Hildete Falcão Baptista,Jabotiana,521,25
49096252,Rua I (Lot Morada Oliveiras),Jabotiana,521,25
49096273,Rua Agapito Silva,Jabotiana,521,25
49096295,Estrada do Aloc,Jabotiana,521,25
49096300,Rua Principal (Aloc),Jabotiana,521,25
49097590,Travessa Teófilo Barreto,Ponto Novo,521,25
49097660,Travessa Alberto Azevedo,Ponto Novo,521,25
49160000,Nossa Senhora do Socorro,,6075,25
49170970,"AC Laranjeiras, Praça Marcolino Ezequiel 159",Centro,5098,25
49860000,Graccho Cardoso,,3703,25
49004027,Rua B1 (Lot Jd Paraiso),Zona de Expansão (Robalo),521,25
49004030,Rua B2 (Lot Jd Paraiso),Zona de Expansão (Robalo),521,25
49004057,Avenida Um (Rec Chacáras),Zona de Expansão (Robalo),521,25
49004060,Rua José Faustino,Zona de Expansão (Robalo),521,25
49004279,Travessa do Hilário,Zona de Expansão (Robalo),521,25
49005047,Rua Oito (Lot Morada do Mar),Zona de Expansão (Robalo),521,25
49007119,Rua Vinte e Sete,Zona de Expansão (Areia Branca),521,25
49007125,Rua Vinte e Nove A,Zona de Expansão (Areia Branca),521,25
49007128,Rua Vinte e Nove B,Zona de Expansão (Areia Branca),521,25
49007158,Travessa Vinte e Nove C,Zona de Expansão (Areia Branca),521,25
49007161,Travessa Vinte e Nove D,Zona de Expansão (Areia Branca),521,25
49007164,Travessa Vinte e Nove E,Zona de Expansão (Areia Branca),521,25
49007316,Travessa Isaura,Zona de Expansão (Areia Branca),521,25
49007322,Rua Cantinho da Vovó,Zona de Expansão (Areia Branca),521,25
49007325,Rua Vinte e Oito,Zona de Expansão (Areia Branca),521,25
49008268,Rua G (Lot RGA),Zona de Expansão (Mosqueiro),521,25
49008271,Rua E (Lot RGA),Zona de Expansão (Mosqueiro),521,25
49008274,Rua D (Lot RGA),Zona de Expansão (Mosqueiro),521,25
49008772,Travessa Manoel Evangelista da Cruz,Zona de Expansão (Mosqueiro),521,25
49010035,Largo Jackson de Figueiredo,Centro,521,25
49020090,Rua Doutor Celso Oliva,Treze de Julho,521,25
49020635,"Rua Guilhermino Rezende, lado ímpar",Treze de Julho,521,25
49030358,Avenida Marginal II (Cond BemViver),Farolândia,521,25
49030513,Rua H4 (Cj Augusto Franco),Farolândia,521,25
49037770,Alameda dos Abaís,Aeroporto,521,25
49038093,Rua B (Jd Costa do Sol),Atalaia,521,25
49040690,Avenida Presidente João Goulart,Inácio Barbosa,521,25
49043850,Rua João Gerônimo Crispim,Santa Maria,521,25
49045703,Rua Maria Carmelita Santos de Andrade,Luzia,521,25
49052333,Praça Desembargador Luiz Magalhães,Pereira Lobo,521,25
49060610,"Rua Manoel Preto, lado par",Santo Antônio,521,25
49060613,"Rua Manoel Preto, lado ímpar",Santo Antônio,521,25
49061115,Rua Dez (Jd Petrópolis),Santo Antônio,521,25
49061127,Rua Dezoito (Jd Petrópolis),Santo Antônio,521,25
49067250,Rua I (Lot Rec da Jaqueira),Porto D'Antas,521,25
49080170,Travessa Cruz Vermelha,América,521,25
49081015,Avenida Doutor Carlos Rodrigues da Cruz,Capucho,521,25
49088440,Rua Dezesseis (Cj Res Vitória Resistência),Lamarão,521,25
49088443,Rua Quinze (Cj Res Vitória Resistência),Lamarão,521,25
49088446,Rua Quatorze (Cj Res Vitória Resistência),Lamarão,521,25
49088449,Rua Treze (Cj Res Vitória Resistência),Lamarão,521,25
49088452,Rua Doze (Cj Res Vitória Resistência),Lamarão,521,25
49088455,Rua Onze (Cj Res Vitória Resistência),Lamarão,521,25
49088458,Rua Dez (Cj Res Vitória Resistência),Lamarão,521,25
49088461,Rua Nove (Cj Res Vitória Resistência),Lamarão,521,25
49088467,Rua Um (Cj Res Vitória Resistência),Lamarão,521,25
49088470,Rua Dois (Cj Res Vitória Resistência),Lamarão,521,25
49088473,Rua Três (Cj Res Vitória Resistência),Lamarão,521,25
49088476,Rua Quatro (Cj Res Vitória Resistência),Lamarão,521,25
49088479,Rua Cinco (Cj Res Vitória Resistência),Lamarão,521,25
49088482,Rua Seis (Cj Res Vitória Resistência),Lamarão,521,25
49088485,Rua Sete (Cj Res Vitória Resistência),Lamarão,521,25
49088488,Rua Oito (Cj Res Vitória Resistência),Lamarão,521,25
49089209,Rua L (Lot Rec Rio Palame),Soledade,521,25
49089423,Rua B (Lot Isabel Martins),Soledade,521,25
49092125,Avenida Santa Gleide,Olaria,521,25
49095803,Rua Cinco (Cond Vivendas/Encantos do Bosque),Jabotiana,521,25
49095806,Rua Três (Cond Life/Arbos),Jabotiana,521,25
49095809,Rua Projetada 2 (Cond's Provillége/Prestige Residenc,Jabotiana,521,25
49095812,Rua do Horto (Cond Vila Verde),Jabotiana,521,25
49095815,Rua C (Cond. Res. Bossa Nova),Jabotiana,521,25
49096291,Rua Existente (Lot Jard dos Coqueiros),Jabotiana,521,25
49096310,Rua Projetada (Cond Reserva Sta Lúcia),Jabotiana,521,25
49160972,"CLI Aracaju, Rodovia BR-101 Km 90",Palestina,6075,25
49400990,"Associação dos Moradores do Povoado Alto da Boa Vista, Rua Principal, s/n",,4938,25
49500972,"CDD Itabaiana, Rua Francisco Santos 274",Centro,4291,25
49770970,"AC Maruim, Rua Barão do Rio Branco 8",Centro,5517,25
